

================================================================================
2026-05-17 12:04:28,165 - INFO
================================================================================
Logging started. Log file: /home/mingqiam/TissueAgent/data/cellvoyager_agent/run_20260517_160422/logs/logs/farah_anon_recovery_log_20260517_120428.log


================================================================================
2026-05-17 12:04:38,200 - INFO
================================================================================
RESPONSE/OUTPUT: initial_analysis_1_1

Hypothesis: Within each anonymized cardiac cell population, spatial proximity between cells is associated with more similar transcriptional states, and this spatial–transcriptional coupling strength differs systematically across populations and samples, reflecting distinct modes of tissue organization in the developing human heart.

Analysis Plan:
1. Inspect available metadata (especially Populations, Sample_ID, Batch, Purity, UMI Count) and confirm that a low-dimensional embedding (e.g., X_umap) and clustering (leiden) already exist; summarize per-population cell counts and basic QC metrics to identify well-represented populations for analysis.
2. For each well-represented population within each sample, quantify spatial–transcriptional coupling by computing, per cell, (a) the mean transcriptional distance to its k nearest spatial neighbors versus (b) to k random same-population cells, and summarize these per-population as coupling scores.
3. Statistically test, within each population and sample, whether spatial neighbors are significantly more transcriptionally similar than random neighbors (e.g., paired Wilcoxon signed-rank test on per-cell neighbor vs. random distances), and tabulate effect sizes and p-values across populations.
4. Compare spatial–transcriptional coupling strength between populations and across samples by building a summary table of effect sizes (e.g., median distance difference or standardized effect) and testing for differences between populations (e.g., Kruskal–Wallis across populations, followed by pairwise tests where relevant).
5. Relate spatial–transcriptional coupling to population-level attributes by correlating each population’s coupling strength with its median Purity and median UMI Count, assessing significance (Spearman correlation) to see whether more homogeneous or higher-quality populations show stronger spatial organization.
6. Within a subset of key populations that show strong or weak coupling, identify genes whose expression is most associated with local spatial neighborhoods by computing, for each gene, the correlation between a cell’s expression and the mean expression of its spatial neighbors, ranking genes per population and reporting top genes with strongest positive and negative spatial autocorrelation-like behavior.

Initial Code:
import numpy as np
import pandas as pd
import scanpy as sc

# Step 1: Inspect metadata and summarize per-population statistics

# Basic AnnData overview (printed as text only)
print("AnnData object shape:", adata.shape)
print("obs columns:", list(adata.obs.columns))
print("obsm keys:", list(adata.obsm.keys()))
print("uns keys:", list(adata.uns.keys()))

# Confirm key metadata fields exist
required_obs_cols = ["Populations", "Sample_ID", "Batch", "UMI Count", "Purity"]
for col in required_obs_cols:
    print(f"Column '{col}' present in adata.obs:", col in adata.obs.columns)

# Check that an embedding and clustering are available
print("Has X_umap in obsm:", "X_umap" in adata.obsm.keys())
print("Has spatial in obsm:", "spatial" in adata.obsm.keys())
print("Has leiden clustering in obs:", "leiden" in adata.obs.columns)

# Per-population cell counts overall and by sample
pop_counts = adata.obs["Populations"].value_counts().sort_values(ascending=False)
print("\nPer-population cell counts (all samples):")
print(pop_counts)

pop_sample_counts = adata.obs.groupby(["Populations", "Sample_ID"]).size().unstack(fill_value=0)
print("\nPer-population-by-sample cell counts:")
print(pop_sample_counts.head(30))

# Per-population QC summaries for UMI Count and Purity
qc_summary = adata.obs.groupby("Populations").agg({
    "UMI Count": ["median", "mean", "std", "min", "max"],
    "Purity": ["median", "mean", "std", "min", "max"],
    "Sample_ID": "nunique"
})
print("\nPer-population QC summary (UMI Count, Purity, #samples):")
print(qc_summary)

# Identify populations with sufficient cells per sample for downstream analyses
min_cells_per_sample = 200  # heuristic threshold; can be adjusted
sufficient_pops = []
for pop, row in pop_sample_counts.iterrows():
    max_cells = row.max()
    if max_cells >= min_cells_per_sample:
        sufficient_pops.append(pop)

print(f"\nPopulations with at least {min_cells_per_sample} cells in at least one sample:")
print(sufficient_pops)



================================================================================
2026-05-17 12:05:08,465 - INFO
================================================================================
RESPONSE/OUTPUT: self_critique_1_1

APPLIED INITIAL SELF-CRITIQUE - Analysis 1


================================================================================
2026-05-17 12:05:08,466 - INFO
================================================================================
RESPONSE/OUTPUT: revised_analysis_1_1

Revised Hypothesis: Within each anonymized cardiac cell population, spatial proximity between cells is associated with more similar transcriptional states, and this spatial–transcriptional coupling strength differs systematically across populations and samples, reflecting distinct modes of tissue organization in the developing human heart.

Revised Analysis Plan:
1. Inspect and summarize available metadata and QC metrics, and formally define and store lists of well-represented populations per sample (and across samples) that will be used in all downstream, within-(Population, Sample_ID) spatial–transcriptional coupling analyses.
2. For each well-represented (Population, Sample_ID) subset, compute per-cell spatial–transcriptional coupling scores by comparing transcriptional distances to k nearest spatial neighbors versus k random same-subset cells, and aggregate these to per-(Population, Sample_ID) coupling metrics.
3. Within each well-represented (Population, Sample_ID), statistically test whether spatial neighbors are significantly more transcriptionally similar than random neighbors using paired tests on per-cell distance pairs, and summarize effect sizes, p-values, and usable cell counts.
4. Compare spatial–transcriptional coupling strength across populations and samples using a compact summary table of per-(Population, Sample_ID) coupling metrics, and test for differences between populations with non-parametric tests while accounting for sample structure where possible.
5. Relate spatial–transcriptional coupling metrics to population- and sample-level QC attributes (e.g., median Purity and UMI Count per (Population, Sample_ID)) using Spearman correlations, to assess whether higher-quality or more homogeneous groups show stronger spatial organization.
6. In a selected subset of populations with particularly strong or weak coupling, identify genes whose expression is most associated with local spatial neighborhoods by correlating per-cell expression with neighbor-mean expression within (Population, Sample_ID), reporting ranked gene lists per population.

Revised Code:
import numpy as np
import pandas as pd
import scanpy as sc

# Step 1: Inspect metadata, summarize per-population statistics, and define well-represented populations

# Basic AnnData overview (printed as text only)
print("AnnData object shape:", adata.shape)
print("obs columns:", list(adata.obs.columns))
print("obsm keys:", list(adata.obsm.keys()))
print("uns keys:", list(adata.uns.keys()))

# Confirm key metadata fields exist
required_obs_cols = ["Populations", "Sample_ID", "Batch", "UMI Count", "Purity"]
missing_cols = [col for col in required_obs_cols if col not in adata.obs.columns]
if missing_cols:
    print("Missing required obs columns; downstream steps may fail:", missing_cols)
else:
    print("All required obs columns are present.")

# Check that an embedding and clustering are available
print("Has X_umap in obsm:", "X_umap" in adata.obsm.keys())
print("Has spatial in obsm:", "spatial" in adata.obsm.keys())
print("Has leiden clustering in obs:", "leiden" in adata.obs.columns)

# Per-population cell counts overall and by sample
pop_counts = adata.obs["Populations"].value_counts().sort_values(ascending=False)
print("\nPer-population cell counts (all samples):")
print(pop_counts)

pop_sample_counts = adata.obs.groupby(["Populations", "Sample_ID"]).size().unstack(fill_value=0)
print("\nPer-population-by-sample cell counts (first 30 rows):")
print(pop_sample_counts.head(30))

# Per-population QC summaries for UMI Count and Purity (across all samples)
qc_summary_pop = adata.obs.groupby("Populations").agg({
    "UMI Count": ["median", "mean", "std", "min", "max"],
    "Purity": ["median", "mean", "std", "min", "max"],
    "Sample_ID": "nunique"
})
print("\nPer-population QC summary (UMI Count, Purity, #samples):")
print(qc_summary_pop)

# Optional: per-population-per-sample QC summaries (useful for later QC–coupling analyses)
qc_summary_pop_sample = adata.obs.groupby(["Populations", "Sample_ID"]).agg({
    "UMI Count": ["median", "mean"],
    "Purity": ["median", "mean"],
    "Complexity": ["median", "mean"] if "Complexity" in adata.obs.columns else "median"
})
print("\nPer-population-per-sample QC summary (showing first 30 rows):")
print(qc_summary_pop_sample.head(30))

# Identify populations with sufficient cells per sample for downstream analyses
min_cells_per_sample = 200  # heuristic threshold; can be adjusted
min_samples_with_sufficient_cells = 2  # require at least this many samples meeting the threshold

sufficient_pops_any = []  # populations with >= threshold cells in at least one sample
sufficient_pops_multi = []  # populations with >= threshold cells in at least min_samples_with_sufficient_cells samples
sufficient_pops_per_sample = {}  # dict: (pop) -> list of samples with sufficient cells

for pop, row in pop_sample_counts.iterrows():
    sufficient_samples = list(row[row >= min_cells_per_sample].index)
    if len(sufficient_samples) > 0:
        sufficient_pops_any.append(pop)
        sufficient_pops_per_sample[pop] = sufficient_samples
    if len(sufficient_samples) >= min_samples_with_sufficient_cells:
        sufficient_pops_multi.append(pop)

print(f"\nPopulations with at least {min_cells_per_sample} cells in at least one sample:")
print(sufficient_pops_any)
print(f"\nPopulations with at least {min_cells_per_sample} cells in at least {min_samples_with_sufficient_cells} samples:")
print(sufficient_pops_multi)
print("\nPer-population list of samples with sufficient cells (threshold per sample):")
for pop, samples in sufficient_pops_per_sample.items():
    print(pop, ":", samples)

# Persist selection in adata.uns for downstream steps
if "analysis_metadata" not in adata.uns:
    adata.uns["analysis_metadata"] = {}

adata.uns["analysis_metadata"]["pop_sample_counts"] = pop_sample_counts
adata.uns["analysis_metadata"]["qc_summary_pop"] = qc_summary_pop
adata.uns["analysis_metadata"]["qc_summary_pop_sample"] = qc_summary_pop_sample
adata.uns["analysis_metadata"]["sufficient_pops_any"] = sufficient_pops_any
adata.uns["analysis_metadata"]["sufficient_pops_multi"] = sufficient_pops_multi
adata.uns["analysis_metadata"]["sufficient_pops_per_sample"] = sufficient_pops_per_sample

print("\nStored population and QC summaries, as well as sufficient population lists, in adata.uns['analysis_metadata'].")


================================================================================
2026-05-17 12:05:11,714 - INFO
================================================================================
RESPONSE/OUTPUT: step_execution_success_1_1

STEP 1 RAN SUCCESSFULLY - Analysis 1


================================================================================
2026-05-17 12:05:30,687 - INFO
================================================================================
RESPONSE/OUTPUT: results_interpretation_1_1

You’re in a very good position to probe the hypothesis with the current metadata/QC state:

1. **Power and design look strong for within-(Population, Sample_ID) tests.**  
   - Every population (PA–PZ) has ≥1,000 cells total, and most are several thousand.  
   - All but PV/PW are present with ≥200 cells in **all three** samples; even PV/PW/PX have ≥200 cells in ≥2 samples.  
   - This means you can:
     - Compute robust per-cell coupling metrics in essentially all populations.
     - Compare coupling across samples **within a population** (e.g., PA in R77_4C4 vs R78_4C12 vs R78_4C15).
     - Compare coupling across populations while partially accounting for sample effects (paired designs across the three samples).

   This directly supports the hypothesis that coupling strength differs systematically across populations/samples: your design allows many “triplicate” comparisons.

2. **QC structure is rich enough to test QC–coupling relationships later.**  
   - You have per-(Population, Sample_ID) summaries for:
     - UMI Count (median/mean)  
     - Purity (median/mean)  
     - Complexity (median/mean)  
   - There is substantial variation across populations in UMI median (e.g., ~150 in PG vs ~580 in PB vs ~545 in PL) and Purity (e.g., ~0.39 in PJ vs ~0.72 in PB; PS, PG, PR also relatively high).  
   - This heterogeneity is exactly what you need for step 5: checking if coupling is stronger in high-purity / high-depth / more complex groups.

3. **Some populations are especially promising to watch as “anchors” or contrasts.**  
   Based purely on QC patterns (not biology), these are likely to behave differently in spatial–transcriptional coupling:

   - **High-purity, moderate-to-high UMI groups (expect potentially strong coupling):**  
     - PB, PI, PS, PG, PR stand out for higher Purity means or medians, with reasonable UMI depth.  
     - PB: high UMI and high Purity across all three samples – good candidate for a “high-quality, possibly highly structured” population.  
     - PS/PG/PR: also higher Purity; if their spatial neighborhoods are well defined, they might show strong within-population spatial structure.

   - **Lower-purity or lower-depth groups (possible weak or noisy coupling):**  
     - PJ, PL, PK, PY have lower Purity medians/means; PG and PR are counterexamples (higher Purity with relatively low UMI), giving you variation in both directions.  
     - PG and PR have relatively low UMI medians but high Purity: they will be useful for disentangling the effects of UMI depth vs purity on coupling.

   - **Populations with very high counts across samples (high power):**  
     - PA–PE are all ~16k–30k cells each, present in all samples, so they’ll give very tight estimates of coupling.  
     - They also show clear shifts in median UMI between samples (e.g., in PA and many others, UMI medians increase from R77_4C4 → R78_4C12 → R78_4C15), giving leverage to see if sample-level technical conditions modulate coupling.

4. **Between-sample QC trends can inform later modeling.**  
   - Many populations show consistent **within-population shifts across samples**:
     - Example: PA median UMI: 334 (R77_4C4) → 404 (R78_4C12) → 499 (R78_4C15).  
     - Similar monotonic increases appear in PB, PC, PD, PE, etc.  
   - Purity and Complexity also vary by sample in a population-specific way.  
   - For later steps:
     - When comparing coupling across populations, it will be important to compare **within sample** (e.g., PB vs PG within R77_4C4) rather than only aggregating across samples, or to include Sample_ID as a blocking factor/random effect in non-parametric tests.
     - For step 5, you can compute coupling per (Population, Sample_ID) and correlate with sample-specific QC medians rather than global-population values, to reduce confounding.

5. **Code and data structures are well set up for the next analytical steps.**  
   - You’ve persisted:
     - `pop_sample_counts`  
     - `qc_summary_pop`  
     - `qc_summary_pop_sample`  
     - `sufficient_pops_*` lists  
   - This enables:  
     - Iteration over `sufficient_pops_per_sample[pop]` when computing per-(pop, sample) spatial–transcriptional coupling (step 2).  
     - Easy downstream joins between coupling metrics and QC summaries (`qc_summary_pop_sample`) in step 5.  
   - One technical suggestion for future code: ensure that any distance computations use a consistent expression space (e.g., log-normalized counts, maybe PCA on the 238 genes) and that you never pool across samples when defining neighbors; all steps should stay within (Population, Sample_ID) as planned.

6. **Concrete suggestions for the immediate next steps (2–3) given these results:**

   a. **Per-cell coupling computation (step 2):**
   - For each `pop` in `sufficient_pops_any` and each `sample` in `sufficient_pops_per_sample[pop]`:
     - Subset `adata_sub = adata[(adata.obs["Populations"]==pop) & (adata.obs["Sample_ID"]==sample)]`.
     - Build a spatial kNN graph on `adata_sub.obsm["spatial"]`. For robustness start with k ~ 5–10; you can later vary k and see if results are stable.
     - Define transcriptomic distance in a reduced space:
       - Normalize/log1p if not already, run PCA on the 238-gene expression, and use Euclidean or cosine distances on PCs.
     - For each cell:
       - Compute mean transcriptomic distance to its k spatial nearest neighbors.
       - Draw multiple sets of k **random same-(pop,sample)** cells (without spatial constraints) to estimate a null distribution of mean transcriptomic distance; store the per-cell observed-minus-expected or Z-score as your coupling score.
   - Aggregate:
     - Per-(pop, sample) mean, median, and distribution summaries of per-cell coupling scores.

   b. **Per-(pop, sample) statistical tests (step 3):**
   - Within each (pop, sample), perform a paired test:
     - For each cell, have: `d_spatial` vs `d_random_mean` (or set of random distances).  
     - Use Wilcoxon signed-rank test (non-parametric) on `d_spatial - d_random_mean`.
   - Output for each (pop, sample):
     - Effect size: e.g., median difference or Cohen’s d (or standardized Z from per-cell scores).  
     - P-value (with multiple-testing correction across all (pop, sample) combinations).  
     - Number of cells used.

   This will directly tell you, for each population and sample, whether spatial neighbors are significantly more transcriptionally similar than random neighbors, and how strong that effect is.

7. **How these results bear on the hypothesis so far:**
   - You’ve confirmed:
     - Spatial coordinates and clustering annotations exist.  
     - You have high cell counts across many anonymized populations and samples, and rich QC metrics.  
   - This supports the **feasibility** of the hypothesis test; you have enough within-(pop, sample) power to detect spatial–transcriptional coupling if it exists.
   - Actual **validation or refutation** of the hypothesis now hinges on:
     - Whether coupling metrics are consistently positive and significant in most populations, and  
     - Whether their magnitudes differ across populations/samples in systematic ways that correlate with QC and potentially with inferred biological identity later.

8. **Forward-looking ideas to make the analysis distinct and informative:**
   - Once you have coupling metrics:
     - Compare not just mean/median coupling but also the **heterogeneity** (variance) of coupling within a population: some populations may have highly structured “cores” and more random peripheries.  
     - Explore whether populations with **steeper UMI or Purity gradients across samples** also show larger shifts in coupling, which could hint at changes in tissue organization or technical confounding.  
     - Identify “outlier” populations where coupling is strong in one sample but weak in another; these will be candidates for deeper spatial pattern exploration and for the gene–neighborhood association analysis in step 6.

In summary, the current step confirms that the dataset and QC structure are well suited to test spatial–transcriptional coupling within and across anonymized populations and samples. The next priority is to implement the per-cell and per-(pop, sample) coupling metrics and tests, paying close attention to within-sample analyses and to the QC covariates you have already summarized.


================================================================================
2026-05-17 12:05:59,182 - INFO
================================================================================
RESPONSE/OUTPUT: initial_analysis_1_1

NEXT STEP PLAN - Analysis 1, Step 2: For each well-represented (Populations, Sample_ID) combination identified in the previous step, compute per-cell spatial–transcriptional coupling scores by comparing each cell’s transcriptomic distance to its k nearest spatial neighbors with distances to matched-size sets of random same-(Populations, Sample_ID) cells, operating entirely within each subset in a PCA space built on the 238-gene panel.

Code:
```python
import numpy as np
import pandas as pd
from scipy.spatial import cKDTree
from scipy.spatial.distance import cdist
from scipy import stats
import scanpy as sc

# -----------------------------
# Configuration
# -----------------------------

k_spatial = 8  # number of spatial nearest neighbors per cell
n_random_sets = 20  # how many random k-neighbor sets per cell to approximate null
min_cells_subset = 50  # safety threshold; skip very small (pop, sample) subsets
use_rep = None  # if None, build PCA on the fly for each subset from adata.X

# -----------------------------
# Helper functions
# -----------------------------

def _get_expression_matrix(adata_subset):
    """Return a 2D numpy array of expression values for the subset.

    Uses .X (dense or sparse), converted to dense float32. No extra normalization
    is done here, assuming adata is already in an analysis-ready space; if not,
    this function can be extended to perform log1p-normalization.
    """
    X = adata_subset.X
    if hasattr(X, "toarray"):
        X = X.toarray()
    return np.asarray(X, dtype=np.float32)


def _pca_reduce(X, n_pcs=30):
    """Simple PCA using SVD (no whitening) returning PCs with min(n_pcs, rank)."""
    # Center features
    X_centered = X - X.mean(axis=0, keepdims=True)
    # Economy SVD
    U, S, Vt = np.linalg.svd(X_centered, full_matrices=False)
    n_use = min(n_pcs, U.shape[1])
    return U[:, :n_use] * S[:n_use]


def compute_coupling_for_subset(adata_subset, k=k_spatial, n_random=n_random_sets, random_state=0):
    """Compute per-cell spatial–transcriptional coupling scores for a single
    (Populations, Sample_ID) subset.

    Returns a DataFrame with index matching adata_subset.obs_names and columns:
    ['d_spatial_mean', 'd_random_mean', 'delta', 'z_score'].
    """
    rng = np.random.RandomState(random_state)

    # Spatial coordinates
    if "spatial" not in adata_subset.obsm.keys():
        raise ValueError("'spatial' coordinates not found in adata.obsm")
    coords = np.asarray(adata_subset.obsm["spatial"], dtype=float)

    n_cells = coords.shape[0]
    if n_cells < (k + 1):
        # Not enough cells to define k neighbors
        return None

    # Transcriptomic representation: PCA on this subset
    X = _get_expression_matrix(adata_subset)
    pcs = _pca_reduce(X, n_pcs=min(30, X.shape[1]))

    # Precompute full pairwise distances in PCA space (Euclidean)
    # For this dataset (238 genes and large n), we rely on within-subset sizes
    # being moderate due to per-(Populations, Sample_ID) restriction.
    dist_mat = cdist(pcs, pcs, metric="euclidean")

    # Build spatial kNN using KD-tree
    tree = cKDTree(coords)
    # query k+1 to include the cell itself as neighbor 0, then drop self
    d_spatial, idx_spatial = tree.query(coords, k=k + 1)
    idx_spatial = idx_spatial[:, 1:]  # drop self index

    # Prepare arrays for outputs
    d_spatial_mean = np.zeros(n_cells, dtype=float)
    d_random_mean = np.zeros(n_cells, dtype=float)
    delta = np.zeros(n_cells, dtype=float)
    z_score = np.zeros(n_cells, dtype=float)

    all_indices = np.arange(n_cells)

    for i in range(n_cells):
        # Spatial neighbor distances in PCA space
        neigh_idx = idx_spatial[i]
        d_spatial_i = dist_mat[i, neigh_idx]
        d_spatial_mean[i] = d_spatial_i.mean()

        # Random neighbors: sample without replacement from all other cells
        others = np.delete(all_indices, i)
        random_means = np.zeros(n_random, dtype=float)
        for r in range(n_random):
            rand_idx = rng.choice(others, size=k, replace=False)
            random_means[r] = dist_mat[i, rand_idx].mean()

        d_random_mean[i] = random_means.mean()
        delta_i = d_random_mean[i] - d_spatial_mean[i]
        delta[i] = delta_i
        # Z-score of observed vs random null
        if random_means.std() > 0:
            z_score[i] = (d_spatial_mean[i] - random_means.mean()) / random_means.std()
        else:
            z_score[i] = 0.0

    df = pd.DataFrame({
        "d_spatial_mean": d_spatial_mean,
        "d_random_mean": d_random_mean,
        "delta": delta,  # positive delta => spatial neighbors more similar (smaller distance)
        "z_score": z_score
    }, index=adata_subset.obs_names)
    return df


# -----------------------------
# Main: iterate over well-represented (Populations, Sample_ID)
# -----------------------------

if "analysis_metadata" not in adata.uns or "sufficient_pops_per_sample" not in adata.uns["analysis_metadata"]:
    raise ValueError("Expected 'analysis_metadata' with 'sufficient_pops_per_sample' in adata.uns from Step 1.")

sufficient_pops_per_sample = adata.uns["analysis_metadata"]["sufficient_pops_per_sample"]

coupling_results = {}  # nested dict: coupling_results[(pop, sample)] -> DataFrame
summary_records = []   # per-(pop, sample) summaries

for pop, sample_list in sufficient_pops_per_sample.items():
    for sample in sample_list:
        subset_mask = (adata.obs["Populations"] == pop) & (adata.obs["Sample_ID"] == sample)
        n_cells_subset = int(subset_mask.sum())
        if n_cells_subset < max(min_cells_subset, k_spatial + 1):
            continue

        print(f"Computing coupling for Populations={pop}, Sample_ID={sample} (n={n_cells_subset} cells)...")
        adata_subset = adata[subset_mask].copy()
        df_coupling = compute_coupling_for_subset(adata_subset, k=k_spatial, n_random=n_random_sets)
        if df_coupling is None:
            print(f"  Skipped (too few cells for k={k_spatial}).")
            continue

        # Attach per-cell coupling metrics back to the main AnnData in obs
        for col in df_coupling.columns:
            if col not in adata.obs.columns:
                adata.obs[col] = np.nan
            adata.obs.loc[df_coupling.index, col] = df_coupling[col]

        # Store full per-cell table
        coupling_results[(pop, sample)] = df_coupling

        # Per-(pop, sample) summary statistics
        d_spatial_mean_med = float(np.median(df_coupling["d_spatial_mean"]))
        d_random_mean_med = float(np.median(df_coupling["d_random_mean"]))
        delta_med = float(np.median(df_coupling["delta"]))
        z_med = float(np.median(df_coupling["z_score"]))
        z_mean = float(np.mean(df_coupling["z_score"]))

        summary_records.append({
            "Populations": pop,
            "Sample_ID": sample,
            "n_cells": n_cells_subset,
            "k_spatial": k_spatial,
            "n_random_sets": n_random_sets,
            "d_spatial_median": d_spatial_mean_med,
            "d_random_median": d_random_mean_med,
            "delta_median": delta_med,
            "z_score_median": z_med,
            "z_score_mean": z_mean
        })

# Convert summaries to DataFrame
if summary_records:
    coupling_summary_df = pd.DataFrame(summary_records)
else:
    coupling_summary_df = pd.DataFrame(columns=[
        "Populations", "Sample_ID", "n_cells", "k_spatial", "n_random_sets",
        "d_spatial_median", "d_random_median", "delta_median", "z_score_median", "z_score_mean"
    ])

# Store in adata.uns for downstream steps
if "analysis_metadata" not in adata.uns:
    adata.uns["analysis_metadata"] = {}
adata.uns["analysis_metadata"]["coupling_per_cell"] = coupling_results
adata.uns["analysis_metadata"]["coupling_summary"] = coupling_summary_df

# Print text-only summary of results
print("\nPer-(Populations, Sample_ID) coupling summary (first 20 rows):")
print(coupling_summary_df.sort_values(["Populations", "Sample_ID"]).head(20))

print("\nNumber of (Populations, Sample_ID) subsets with computed coupling:", len(coupling_results))

# Basic interpretation summary (text-only)
if not coupling_summary_df.empty:
    print("\nOverall median delta (d_random_median - d_spatial_median) across all subsets:",
          float(coupling_summary_df["delta_median"].median()))
    print("Overall median z_score_median across all subsets:",
          float(coupling_summary_df["z_score_median"].median()))
else:
    print("No subsets passed the minimum cell threshold for coupling computation.")
```


================================================================================
2026-05-17 12:06:30,577 - INFO
================================================================================
RESPONSE/OUTPUT: self_critique_1_1

APPLIED SELF-CRITIQUE - Analysis 1, Step 2


================================================================================
2026-05-17 12:06:30,578 - INFO
================================================================================
RESPONSE/OUTPUT: revised_analysis_1_1

Revised Hypothesis: Within each anonymized cardiac cell population and sample, spatially proximate cells share more similar transcriptional states than expected by chance, and the strength and heterogeneity of this spatial–transcriptional coupling can be quantified from existing per-cell and per-(Population, Sample_ID) coupling metrics without recomputing distances.

Revised Analysis Plan:
1. Reuse the existing per-cell coupling metrics (e.g., d_spatial_mean, d_random_mean, delta, z_score) stored in adata.obs and the per-(Populations, Sample_ID) summary table in adata.uns['analysis_metadata']['coupling_summary'] as the sole basis for all downstream spatial–transcriptional coupling analyses, explicitly designating delta and z_score as primary coupling scores and fixing their sign conventions.
2. Within each well-represented (Populations, Sample_ID) group defined in adata.uns['analysis_metadata']['sufficient_pops_per_sample'], formally test whether spatial neighbors are more transcriptionally similar than random neighbors using paired, non-parametric tests on per-cell (d_spatial_mean, d_random_mean) pairs, and append p-values and effect sizes to the existing coupling_summary table.
3. Compare coupling strength across populations and samples by aggregating the updated coupling_summary: compute rank-based differences in delta_median and z_score_median between populations within each sample and across samples within each population, and report which populations consistently exhibit the strongest or weakest coupling.
4. Assess how coupling strength and within-(Populations, Sample_ID) heterogeneity (e.g., variance or IQR of per-cell delta or z_score) relate to QC attributes such as median UMI Count, median Purity, and median Complexity using Spearman correlations across (Populations, Sample_ID) groups, leveraging the existing qc_summary_pop_sample metadata.
5. In a focused set of populations selected from extremes of coupling effect size (e.g., top and bottom quartiles of delta_median or z_score_median), characterize the distribution of per-cell coupling scores and their association with local spatial density (e.g., mean spatial neighbor distance from cKDTree outputs or reused kNN distances) to distinguish uniformly structured versus spatially patchy populations.

Revised Code:
import numpy as np
import pandas as pd
from scipy import stats

# -----------------------------
# Configuration and checks
# -----------------------------

# Primary coupling metrics to use downstream
primary_coupling_col = "delta"   # positive => spatial neighbors more similar
secondary_coupling_col = "z_score"  # standardized version, also positive => stronger coupling

# Ensure required metadata from previous steps exists
if "analysis_metadata" not in adata.uns or "sufficient_pops_per_sample" not in adata.uns["analysis_metadata"]:
    raise ValueError("Expected 'analysis_metadata' with 'sufficient_pops_per_sample' from prior QC step.")

analysis_md = adata.uns.setdefault("analysis_metadata", {})

# Check that per-cell coupling metrics and summary table are present
required_obs_cols = ["d_spatial_mean", "d_random_mean", "delta", "z_score"]
missing_cols = [c for c in required_obs_cols if c not in adata.obs.columns]
if missing_cols:
    raise ValueError(f"Missing required per-cell coupling columns in adata.obs: {missing_cols}. Run the coupling computation step first.")

if "coupling_summary" not in analysis_md:
    raise ValueError("Missing 'coupling_summary' in adata.uns['analysis_metadata']. Run the coupling computation step first.")

coupling_summary_df = analysis_md["coupling_summary"].copy()

# Sanity check sign conventions: delta should be positive when spatial neighbors are more similar
# and z_score should be defined so that larger positive values indicate stronger coupling.
# If necessary, you could flip the sign here, but we assume the upstream code has been made consistent.

summary_sign_check = coupling_summary_df[["delta_median", "z_score_median"]].describe()
print("Summary of coupling effect-size distributions (delta_median and z_score_median):")
print(summary_sign_check)

# Record which columns are designated as primary/secondary coupling metrics
analysis_md["coupling_metric_conventions"] = {
    "primary_coupling_col": primary_coupling_col,
    "secondary_coupling_col": secondary_coupling_col,
    "definition": {
        "delta": "mean(random transcriptional distance) - mean(spatial neighbor distance); positive => spatial neighbors more similar than random",
        "z_score": "standardized version of (random_mean - spatial_mean) so that larger positive values indicate stronger coupling"
    }
}

# Persist any updates back to adata.uns
adata.uns["analysis_metadata"] = analysis_md

# Print a brief text summary confirming reuse of existing coupling metrics
print("Using existing per-cell coupling metrics in adata.obs and per-(Populations, Sample_ID) summaries in adata.uns['analysis_metadata']['coupling_summary'] for all downstream analyses.")
print("Primary coupling metric:", primary_coupling_col)
print("Secondary coupling metric:", secondary_coupling_col)


================================================================================
2026-05-17 12:06:30,995 - INFO
================================================================================
RESPONSE/OUTPUT: step_execution_failed_1_2

STEP 2 FAILED - Analysis 1

Code:
```python
import numpy as np
import pandas as pd
from scipy import stats

# -----------------------------
# Configuration and checks
# -----------------------------

# Primary coupling metrics to use downstream
primary_coupling_col = "delta"   # positive => spatial neighbors more similar
secondary_coupling_col = "z_score"  # standardized version, also positive => stronger coupling

# Ensure required metadata from previous steps exists
if "analysis_metadata" not in adata.uns or "sufficient_pops_per_sample" not in adata.uns["analysis_metadata"]:
    raise ValueError("Expected 'analysis_metadata' with 'sufficient_pops_per_sample' from prior QC step.")

analysis_md = adata.uns.setdefault("analysis_metadata", {})

# Check that per-cell coupling metrics and summary table are present
required_obs_cols = ["d_spatial_mean", "d_random_mean", "delta", "z_score"]
missing_cols = [c for c in required_obs_cols if c not in adata.obs.columns]
if missing_cols:
    raise ValueError(f"Missing required per-cell coupling columns in adata.obs: {missing_cols}. Run the coupling computation step first.")

if "coupling_summary" not in analysis_md:
    raise ValueError("Missing 'coupling_summary' in adata.uns['analysis_metadata']. Run the coupling computation step first.")

coupling_summary_df = analysis_md["coupling_summary"].copy()

# Sanity check sign conventions: delta should be positive when spatial neighbors are more similar
# and z_score should be defined so that larger positive values indicate stronger coupling.
# If necessary, you could flip the sign here, but we assume the upstream code has been made consistent.

summary_sign_check = coupling_summary_df[["delta_median", "z_score_median"]].describe()
print("Summary of coupling effect-size distributions (delta_median and z_score_median):")
print(summary_sign_check)

# Record which columns are designated as primary/secondary coupling metrics
analysis_md["coupling_metric_conventions"] = {
    "primary_coupling_col": primary_coupling_col,
    "secondary_coupling_col": secondary_coupling_col,
    "definition": {
        "delta": "mean(random transcriptional distance) - mean(spatial neighbor distance); positive => spatial neighbors more similar than random",
        "z_score": "standardized version of (random_mean - spatial_mean) so that larger positive values indicate stronger coupling"
    }
}

# Persist any updates back to adata.uns
adata.uns["analysis_metadata"] = analysis_md

# Print a brief text summary confirming reuse of existing coupling metrics
print("Using existing per-cell coupling metrics in adata.obs and per-(Populations, Sample_ID) summaries in adata.uns['analysis_metadata']['coupling_summary'] for all downstream analyses.")
print("Primary coupling metric:", primary_coupling_col)
print("Secondary coupling metric:", secondary_coupling_col)

 Error:
ValueError: Missing required per-cell coupling columns in adata.obs: ['d_spatial_mean', 'd_random_mean', 'delta', 'z_score']. Run the coupling computation step first.```


================================================================================
2026-05-17 12:06:37,258 - INFO
================================================================================
RESPONSE/OUTPUT: fix_attempt_failed_1_2_1

FIX ATTEMPT FAILED 1/3 - Analysis 1, Step 2: ValueError: Expected 'd_spatial_mean' and 'd_random_mean' in adata.obs from a prior distance computation step.

Code:
```python

import numpy as np
import pandas as pd
from scipy import stats

# -----------------------------
# Configuration and checks
# -----------------------------

# Primary coupling metrics to use downstream
primary_coupling_col = "delta"   # positive => spatial neighbors more similar
secondary_coupling_col = "z_score"  # standardized version, also positive => stronger coupling

# Ensure required metadata from previous steps exists
if "analysis_metadata" not in adata.uns or "sufficient_pops_per_sample" not in adata.uns["analysis_metadata"]:
    raise ValueError("Expected 'analysis_metadata' with 'sufficient_pops_per_sample' from prior QC step.")

analysis_md = adata.uns.setdefault("analysis_metadata", {})

# If coupling summary already exists, just set conventions and exit
if "coupling_summary" in analysis_md and all(
    col in adata.obs.columns for col in ["d_spatial_mean", "d_random_mean", "delta", "z_score"]
):
    coupling_summary_df = analysis_md["coupling_summary"].copy()
else:
    # Compute per-cell coupling metrics
    if "d_spatial_mean" not in adata.obs.columns or "d_random_mean" not in adata.obs.columns:
        raise ValueError(
            "Expected 'd_spatial_mean' and 'd_random_mean' in adata.obs from a prior distance computation step."
        )

    # delta: random - spatial, positive => spatial neighbors more similar
    adata.obs["delta"] = adata.obs["d_random_mean"] - adata.obs["d_spatial_mean"]

    # z-score of delta across all cells
    delta_vals = adata.obs["delta"].values.astype(float)
    delta_mean = np.nanmean(delta_vals)
    delta_std = np.nanstd(delta_vals, ddof=1)
    if delta_std == 0 or np.isnan(delta_std):
        adata.obs["z_score"] = 0.0
    else:
        adata.obs["z_score"] = (delta_vals - delta_mean) / delta_std

    # Build per-(Population, Sample_ID) summary if group columns exist
    group_cols = []
    if "Populations" in adata.obs.columns:
        group_cols.append("Populations")
    if "Sample_ID" in adata.obs.columns:
        group_cols.append("Sample_ID")

    if group_cols:
        coupling_summary_df = (
            adata.obs.groupby(group_cols)[["delta", "z_score"]]
            .agg(
                delta_median=("delta", "median"),
                delta_mean=("delta", "mean"),
                delta_std=("delta", "std"),
                z_score_median=("z_score", "median"),
                z_score_mean=("z_score", "mean"),
                z_score_std=("z_score", "std"),
                n_cells=("delta", "size"),
            )
            .reset_index()
        )
    else:
        coupling_summary_df = pd.DataFrame(
            {
                "delta_median": [np.nanmedian(delta_vals)],
                "delta_mean": [np.nanmean(delta_vals)],
                "delta_std": [np.nanstd(delta_vals, ddof=1)],
                "z_score_median": [np.nanmedian(adata.obs["z_score"].values)],
                "z_score_mean": [np.nanmean(adata.obs["z_score"].values)],
                "z_score_std": [np.nanstd(adata.obs["z_score"].values, ddof=1)],
                "n_cells": [len(delta_vals)],
            }
        )

    analysis_md["coupling_summary"] = coupling_summary_df

# Sanity check sign conventions
summary_sign_check = coupling_summary_df[["delta_median", "z_score_median"]].describe()
print("Summary of coupling effect-size distributions (delta_median and z_score_median):")
print(summary_sign_check)

# Record which columns are designated as primary/secondary coupling metrics
analysis_md["coupling_metric_conventions"] = {
    "primary_coupling_col": primary_coupling_col,
    "secondary_coupling_col": secondary_coupling_col,
    "definition": {
        "delta": "mean(random transcriptional distance) - mean(spatial neighbor distance); positive => spatial neighbors more similar than random",
        "z_score": "standardized version of (random_mean - spatial_mean) so that larger positive values indicate stronger coupling",
    },
}

adata.uns["analysis_metadata"] = analysis_md

print("Using per-cell coupling metrics in adata.obs and per-(Populations, Sample_ID) summaries in adata.uns['analysis_metadata']['coupling_summary'] for all downstream analyses.")
print("Primary coupling metric:", primary_coupling_col)
print("Secondary coupling metric:", secondary_coupling_col)

```


================================================================================
2026-05-17 12:06:43,621 - INFO
================================================================================
RESPONSE/OUTPUT: fix_attempt_failed_1_2_2

FIX ATTEMPT FAILED 2/3 - Analysis 1, Step 2: ValueError: Missing 'd_spatial_mean' and/or 'd_random_mean' in adata.obs. Run the distance/coupling computation step before this cell.

Code:
```python
import numpy as np
import pandas as pd
from scipy import stats

# -----------------------------
# Configuration and checks
# -----------------------------

# Primary coupling metrics to use downstream
primary_coupling_col = "delta"   # positive => spatial neighbors more similar
secondary_coupling_col = "z_score"  # standardized version, also positive => stronger coupling

# Ensure required metadata from previous steps exists
if "analysis_metadata" not in adata.uns or "sufficient_pops_per_sample" not in adata.uns["analysis_metadata"]:
    raise ValueError("Expected 'analysis_metadata' with 'sufficient_pops_per_sample' from prior QC step.")

analysis_md = adata.uns.setdefault("analysis_metadata", {})

# If coupling summary and all needed per-cell columns already exist, just reuse them
if "coupling_summary" in analysis_md and all(
    col in adata.obs.columns for col in ["d_spatial_mean", "d_random_mean", "delta", "z_score"]
):
    coupling_summary_df = analysis_md["coupling_summary"].copy()
else:
    # If the distance means are missing, we cannot compute coupling metrics here
    if "d_spatial_mean" not in adata.obs.columns or "d_random_mean" not in adata.obs.columns:
        raise ValueError(
            "Missing 'd_spatial_mean' and/or 'd_random_mean' in adata.obs. "
            "Run the distance/coupling computation step before this cell."
        )

    # delta: random - spatial, positive => spatial neighbors more similar
    adata.obs["delta"] = adata.obs["d_random_mean"] - adata.obs["d_spatial_mean"]

    # z-score of delta across all cells
    delta_vals = adata.obs["delta"].values.astype(float)
    delta_mean = np.nanmean(delta_vals)
    delta_std = np.nanstd(delta_vals, ddof=1)
    if delta_std == 0 or np.isnan(delta_std):
        adata.obs["z_score"] = 0.0
    else:
        adata.obs["z_score"] = (delta_vals - delta_mean) / delta_std

    # Build per-(Population, Sample_ID) summary if group columns exist
    group_cols = []
    if "Populations" in adata.obs.columns:
        group_cols.append("Populations")
    if "Sample_ID" in adata.obs.columns:
        group_cols.append("Sample_ID")

    if group_cols:
        coupling_summary_df = (
            adata.obs.groupby(group_cols)[["delta", "z_score"]]
            .agg(
                delta_median=("delta", "median"),
                delta_mean=("delta", "mean"),
                delta_std=("delta", "std"),
                z_score_median=("z_score", "median"),
                z_score_mean=("z_score", "mean"),
                z_score_std=("z_score", "std"),
                n_cells=("delta", "size"),
            )
            .reset_index()
        )
    else:
        coupling_summary_df = pd.DataFrame(
            {
                "delta_median": [np.nanmedian(delta_vals)],
                "delta_mean": [np.nanmean(delta_vals)],
                "delta_std": [np.nanstd(delta_vals, ddof=1)],
                "z_score_median": [np.nanmedian(adata.obs["z_score"].values)],
                "z_score_mean": [np.nanmean(adata.obs["z_score"].values)],
                "z_score_std": [np.nanstd(adata.obs["z_score"].values, ddof=1)],
                "n_cells": [len(delta_vals)],
            }
        )

    analysis_md["coupling_summary"] = coupling_summary_df

# Sanity check sign conventions
summary_sign_check = coupling_summary_df[["delta_median", "z_score_median"]].describe()
print("Summary of coupling effect-size distributions (delta_median and z_score_median):")
print(summary_sign_check)

# Record which columns are designated as primary/secondary coupling metrics
analysis_md["coupling_metric_conventions"] = {
    "primary_coupling_col": primary_coupling_col,
    "secondary_coupling_col": secondary_coupling_col,
    "definition": {
        "delta": "mean(random transcriptional distance) - mean(spatial neighbor distance); positive => spatial neighbors more similar than random",
        "z_score": "standardized version of (random_mean - spatial_mean) so that larger positive values indicate stronger coupling",
    },
}

adata.uns["analysis_metadata"] = analysis_md

print("Using per-cell coupling metrics in adata.obs and per-(Populations, Sample_ID) summaries in adata.uns['analysis_metadata']['coupling_summary'] for all downstream analyses.")
print("Primary coupling metric:", primary_coupling_col)
print("Secondary coupling metric:", secondary_coupling_col)
```


================================================================================
2026-05-17 12:06:46,891 - INFO
================================================================================
RESPONSE/OUTPUT: fix_attempt_failed_1_2_3

FIX ATTEMPT FAILED 3/3 - Analysis 1, Step 2: ValueError: Missing required per-cell coupling columns in adata.obs: ['d_spatial_mean', 'd_random_mean', 'delta', 'z_score']. Run the distance/coupling computation step before this cell.

Code:
```python
import numpy as np
import pandas as pd
from scipy import stats

# -----------------------------
# Configuration and checks
# -----------------------------

# Primary coupling metrics to use downstream
primary_coupling_col = "delta"   # positive => spatial neighbors more similar
secondary_coupling_col = "z_score"  # standardized version, also positive => stronger coupling

# Ensure required metadata from previous steps exists
if "analysis_metadata" not in adata.uns or "sufficient_pops_per_sample" not in adata.uns["analysis_metadata"]:
    raise ValueError("Expected 'analysis_metadata' with 'sufficient_pops_per_sample' from prior QC step.")

analysis_md = adata.uns.setdefault("analysis_metadata", {})

# Check that per-cell coupling metrics and summary table are present
required_obs_cols = ["d_spatial_mean", "d_random_mean", "delta", "z_score"]
missing_cols = [c for c in required_obs_cols if c not in adata.obs.columns]
if missing_cols:
    raise ValueError(
        f"Missing required per-cell coupling columns in adata.obs: {missing_cols}. "
        "Run the distance/coupling computation step before this cell."
    )

if "coupling_summary" not in analysis_md:
    raise ValueError(
        "Missing 'coupling_summary' in adata.uns['analysis_metadata']. "
        "Run the distance/coupling computation step before this cell."
    )

coupling_summary_df = analysis_md["coupling_summary"].copy()

# Sanity check sign conventions
summary_sign_check = coupling_summary_df[["delta_median", "z_score_median"]].describe()
print("Summary of coupling effect-size distributions (delta_median and z_score_median):")
print(summary_sign_check)

# Record which columns are designated as primary/secondary coupling metrics
analysis_md["coupling_metric_conventions"] = {
    "primary_coupling_col": primary_coupling_col,
    "secondary_coupling_col": secondary_coupling_col,
    "definition": {
        "delta": "mean(random transcriptional distance) - mean(spatial neighbor distance); positive => spatial neighbors more similar than random",
        "z_score": "standardized version of (random_mean - spatial_mean) so that larger positive values indicate stronger coupling",
    },
}

adata.uns["analysis_metadata"] = analysis_md

print("Using existing per-cell coupling metrics in adata.obs and per-(Populations, Sample_ID) summaries in adata.uns['analysis_metadata']['coupling_summary'] for all downstream analyses.")
print("Primary coupling metric:", primary_coupling_col)
print("Secondary coupling metric:", secondary_coupling_col)
```


================================================================================
2026-05-17 12:06:46,891 - INFO
================================================================================
RESPONSE/OUTPUT: fix_attempt_exhausted_1_2

ALL FIX ATTEMPTS EXHAUSTED - Analysis 1, Step 2. Failed after 3 attempts.


================================================================================
2026-05-17 12:07:03,835 - INFO
================================================================================
RESPONSE/OUTPUT: initial_analysis_1_2

NEXT STEP PLAN - Analysis 1, Step 3: Compute fresh per-cell spatial–transcriptional coupling metrics within each sufficiently represented (Populations, Sample_ID) group: build a transcriptomic PCA space, define k spatial neighbors per cell from obsm['spatial'], estimate null distances via random same-group cells, and store d_spatial_mean, d_random_mean, delta, and z_score in adata.obs; then aggregate to a new per-(Populations, Sample_ID) coupling_summary in adata.uns['analysis_metadata'].

Code:
```python
import numpy as np
import pandas as pd
import scanpy as sc
from scipy import stats

# -----------------------------
# Step 2 (revised): de novo computation of per-cell spatial–transcriptional coupling
# -----------------------------

# Retrieve metadata from previous QC step
if 'analysis_metadata' not in adata.uns or 'sufficient_pops_per_sample' not in adata.uns['analysis_metadata']:
    raise ValueError("Expected 'analysis_metadata' with 'sufficient_pops_per_sample' from the QC step.")

analysis_md = adata.uns['analysis_metadata']

sufficient_pops_per_sample = analysis_md['sufficient_pops_per_sample']

# Check spatial coordinates
if 'spatial' not in adata.obsm.keys():
    raise ValueError("Missing 'spatial' coordinates in adata.obsm; cannot compute spatial neighbors.")

# Ensure we have a transcriptomic representation; compute PCA on log1p-transformed counts if needed
if 'X_pca' not in adata.obsm_keys():
    # Work on a copy to avoid modifying raw counts excessively
    tmp = adata.copy()
    if 'log1p' not in tmp.uns.get('pp', {}):
        sc.pp.normalize_total(tmp, target_sum=1e4)
        sc.pp.log1p(tmp)
    sc.pp.pca(tmp, n_comps=min(30, tmp.n_vars))
    adata.obsm['X_pca'] = tmp.obsm['X_pca']
    del tmp

X_pca = adata.obsm['X_pca']
X_spatial = adata.obsm['spatial']

# Parameters for coupling
k_spatial = 8  # number of spatial neighbors per cell
n_random_sets = 20  # number of random k-neighbor draws for null

n_cells = adata.n_obs

# Initialize per-cell coupling arrays (will remain NaN for cells not in sufficiently represented groups)
d_spatial_mean = np.full(n_cells, np.nan, dtype=float)
d_random_mean = np.full(n_cells, np.nan, dtype=float)

delta = np.full(n_cells, np.nan, dtype=float)
z_score = np.full(n_cells, np.nan, dtype=float)

# Helper: pairwise Euclidean distance in PCA space
from scipy.spatial import cKDTree

pca_tree = cKDTree(X_pca)

# We will collect per-(Population, Sample_ID) summaries as we go
summary_records = []

# Map from global cell indices to (Populations, Sample_ID) for convenience
pops = adata.obs['Populations'].values
samples = adata.obs['Sample_ID'].values

# Iterate over populations and their sufficiently represented samples
for pop, sample_list in sufficient_pops_per_sample.items():
    for sample in sample_list:
        mask = (pops == pop) & (samples == sample)
        idx = np.where(mask)[0]
        n_group = idx.size
        if n_group < (k_spatial + 1):
            continue  # not enough cells for k neighbors

        # Spatial kNN within this group
        spatial_coords_group = X_spatial[idx, :]
        spatial_tree = cKDTree(spatial_coords_group)
        # query k+1 because the first neighbor is the cell itself
        dists_spatial, knn_spatial = spatial_tree.query(spatial_coords_group, k=k_spatial + 1)
        # remove self (index 0)
        dists_spatial = dists_spatial[:, 1:]
        knn_spatial = knn_spatial[:, 1:]

        # Precompute PCA distances within this group using the global PCA tree
        # We'll query distances from each cell to its spatial neighbors via indices
        X_pca_group = X_pca[idx, :]

        # For each cell, compute mean transcriptomic distance to spatial neighbors
        for i_local, cell_global_idx in enumerate(idx):
            neighbor_global_idx = idx[knn_spatial[i_local]]
            # compute Euclidean distance in PCA space between this cell and neighbors
            d_vec = np.linalg.norm(X_pca[neighbor_global_idx] - X_pca[cell_global_idx], axis=1)
            d_spatial_mean[cell_global_idx] = float(d_vec.mean())

        # For null distances: for each cell, repeatedly sample k random same-group cells (excluding itself)
        rng = np.random.default_rng(seed=0)
        group_indices = idx.copy()
        for i_local, cell_global_idx in enumerate(idx):
            # candidate pool (exclude self)
            pool = group_indices[group_indices != cell_global_idx]
            if pool.size < k_spatial:
                continue
            random_means = []
            for _ in range(n_random_sets):
                rand_neighbors = rng.choice(pool, size=k_spatial, replace=False)
                d_vec_rand = np.linalg.norm(X_pca[rand_neighbors] - X_pca[cell_global_idx], axis=1)
                random_means.append(d_vec_rand.mean())
            random_means = np.array(random_means)
            d_random_mean[cell_global_idx] = float(random_means.mean())
            # coupling: random_mean - spatial_mean (positive => spatial neighbors closer)
            if np.isfinite(d_spatial_mean[cell_global_idx]) and np.isfinite(d_random_mean[cell_global_idx]):
                delta[cell_global_idx] = d_random_mean[cell_global_idx] - d_spatial_mean[cell_global_idx]
                # standardize using null distribution
                if random_means.std(ddof=1) > 0:
                    z_score[cell_global_idx] = (d_random_mean[cell_global_idx] - d_spatial_mean[cell_global_idx]) / random_means.std(ddof=1)

        # After filling per-cell values for this group, compute per-(pop, sample) summary
        group_delta = delta[idx]
        group_z = z_score[idx]
        group_d_spatial = d_spatial_mean[idx]
        group_d_random = d_random_mean[idx]

        valid_mask = np.isfinite(group_delta) & np.isfinite(group_z)
        n_valid = int(valid_mask.sum())
        if n_valid == 0:
            continue

        rec = {
            'Populations': pop,
            'Sample_ID': sample,
            'n_cells': n_group,
            'n_valid_cells': n_valid,
            'delta_median': float(np.nanmedian(group_delta)),
            'delta_mean': float(np.nanmean(group_delta)),
            'delta_iqr': float(np.nanpercentile(group_delta, 75) - np.nanpercentile(group_delta, 25)),
            'z_score_median': float(np.nanmedian(group_z)),
            'z_score_mean': float(np.nanmean(group_z)),
            'z_score_iqr': float(np.nanpercentile(group_z, 75) - np.nanpercentile(group_z, 25)),
            'd_spatial_mean_median': float(np.nanmedian(group_d_spatial)),
            'd_random_mean_median': float(np.nanmedian(group_d_random))
        }
        summary_records.append(rec)

# Store per-cell metrics back into adata.obs
adata.obs['d_spatial_mean'] = d_spatial_mean
adata.obs['d_random_mean'] = d_random_mean
adata.obs['delta'] = delta
adata.obs['z_score'] = z_score

print("Per-cell coupling metrics computed and stored in adata.obs: 'd_spatial_mean', 'd_random_mean', 'delta', 'z_score'.")

# Build and store per-(Populations, Sample_ID) coupling summary
if len(summary_records) == 0:
    raise RuntimeError("No valid (Populations, Sample_ID) groups produced coupling summaries; check thresholds and data.")

coupling_summary_df = pd.DataFrame(summary_records)

if 'analysis_metadata' not in adata.uns:
    adata.uns['analysis_metadata'] = {}

adata.uns['analysis_metadata']['coupling_summary'] = coupling_summary_df

# Record coupling metric conventions
adata.uns['analysis_metadata']['coupling_metric_conventions'] = {
    'primary_coupling_col': 'delta',
    'secondary_coupling_col': 'z_score',
    'definition': {
        'delta': 'mean(random transcriptional distance) - mean(spatial neighbor distance); positive => spatial neighbors more similar than random',
        'z_score': 'standardized version of (random_mean - spatial_mean) using within-cell null SD; larger positive values indicate stronger coupling'
    }
}

print("Per-(Populations, Sample_ID) coupling summary stored in adata.uns['analysis_metadata']['coupling_summary'].")
print("Number of (Populations, Sample_ID) groups summarized:", coupling_summary_df.shape[0])
print("Head of coupling_summary_df:\n", coupling_summary_df.head())
```


================================================================================
2026-05-17 12:07:41,239 - INFO
================================================================================
RESPONSE/OUTPUT: self_critique_1_2

APPLIED SELF-CRITIQUE - Analysis 1, Step 3


================================================================================
2026-05-17 12:07:41,240 - INFO
================================================================================
RESPONSE/OUTPUT: revised_analysis_1_2

Revised Hypothesis: Within each anonymized cardiac cell population and sample, spatially proximate cells share more similar transcriptional states than expected by chance, and the strength and heterogeneity of this spatial–transcriptional coupling can be quantified from newly computed per-cell (d_spatial_mean, d_random_mean, delta, z_score) metrics and per-(Populations, Sample_ID) summaries, without relying on any pre-existing coupling fields.

Revised Analysis Plan:
1. Compute fresh per-cell spatial–transcriptional coupling metrics within each sufficiently represented (Populations, Sample_ID) group by building a transcriptomic PCA space on log1p-normalized counts, defining k spatial neighbors per cell from obsm['spatial'], estimating null distances via repeated random same-group k-neighbor draws, and storing d_spatial_mean, d_random_mean, delta, and z_score in adata.obs while aggregating a new per-(Populations, Sample_ID) coupling_summary in adata.uns['analysis_metadata'].
2. Within each well-represented (Populations, Sample_ID) group, formally test whether spatial neighbors are more transcriptionally similar than random neighbors using paired, non-parametric tests on per-cell (d_spatial_mean, d_random_mean) pairs, recording p-values and effect sizes in the coupling_summary table.
3. Compare coupling strength and heterogeneity across populations and samples using the updated coupling_summary by computing rank-based contrasts in delta_median and z_score_median between populations within each sample and across samples within each population, and identify populations that consistently show strong, weak, or highly heterogeneous coupling.
4. Relate spatial–transcriptional coupling strength and within-group heterogeneity (e.g., variance or IQR of per-cell delta or z_score) to QC attributes such as median UMI Count, median Purity, and median Complexity using Spearman correlations across (Populations, Sample_ID) groups, leveraging qc_summary_pop_sample stored in adata.uns['analysis_metadata'].

Revised Code:
import numpy as np
import pandas as pd
import scanpy as sc
from scipy import stats
from scipy.spatial import cKDTree

# -----------------------------
# Step 1 (revised): de novo computation of per-cell spatial–transcriptional coupling
# -----------------------------

# Retrieve metadata from previous QC step
if 'analysis_metadata' not in adata.uns or 'sufficient_pops_per_sample' not in adata.uns['analysis_metadata']:
    raise ValueError("Expected 'analysis_metadata' with 'sufficient_pops_per_sample' from the QC step.")

analysis_md = adata.uns['analysis_metadata']

sufficient_pops_per_sample = analysis_md['sufficient_pops_per_sample']

# Check spatial coordinates
if 'spatial' not in adata.obsm:
    raise ValueError("Missing 'spatial' coordinates in adata.obsm; cannot compute spatial neighbors.")

# Ensure we have a transcriptomic representation; here we explicitly normalize/log1p and compute PCA
# on a copy to avoid altering adata.X in-place, and we record the preprocessing used.
if 'X_pca' not in adata.obsm_keys():
    tmp = adata.copy()
    # Assume raw counts and apply a standard normalization + log1p pipeline for coupling distances
    sc.pp.normalize_total(tmp, target_sum=1e4)
    sc.pp.log1p(tmp)
    sc.pp.pca(tmp, n_comps=min(30, tmp.n_vars))
    adata.obsm['X_pca'] = tmp.obsm['X_pca']
    # Record that coupling PCA was computed on normalize_total+log1p-transformed counts
    if 'analysis_metadata' not in adata.uns:
        adata.uns['analysis_metadata'] = {}
    adata.uns['analysis_metadata']['coupling_preproc'] = {
        'normalized': True,
        'log1p': True,
        'pca_n_comps': int(adata.obsm['X_pca'].shape[1]),
        'note': 'X_pca used for coupling distances was computed from normalize_total(target_sum=1e4) + log1p on a temporary copy.'
    }
    del tmp

X_pca = adata.obsm['X_pca']
X_spatial = adata.obsm['spatial']

# Parameters for coupling
k_spatial = 8  # number of spatial neighbors per cell
n_random_sets = 20  # number of random k-neighbor draws for null

n_cells = adata.n_obs

# Initialize per-cell coupling arrays (will remain NaN for cells not in sufficiently represented groups)
d_spatial_mean = np.full(n_cells, np.nan, dtype=float)
d_random_mean = np.full(n_cells, np.nan, dtype=float)

delta = np.full(n_cells, np.nan, dtype=float)
z_score = np.full(n_cells, np.nan, dtype=float)

# We will collect per-(Population, Sample_ID) summaries as we go
summary_records = []

# Map from global cell indices to (Populations, Sample_ID) for convenience
pops = adata.obs['Populations'].values
samples = adata.obs['Sample_ID'].values

# Instantiate RNG once for reproducible but non-identical randomization across groups
rng = np.random.default_rng(seed=0)

# Iterate over populations and their sufficiently represented samples
for pop, sample_list in sufficient_pops_per_sample.items():
    for sample in sample_list:
        mask = (pops == pop) & (samples == sample)
        idx = np.where(mask)[0]
        n_group = idx.size
        if n_group < (k_spatial + 1):
            continue  # not enough cells for k neighbors

        # Spatial kNN within this group
        spatial_coords_group = X_spatial[idx, :]
        spatial_tree = cKDTree(spatial_coords_group)
        # query k+1 because the first neighbor is the cell itself
        dists_spatial, knn_spatial = spatial_tree.query(spatial_coords_group, k=k_spatial + 1)
        # remove self (index 0)
        dists_spatial = dists_spatial[:, 1:]
        knn_spatial = knn_spatial[:, 1:]

        # For each cell in this group, compute mean transcriptomic distance to spatial neighbors
        for i_local, cell_global_idx in enumerate(idx):
            neighbor_global_idx = idx[knn_spatial[i_local]]
            d_vec = np.linalg.norm(X_pca[neighbor_global_idx] - X_pca[cell_global_idx], axis=1)
            d_spatial_mean[cell_global_idx] = float(d_vec.mean())

        # For null distances: for each cell, repeatedly sample k random same-group cells (excluding itself)
        group_indices = idx.copy()
        for i_local, cell_global_idx in enumerate(idx):
            pool = group_indices[group_indices != cell_global_idx]
            if pool.size < k_spatial:
                continue
            random_means = []
            for _ in range(n_random_sets):
                rand_neighbors = rng.choice(pool, size=k_spatial, replace=False)
                d_vec_rand = np.linalg.norm(X_pca[rand_neighbors] - X_pca[cell_global_idx], axis=1)
                random_means.append(d_vec_rand.mean())
            random_means = np.array(random_means)
            d_random_mean[cell_global_idx] = float(random_means.mean())
            # coupling: random_mean - spatial_mean (positive => spatial neighbors closer)
            if np.isfinite(d_spatial_mean[cell_global_idx]) and np.isfinite(d_random_mean[cell_global_idx]):
                delta[cell_global_idx] = d_random_mean[cell_global_idx] - d_spatial_mean[cell_global_idx]
                # standardize using null distribution; this is the standardized difference between expected-null mean and observed spatial mean
                if random_means.std(ddof=1) > 0:
                    z_score[cell_global_idx] = (d_random_mean[cell_global_idx] - d_spatial_mean[cell_global_idx]) / random_means.std(ddof=1)

        # After filling per-cell values for this group, compute per-(pop, sample) summary
        group_delta = delta[idx]
        group_z = z_score[idx]
        group_d_spatial = d_spatial_mean[idx]
        group_d_random = d_random_mean[idx]

        valid_mask = np.isfinite(group_delta) & np.isfinite(group_z)
        n_valid = int(valid_mask.sum())
        if n_valid == 0:
            continue

        rec = {
            'Populations': pop,
            'Sample_ID': sample,
            'n_cells': n_group,  # total cells in group
            'n_valid_cells': n_valid,  # cells contributing to coupling stats
            'delta_median': float(np.nanmedian(group_delta)),
            'delta_mean': float(np.nanmean(group_delta)),
            'delta_iqr': float(np.nanpercentile(group_delta, 75) - np.nanpercentile(group_delta, 25)),
            'z_score_median': float(np.nanmedian(group_z)),
            'z_score_mean': float(np.nanmean(group_z)),
            'z_score_iqr': float(np.nanpercentile(group_z, 75) - np.nanpercentile(group_z, 25)),
            'd_spatial_mean_median': float(np.nanmedian(group_d_spatial)),
            'd_random_mean_median': float(np.nanmedian(group_d_random))
        }
        summary_records.append(rec)

# Store per-cell metrics back into adata.obs
adata.obs['d_spatial_mean'] = d_spatial_mean
adata.obs['d_random_mean'] = d_random_mean
adata.obs['delta'] = delta
adata.obs['z_score'] = z_score

print("Per-cell coupling metrics computed and stored in adata.obs: 'd_spatial_mean', 'd_random_mean', 'delta', 'z_score'.")

# Build and store per-(Populations, Sample_ID) coupling summary
if len(summary_records) == 0:
    raise RuntimeError("No valid (Populations, Sample_ID) groups produced coupling summaries; check thresholds and data.")

coupling_summary_df = pd.DataFrame(summary_records)

if 'analysis_metadata' not in adata.uns:
    adata.uns['analysis_metadata'] = {}

adata.uns['analysis_metadata']['coupling_summary'] = coupling_summary_df

# Record coupling metric conventions (including the specific z-score definition)
adata.uns['analysis_metadata']['coupling_metric_conventions'] = {
    'primary_coupling_col': 'delta',
    'secondary_coupling_col': 'z_score',
    'definition': {
        'delta': 'mean(random transcriptional distance) - mean(spatial neighbor distance); positive => spatial neighbors more similar than random',
        'z_score': 'standardized version of (random_mean - spatial_mean) using within-cell null SD of random_means; larger positive values indicate stronger coupling (difference between expected-null mean and observed spatial mean, in SD units)'
    }
}

print("Per-(Populations, Sample_ID) coupling summary stored in adata.uns['analysis_metadata']['coupling_summary'].")
print("Number of (Populations, Sample_ID) groups summarized:", coupling_summary_df.shape[0])
print("Head of coupling_summary_df:\n", coupling_summary_df.head())


================================================================================
2026-05-17 12:09:56,039 - INFO
================================================================================
RESPONSE/OUTPUT: step_execution_success_1_3

STEP 3 RAN SUCCESSFULLY - Analysis 1


================================================================================
2026-05-17 12:10:11,171 - INFO
================================================================================
RESPONSE/OUTPUT: results_interpretation_1_3

The coupling computation step looks sound and the initial results are promising for your hypothesis.

Key points from the output  
- You successfully computed per-cell metrics (`d_spatial_mean`, `d_random_mean`, `delta`, `z_score`) for essentially all cells in the “sufficient” groups (e.g., PA and PAA examples show `n_valid_cells == n_cells`), so downstream group-wise summaries will be well powered.
- For the first few (Populations, Sample_ID) groups:
  - Median `delta` is clearly positive (e.g., ~0.86–1.34 for PA, ~1.46–1.76 for PAA), and median spatial distance is smaller than median random distance in each case (e.g., PA R77_4C4: 15.85 vs 16.69).
  - Median `z_score` values are consistently > 1 (up to ~1.7–1.8 in this small subset), with relatively large IQRs (~1.7–2.3), implying (i) spatial neighbors are more similar transcriptomically than random neighbors, and (ii) there is meaningful cell-to-cell heterogeneity in coupling within each group.

Taken together, for at least these populations/samples, the hypothesis that spatially proximate cells are more similar than random same-group cells is empirically supported at this descriptive level.

Specific feedback and suggestions for the next steps

1. **Next planned step (formal paired tests) is well-justified and should be informative**
   - You now have per-cell pairs (`d_spatial_mean`, `d_random_mean`) for each (Populations, Sample_ID).
   - Given the strongly positive group medians and the large `n_valid_cells` (hundreds to thousands), a paired non-parametric test (e.g. Wilcoxon signed-rank) per group will almost certainly yield very small p-values for most groups, but you should still:
     - Store both **effect sizes** (e.g., median `delta`, maybe also median percent difference) and **p-values** in `coupling_summary`.
     - Consider also reporting **paired Cohen’s d** or rank-biserial correlation per group, since p-values will saturate with large n.

   - One practical detail: for the test, operate on the **raw per-cell deltas** or on the paired distances directly, but apply a small filter:
     - Exclude cells where either `d_spatial_mean` or `d_random_mean` is NaN (though by design, that should be rare, given `n_valid_cells == n_cells` in your examples).

2. **Leverage the heterogeneity metrics you already computed**
   - The existing `delta_iqr` and `z_score_iqr` are exactly what you’ll need for the “heterogeneity” component of the hypothesis.
   - Next steps that will build on these:
     - Plot **within-group distributions** (e.g., violin/boxplots) of `delta` or `z_score` for selected populations across samples to visualize how coupling heterogeneity differs.
     - Examine whether groups with higher median coupling also have higher heterogeneity, or whether some groups show strong, *uniform* coupling vs strong but *bimodal* or wide distributions.

3. **Prepare for cross-population and cross-sample comparisons (Step 3)**
   - With 78 groups already in `coupling_summary`, you’re well set up for:
     - **Per-sample contrasts across populations**: for a given `Sample_ID`, rank populations by `delta_median` and `z_score_median` to see which populations are consistently high- or low-coupling in that anatomical context.
     - **Per-population contrasts across samples**: for each `Populations` label, look at the spread of `delta_median` across `Sample_ID`s to see whether coupling is stable or sample-specific.
   - Make sure to:
     - Add identifiers that facilitate grouping, e.g. ensure `coupling_summary` has categorical dtypes for Populations and Sample_ID.
     - Consider **normalizing or standardizing** some coupling metrics across samples for comparison, if you suspect sample-level technical differences (though your within-group, within-sample construction already mitigates many global confounders).

4. **Be cautious about interpretation of absolute distance scale**
   - PCA distances are unitless and influenced by the normalization and number of PCs. You’ve documented the preprocessing, which is good.
   - For cross-population comparison, it’s fine to use `delta` and `z_score` because they are **within-group standardized**. Still, explicitly emphasize that you’re comparing *relative* coupling strength, not absolute transcriptional distances.

5. **Consider a couple of robustness checks before deeply interpreting biological patterns**
   - **Vary k_spatial** (e.g., 5, 8, 12) for a subset of groups:
     - If coupling patterns (rank order of populations by `delta_median`) are robust, that strengthens the conclusion that you are not overfitting to an arbitrary neighborhood size.
   - **Check sensitivity to PCA dimensionality**:
     - For one or two samples, recompute X_pca with e.g. 20 and 40 comps and see if group-level `delta_median` correlates strongly with your current estimates.

   These can be done selectively so as not to duplicate the full pipeline.

6. **Plan ahead for QC covariate analyses (Step 4)**
   - You will soon relate coupling metrics to QC summaries (median UMI, Purity, Complexity).
   - Given the strong coupling signals already visible, test:
     - Whether groups with **low UMI / low Purity** show systematically **lower `z_score_median`** or higher `z_score_iqr` (i.e., noisier coupling).
     - Use **Spearman correlations** across the 78 groups and consider partial correlations or stratified analyses if certain populations dominate the range of QC metrics.
   - This will help separate genuine biological heterogeneity in coupling from technical variation.

7. **Sanity checks on the current coupling_summary contents**
   - Before moving on, inspect:
     - Distribution of `delta_median` and `z_score_median` across all 78 groups (histograms).
     - Relationship between `delta_median` and `z_score_median` (scatter plot) to ensure they are consistent and that the z-scores scale roughly linearly with delta magnitudes.
   - Identify:
     - Any groups with **near-zero or negative `delta_median`** (if they exist) as candidates for unusual spatial organization (weak or inverse coupling).
     - Groups with very high `delta_iqr` / `z_score_iqr` as “highly heterogeneous” in coupling and hence interesting for later biological interpretation.

How this bears on the hypothesis so far  
- The preliminary group-level statistics (strongly positive `delta_median`, `z_score_median` > 1, with substantial IQR) **support the hypothesis** that spatially proximal cells within a labeled population and sample are, on average, more transcriptomically similar than random same-group cells.
- The non-trivial IQRs for delta and z_score indicate that **within-group heterogeneity** in coupling exists and is quantifiable, aligning with the second part of your hypothesis.

Immediate next actions I’d suggest  
1. Implement Step 2: within each (Populations, Sample_ID), run a Wilcoxon signed-rank test comparing `d_spatial_mean` vs `d_random_mean` per cell; store p-values and effect sizes in `coupling_summary`.  
2. Generate quick summary plots across all 78 groups to:
   - Confirm that most have `delta_median > 0`.
   - Identify outlier groups with weak or highly heterogeneous coupling for focused follow-up in Steps 3–4.


================================================================================
2026-05-17 12:10:26,826 - INFO
================================================================================
RESPONSE/OUTPUT: initial_analysis_1_3

NEXT STEP PLAN - Analysis 1, Step 4: Within each sufficiently represented (Populations, Sample_ID) group, formally test whether spatial neighbors are more transcriptionally similar than random neighbors using paired, non-parametric tests comparing per-cell d_spatial_mean and d_random_mean (or equivalently delta), and append effect sizes and p-values to the existing coupling_summary table in adata.uns['analysis_metadata'].

Code:
```python
import numpy as np
import pandas as pd
from scipy import stats

# Retrieve analysis metadata and ensure required structures are present
if 'analysis_metadata' not in adata.uns:
    raise ValueError("Missing 'analysis_metadata' in adata.uns; run the QC/coupling computation step first.")

analysis_md = adata.uns['analysis_metadata']

if 'coupling_summary' not in analysis_md:
    raise ValueError("Missing 'coupling_summary' in adata.uns['analysis_metadata']; run the coupling computation step first.")

coupling_summary_df = analysis_md['coupling_summary'].copy()

required_obs_cols = ['d_spatial_mean', 'd_random_mean', 'delta']
missing_cols = [c for c in required_obs_cols if c not in adata.obs.columns]
if missing_cols:
    raise ValueError(f"Required per-cell columns missing from adata.obs: {missing_cols}; cannot run paired tests.")

# Prepare containers for test results
results = []

pops = adata.obs['Populations'].values
samples = adata.obs['Sample_ID'].values

# Iterate over unique (Populations, Sample_ID) combinations represented in coupling_summary
for _, row in coupling_summary_df[['Populations', 'Sample_ID']].drop_duplicates().iterrows():
    pop = row['Populations']
    sample = row['Sample_ID']

    mask = (pops == pop) & (samples == sample)
    idx = np.where(mask)[0]
    if idx.size == 0:
        continue

    d_spatial = adata.obs['d_spatial_mean'].values[idx].astype(float)
    d_random = adata.obs['d_random_mean'].values[idx].astype(float)
    delta_vals = adata.obs['delta'].values[idx].astype(float)

    # Only keep cells with finite paired distances
    valid = np.isfinite(d_spatial) & np.isfinite(d_random)
    if valid.sum() < 10:
        # too few valid paired observations for a reliable test
        results.append({
            'Populations': pop,
            'Sample_ID': sample,
            'n_paired_cells': int(valid.sum()),
            'wilcoxon_stat': np.nan,
            'wilcoxon_pvalue': np.nan,
            'delta_median_cells': float(np.nanmedian(delta_vals[valid])) if valid.sum() > 0 else np.nan,
            'delta_mean_cells': float(np.nanmean(delta_vals[valid])) if valid.sum() > 0 else np.nan,
            'effect_size_rank_biserial': np.nan
        })
        continue

    d_spatial_valid = d_spatial[valid]
    d_random_valid = d_random[valid]
    delta_valid = d_random_valid - d_spatial_valid

    # Wilcoxon signed-rank test on paired distances: H0 median difference == 0
    try:
        stat, pval = stats.wilcoxon(d_spatial_valid, d_random_valid, alternative='less')
        # alternative='less': d_spatial < d_random expected if spatial neighbors are more similar
    except ValueError:
        # e.g., if all differences are zero
        stat, pval = np.nan, np.nan

    # Rank-biserial correlation as effect size for paired Wilcoxon
    # r_rb = 1 - 2 * (W_minus / (n * (n+1) / 2)), approximated from signed ranks
    # Here we compute it directly from the signed differences
    diffs = d_random_valid - d_spatial_valid
    n = diffs.size
    # Ignore zero differences for rank-biserial denominator
    nonzero = diffs != 0
    if nonzero.sum() > 0:
        ranks = stats.rankdata(np.abs(diffs[nonzero]))
        W_plus = ranks[diffs[nonzero] > 0].sum()
        W_minus = ranks[diffs[nonzero] < 0].sum()
        denom = W_plus + W_minus
        if denom > 0:
            r_rb = (W_plus - W_minus) / denom
        else:
            r_rb = np.nan
    else:
        r_rb = np.nan

    results.append({
        'Populations': pop,
        'Sample_ID': sample,
        'n_paired_cells': int(n),
        'wilcoxon_stat': float(stat) if np.isfinite(stat) else np.nan,
        'wilcoxon_pvalue': float(pval) if np.isfinite(pval) else np.nan,
        'delta_median_cells': float(np.nanmedian(delta_valid)),
        'delta_mean_cells': float(np.nanmean(delta_valid)),
        'effect_size_rank_biserial': float(r_rb) if np.isfinite(r_rb) else np.nan
    })

results_df = pd.DataFrame(results)

# Multiple-testing correction (Benjamini-Hochberg FDR) for Wilcoxon p-values
pvals = results_df['wilcoxon_pvalue'].values.copy()
valid_p = np.isfinite(pvals)
if valid_p.sum() > 0:
    order = np.argsort(pvals[valid_p])
    ranked_p = pvals[valid_p][order]
    m = float(valid_p.sum())
    bh_fdr = np.empty_like(ranked_p)
    # Benjamini-Hochberg step-up
    prev = 1.0
    for i in range(int(m)-1, -1, -1):
        bh_val = ranked_p[i] * m / (i + 1.0)
        if bh_val < prev:
            prev = bh_val
        bh_fdr[i] = prev
    # place back into full array
    fdr_full = np.full_like(pvals, np.nan, dtype=float)
    fdr_full_indices = np.where(valid_p)[0][order]
    fdr_full[fdr_full_indices] = bh_fdr
    results_df['wilcoxon_fdr'] = fdr_full
else:
    results_df['wilcoxon_fdr'] = np.nan

# Merge the test results back into the coupling_summary table on (Populations, Sample_ID)
merged = coupling_summary_df.merge(
    results_df,
    on=['Populations', 'Sample_ID'],
    how='left',
    suffixes=('', '_test')
)

# Overwrite coupling_summary in analysis_metadata with the augmented version
adata.uns['analysis_metadata']['coupling_summary'] = merged

# Print a compact textual summary of test results
print("Number of (Populations, Sample_ID) groups tested:", results_df.shape[0])
print("Proportion of groups with FDR < 0.05:", float(np.mean(results_df['wilcoxon_fdr'] < 0.05)))
print("Top 10 groups by strongest positive rank-biserial effect size:")
print(results_df.sort_values('effect_size_rank_biserial', ascending=False).head(10)[[
    'Populations', 'Sample_ID', 'n_paired_cells', 'effect_size_rank_biserial', 'wilcoxon_pvalue', 'wilcoxon_fdr', 'delta_median_cells'
]])

```


================================================================================
2026-05-17 12:10:57,617 - INFO
================================================================================
RESPONSE/OUTPUT: self_critique_1_3

APPLIED SELF-CRITIQUE - Analysis 1, Step 4


================================================================================
2026-05-17 12:10:57,617 - INFO
================================================================================
RESPONSE/OUTPUT: revised_analysis_1_3

Revised Hypothesis: Within each anonymized cardiac cell population and sample, spatial neighbors are more transcriptomically similar than random same-population cells, and the strength and heterogeneity of this spatial–transcriptional coupling, quantified from freshly computed per-cell delta and z_score metrics, varies systematically across (Populations, Sample_ID) groups.

Revised Analysis Plan:
1. Within each (Populations, Sample_ID) group represented in the coupling_summary, formally test whether spatial neighbors are more transcriptionally similar than random neighbors using paired, non-parametric tests on per-cell d_spatial_mean and d_random_mean (with clear handling/flagging of low-n groups), and append effect sizes and multiple-testing–corrected p-values to adata.uns['analysis_metadata']['coupling_summary'].
2. Using the augmented coupling_summary, compare coupling strength and heterogeneity across populations and samples by ranking and contrasting (Populations, Sample_ID) groups on delta_median, z_score_median, and their dispersion measures, summarizing which populations within each sample and which samples within each population consistently show strong, weak, or highly heterogeneous coupling.
3. Relate spatial–transcriptional coupling strength and within-group heterogeneity (e.g., delta_median, z_score_median, and their IQRs) to QC attributes such as median UMI Count, median Purity, and median Complexity using Spearman correlations across (Populations, Sample_ID) groups, leveraging qc_summary_pop_sample in adata.uns['analysis_metadata'], and report correlation coefficients and p-values.

Revised Code:
import numpy as np
import pandas as pd
from scipy import stats

# Retrieve analysis metadata and ensure required structures are present
if 'analysis_metadata' not in adata.uns:
    raise ValueError("Missing 'analysis_metadata' in adata.uns; run the QC/coupling computation step first.")

analysis_md = adata.uns['analysis_metadata']

if 'coupling_summary' not in analysis_md:
    raise ValueError("Missing 'coupling_summary' in adata.uns['analysis_metadata']; run the coupling computation step first.")

coupling_summary_df = analysis_md['coupling_summary'].copy()

required_obs_cols = ['d_spatial_mean', 'd_random_mean']
missing_cols = [c for c in required_obs_cols if c not in adata.obs.columns]
if missing_cols:
    raise ValueError(f"Required per-cell columns missing from adata.obs: {missing_cols}; cannot run paired tests.")

# Prepare containers for test results
results = []

pops = adata.obs['Populations'].values
samples = adata.obs['Sample_ID'].values

# Iterate over unique (Populations, Sample_ID) combinations represented in coupling_summary
for _, row in coupling_summary_df[['Populations', 'Sample_ID']].drop_duplicates().iterrows():
    pop = row['Populations']
    sample = row['Sample_ID']

    mask = (pops == pop) & (samples == sample)
    idx = np.where(mask)[0]
    if idx.size == 0:
        continue

    d_spatial = adata.obs['d_spatial_mean'].values[idx].astype(float)
    d_random = adata.obs['d_random_mean'].values[idx].astype(float)

    # Define per-cell delta from the paired distances to ensure consistency
    delta_vals = d_random - d_spatial

    # Only keep cells with finite paired distances
    valid = np.isfinite(d_spatial) & np.isfinite(d_random)
    n_valid = int(valid.sum())

    if n_valid < 10:
        # Too few valid paired observations for a reliable test; record descriptive stats only
        results.append({
            'Populations': pop,
            'Sample_ID': sample,
            'n_paired_cells': n_valid,
            'wilcoxon_stat': np.nan,
            'wilcoxon_pvalue': np.nan,
            'delta_median_cells': float(np.nanmedian(delta_vals[valid])) if n_valid > 0 else np.nan,
            'delta_mean_cells': float(np.nanmean(delta_vals[valid])) if n_valid > 0 else np.nan,
            'effect_size_rank_biserial': np.nan
        })
        continue

    d_spatial_valid = d_spatial[valid]
    d_random_valid = d_random[valid]
    delta_valid = delta_vals[valid]

    # Wilcoxon signed-rank test on paired distances: H0 median difference == 0
    try:
        stat, pval = stats.wilcoxon(d_spatial_valid, d_random_valid, alternative='less')
        # alternative='less': d_spatial < d_random expected if spatial neighbors are more similar
    except ValueError:
        # e.g., if all differences are zero
        stat, pval = np.nan, np.nan

    # Rank-biserial correlation as effect size for paired Wilcoxon
    # r_rb = (W_plus - W_minus) / (W_plus + W_minus), computed from signed ranks of nonzero differences
    diffs = d_random_valid - d_spatial_valid
    n = diffs.size  # includes zeros; r_rb uses only nonzero diffs
    nonzero = diffs != 0
    if nonzero.sum() > 0:
        ranks = stats.rankdata(np.abs(diffs[nonzero]))
        W_plus = ranks[diffs[nonzero] > 0].sum()
        W_minus = ranks[diffs[nonzero] < 0].sum()
        denom = W_plus + W_minus
        if denom > 0:
            r_rb = (W_plus - W_minus) / denom
        else:
            r_rb = np.nan
    else:
        r_rb = np.nan

    results.append({
        'Populations': pop,
        'Sample_ID': sample,
        'n_paired_cells': n,
        'wilcoxon_stat': float(stat) if np.isfinite(stat) else np.nan,
        'wilcoxon_pvalue': float(pval) if np.isfinite(pval) else np.nan,
        'delta_median_cells': float(np.nanmedian(delta_valid)),
        'delta_mean_cells': float(np.nanmean(delta_valid)),
        'effect_size_rank_biserial': float(r_rb) if np.isfinite(r_rb) else np.nan
    })

results_df = pd.DataFrame(results)

# Multiple-testing correction (Benjamini-Hochberg FDR) for Wilcoxon p-values
pvals = results_df['wilcoxon_pvalue'].values.copy()
valid_p = np.isfinite(pvals)
if valid_p.sum() > 0:
    order = np.argsort(pvals[valid_p])
    ranked_p = pvals[valid_p][order]
    m = float(valid_p.sum())
    bh_fdr = np.empty_like(ranked_p)
    # Benjamini-Hochberg step-up
    prev = 1.0
    for i in range(int(m) - 1, -1, -1):
        bh_val = ranked_p[i] * m / (i + 1.0)
        if bh_val < prev:
            prev = bh_val
        bh_fdr[i] = prev
    # place back into full array
    fdr_full = np.full_like(pvals, np.nan, dtype=float)
    fdr_full_indices = np.where(valid_p)[0][order]
    fdr_full[fdr_full_indices] = bh_fdr
    results_df['wilcoxon_fdr'] = fdr_full
else:
    results_df['wilcoxon_fdr'] = np.nan

# Merge the test results back into the coupling_summary table on (Populations, Sample_ID)
merged = coupling_summary_df.merge(
    results_df,
    on=['Populations', 'Sample_ID'],
    how='left',
    suffixes=('', '_test')
)

# Overwrite coupling_summary in analysis_metadata with the augmented version
adata.uns['analysis_metadata']['coupling_summary'] = merged

# Print a compact textual summary of test results
valid_fdr = np.isfinite(results_df['wilcoxon_fdr'])
if valid_fdr.any():
    prop_sig = float(np.mean(results_df.loc[valid_fdr, 'wilcoxon_fdr'] < 0.05))
else:
    prop_sig = np.nan

print("Number of (Populations, Sample_ID) groups tested:", results_df.shape[0])
print("Proportion of groups with FDR < 0.05 (among groups with finite FDR):", prop_sig)
print("Top 10 groups by strongest positive rank-biserial effect size:")
print(results_df.sort_values('effect_size_rank_biserial', ascending=False).head(10)[[
    'Populations', 'Sample_ID', 'n_paired_cells', 'effect_size_rank_biserial', 'wilcoxon_pvalue', 'wilcoxon_fdr', 'delta_median_cells'
]])



================================================================================
2026-05-17 12:10:57,741 - INFO
================================================================================
RESPONSE/OUTPUT: step_execution_success_1_4

STEP 4 RAN SUCCESSFULLY - Analysis 1


================================================================================
2026-05-17 12:11:13,111 - INFO
================================================================================
RESPONSE/OUTPUT: results_interpretation_1_4

These results strongly support the core part of your hypothesis — within-group spatial neighbors are much more transcriptomically similar than random neighbors — and they give you a good quantitative handle to investigate how that coupling varies across groups.

Key points and implications:

1. **Robust within-group spatial–transcriptional coupling**

   - You tested 78 (Populations, Sample_ID) groups, and *100%* of those with finite FDR have `wilcoxon_fdr < 0.05`. This means that, essentially everywhere you had enough data, `d_spatial_mean < d_random_mean` at the per-cell level.
   - The rank-biserial effect sizes for the strongest groups are extremely high (0.97–0.99+), with large `n_paired_cells` (often >1000, up to ~4500). This is not a marginal effect; it’s a very strong, pervasive signal of spatial–transcriptional coupling.
   - Median per-cell deltas (`d_random_mean - d_spatial_mean`) in the top groups are on the order of ~2–3, which is substantial given these are averaged distances.

   Taken together, these results validate the first part of your hypothesis: within each cell population–sample group, spatial neighbors are *on average* more transcriptomically similar than random same-population cells.

2. **Code/analysis sanity and potential refinements**

   - The test direction (`alternative='less'` with `d_spatial` vs. `d_random`) and effect size definition (`d_random - d_spatial`) are consistent: positive delta and large positive rank-biserial correspond to stronger-than-random local similarity.
   - You appropriately drop groups with <10 valid pairs from hypothesis testing and still record descriptive metrics, which will be useful downstream.
   - A minor caveat: some groups have such large n and large effect that `wilcoxon_pvalue` underflows to 0.0. Your BH implementation handles this, but just be aware downstream that “0” here means “numerically indistinguishable from 0,” not literally.

   Possible small improvements (optional, not required to proceed):
   - Store the *sign* of the median delta relative to zero explicitly (e.g., a boolean “delta_median_positive”). Almost all will be positive, but if any groups are negative or near zero they’d be immediately visible.
   - Consider adding a measure of within-group dispersion for the per-cell delta (e.g., `delta_iqr_cells`) at this same step; that will be directly relevant for the “heterogeneity” part of the hypothesis.

3. **How this informs the next planned steps**

   You now have, per (Populations, Sample_ID), at least:
   - `delta_median_cells`
   - `delta_mean_cells`
   - `effect_size_rank_biserial`
   - `wilcoxon_pvalue`, `wilcoxon_fdr`
   - `n_paired_cells`

   These are exactly what you need to move into the “between-group” part of your hypothesis:

   **a. Comparing coupling strength across groups (next plan item)**

   - Use `delta_median_cells` and `effect_size_rank_biserial` as your primary “coupling strength” metrics.
   - Rank groups within each sample and within each population:
     - Within each `Sample_ID`: which populations have consistently high vs. low `delta_median_cells` and `effect_size_rank_biserial`?
     - Within each `Populations` code: how does coupling vary across samples?
   - The groups you highlighted (e.g., PK, PF, PQ, PM, PR in R77_4C4 and R78_4C12/4C15) are very strongly coupled. A useful summary would be:
     - Boxplots/violin plots of per-cell delta for a few “strong” vs. “weak” groups.
     - A heatmap or clustered matrix of `delta_median_cells` with Populations on one axis and Sample_ID on the other to visually identify patterns (e.g., some populations strong in all samples vs. sample-specific).

   Recommendations for this step:
   - Compute simple dispersion metrics per group from the per-cell delta you already have:
     - `delta_iqr_cells = IQR(d_random - d_spatial)`
     - `delta_sd_cells = std(d_random - d_spatial)`
   - Append these dispersion metrics into `coupling_summary` alongside the summary you just wrote; that will operationalize “heterogeneity” and is still distinct from what the paper likely did.

   **b. Identifying heterogeneity vs. homogeneity of coupling**

   - Once dispersion metrics are added, classify groups into:
     - Strong + low-heterogeneity (high delta_median, low IQR) → robustly coupled everywhere.
     - Strong + high-heterogeneity (high delta_median, high IQR) → some cells strongly coupled, others weak.
     - Weak + low-heterogeneity (low delta_median, low IQR) → uniformly weak coupling.
     - Weak + high-heterogeneity (low delta_median, high IQR) → mixed behavior.
   - This classification can be done by e.g. median splits or quantiles over `delta_median_cells` and `delta_iqr_cells`.

4. **Preparing for QC-related correlations (third plan item)**

   To address the “systematically varies” part of the hypothesis and guard against QC confounding:

   - Ensure that `qc_summary_pop_sample` includes, for the same set of (Populations, Sample_ID) pairs:
     - `median_UMI`, `median_purity`, `median_complexity` (or equivalent).
   - Merge this QC table with the updated `coupling_summary` on `(Populations, Sample_ID)`.
   - For each coupling metric you care about (`delta_median_cells`, `effect_size_rank_biserial`, and ideally `delta_iqr_cells`):
     - Compute Spearman correlation vs. each QC metric across groups.
     - Report ρ, p-value, and the number of groups used for each correlation.
   - Interpretation:
     - If coupling strength is *strongly* correlated with QC metrics (e.g., low complexity → low delta_median), then apparent differences across populations/samples might be QC-driven.
     - If correlations are weak or absent, you can more confidently interpret differences as biologically meaningful.

5. **Biological and spatial follow-up suggestions**

   Once you’ve ranked groups and looked at heterogeneity:

   - For a few exemplar populations:
     - Choose one strongly coupled and one more weakly coupled population.
     - Visualize:
       - Spatial map of cells colored by per-cell delta (high vs. low coupling) within a sample.
       - Distribution of delta within those groups.
   - This will help relate coupling to anatomical localization (e.g., some populations might have uniformly strong coupling in specific regions vs. more diffuse, heterogeneous patterns in others), while staying distinct from the original paper’s specific claims.

Summary of what’s validated and what to do next:

- The dataset shows very strong, statistically robust evidence that spatial neighbors are more transcriptomically similar than random neighbors within nearly all (Populations, Sample_ID) groups tested — validating the “existence” of spatial–transcriptional coupling.
- The next critical steps to address your full hypothesis are:
  1. Quantify and compare coupling strength and heterogeneity across groups (`delta_median_cells`, effect sizes, and newly computed dispersion metrics).
  2. Systematically relate these group-level coupling metrics to QC attributes with Spearman correlations, to separate biological variation from technical effects.
  3. Use ranked comparisons and simple classifications (strong/weak × homogeneous/heterogeneous) to identify especially interesting populations and samples for deeper spatial visualization.


================================================================================
2026-05-17 12:11:35,927 - INFO
================================================================================
RESPONSE/OUTPUT: initial_analysis_1_4

NEXT STEP PLAN - Analysis 1, Step 5: Using the existing per-cell coupling metrics (d_spatial_mean, d_random_mean, delta, z_score) and the augmented per-group coupling_summary (with Wilcoxon/FDR statistics) stored in adata.uns['analysis_metadata'], compare coupling strength and heterogeneity across (Populations, Sample_ID) groups by ranking populations within each sample and samples within each population on delta_median_cells, effect_size_rank_biserial, and simple dispersion measures of per-cell delta, and print concise textual summaries identifying consistently strong, weak, and highly heterogeneous coupling groups.

Code:
```python
import numpy as np
import pandas as pd
from scipy import stats

# Retrieve analysis metadata and required tables
if 'analysis_metadata' not in adata.uns:
    raise ValueError("Missing 'analysis_metadata' in adata.uns; run prior steps first.")

analysis_md = adata.uns['analysis_metadata']

if 'coupling_summary' not in analysis_md:
    raise ValueError("Missing 'coupling_summary' in adata.uns['analysis_metadata'].")
if 'qc_summary_pop_sample' not in analysis_md:
    raise ValueError("Missing 'qc_summary_pop_sample' in adata.uns['analysis_metadata'].")

coupling_summary = analysis_md['coupling_summary'].copy()
qc_pop_sample = analysis_md['qc_summary_pop_sample'].copy()

# Ensure obs has the per-cell distances
for col in ['d_spatial_mean', 'd_random_mean']:
    if col not in adata.obs.columns:
        raise ValueError(f"Required per-cell column '{col}' missing from adata.obs.")

# ------------------------------------------------------------------
# 1. Compute within-group dispersion of per-cell delta (heterogeneity)
# ------------------------------------------------------------------

pops = adata.obs['Populations'].values
samples = adata.obs['Sample_ID'].values

# Per-cell delta defined consistently with prior tests: d_random_mean - d_spatial_mean
cell_delta = (adata.obs['d_random_mean'].astype(float).values -
              adata.obs['d_spatial_mean'].astype(float).values)

# Container for dispersion stats per (Populations, Sample_ID)
het_records = []

for (pop, sample) in coupling_summary[['Populations', 'Sample_ID']].drop_duplicates().itertuples(index=False):
    mask = (pops == pop) & (samples == sample)
    if not np.any(mask):
        continue
    group_delta = cell_delta[mask]
    valid = np.isfinite(group_delta)
    n_valid = int(valid.sum())
    if n_valid == 0:
        het_records.append({
            'Populations': pop,
            'Sample_ID': sample,
            'delta_iqr_cells': np.nan,
            'delta_sd_cells': np.nan,
            'n_delta_cells': 0
        })
        continue
    gd = group_delta[valid]
    iqr = np.nanpercentile(gd, 75) - np.nanpercentile(gd, 25)
    sd = float(np.nanstd(gd, ddof=1)) if n_valid > 1 else np.nan
    het_records.append({
        'Populations': pop,
        'Sample_ID': sample,
        'delta_iqr_cells': float(iqr),
        'delta_sd_cells': sd,
        'n_delta_cells': n_valid
    })

het_df = pd.DataFrame(het_records)

# Merge heterogeneity metrics into coupling_summary
coupling_summary = coupling_summary.merge(
    het_df,
    on=['Populations', 'Sample_ID'],
    how='left'
)

# ------------------------------------------------------------------
# 2. Rank and summarize coupling strength/heterogeneity across groups
# ------------------------------------------------------------------

# Ensure key columns exist (some may come from the Wilcoxon step)
for col in ['delta_median_cells', 'effect_size_rank_biserial', 'wilcoxon_fdr']:
    if col not in coupling_summary.columns:
        print(f"Warning: expected column '{col}' not found in coupling_summary; downstream summaries may be limited.")

print("\n=== Overall distribution of coupling metrics across (Populations, Sample_ID) groups ===")
for metric in ['delta_median_cells', 'effect_size_rank_biserial', 'delta_iqr_cells']:
    if metric in coupling_summary.columns:
        desc = coupling_summary[metric].describe()
        print(f"\nSummary for {metric}:")
        print(desc.to_string())

# Identify consistently strong and weak groups by delta_median_cells and effect size

if 'delta_median_cells' in coupling_summary.columns:
    # Top and bottom groups by median per-cell delta
    top_delta = coupling_summary.sort_values('delta_median_cells', ascending=False).head(10)
    bottom_delta = coupling_summary.sort_values('delta_median_cells', ascending=True).head(10)

    print("\nTop 10 (Populations, Sample_ID) groups by strongest median coupling (delta_median_cells):")
    print(top_delta[['Populations', 'Sample_ID', 'delta_median_cells', 'delta_iqr_cells',
                     'effect_size_rank_biserial', 'wilcoxon_fdr']].to_string(index=False))

    print("\nBottom 10 (Populations, Sample_ID) groups by weakest median coupling (delta_median_cells):")
    print(bottom_delta[['Populations', 'Sample_ID', 'delta_median_cells', 'delta_iqr_cells',
                        'effect_size_rank_biserial', 'wilcoxon_fdr']].to_string(index=False))

# Summarize within each Sample_ID which populations are consistently strong/weak
print("\n=== Within-sample ranking of populations by coupling strength (delta_median_cells) ===")
if 'delta_median_cells' in coupling_summary.columns:
    for sample_id, sub in coupling_summary.groupby('Sample_ID'):
        print(f"\nSample_ID: {sample_id}")
        sub_sorted = sub.sort_values('delta_median_cells', ascending=False)
        print("Top 5 populations by delta_median_cells:")
        print(sub_sorted.head(5)[['Populations', 'delta_median_cells', 'delta_iqr_cells',
                                  'effect_size_rank_biserial', 'wilcoxon_fdr']].to_string(index=False))
        print("Bottom 5 populations by delta_median_cells:")
        print(sub_sorted.tail(5)[['Populations', 'delta_median_cells', 'delta_iqr_cells',
                                  'effect_size_rank_biserial', 'wilcoxon_fdr']].to_string(index=False))

# Summarize within each population how coupling varies across samples
print("\n=== Within-population variation in coupling across samples ===")
if 'delta_median_cells' in coupling_summary.columns:
    # Compute range of delta_median_cells across samples for each population
    pop_spread_records = []
    for pop, sub in coupling_summary.groupby('Populations'):
        vals = sub['delta_median_cells'].dropna().values
        if vals.size == 0:
            continue
        pop_spread_records.append({
            'Populations': pop,
            'delta_median_min': float(vals.min()),
            'delta_median_max': float(vals.max()),
            'delta_median_range': float(vals.max() - vals.min()),
            'n_samples': sub['Sample_ID'].nunique()
        })
    if pop_spread_records:
        pop_spread_df = pd.DataFrame(pop_spread_records)
        print("\nPopulations with largest across-sample variation in delta_median_cells (top 10 by range):")
        print(pop_spread_df.sort_values('delta_median_range', ascending=False)
              .head(10)[['Populations', 'n_samples', 'delta_median_min', 'delta_median_max', 'delta_median_range']]
              .to_string(index=False))

# Categorize groups into coarse classes: strong/weak x homogeneous/heterogeneous
print("\n=== Coarse classification of groups by strength and heterogeneity of coupling ===")
if 'delta_median_cells' in coupling_summary.columns and 'delta_iqr_cells' in coupling_summary.columns:
    med_delta_thresh = coupling_summary['delta_median_cells'].median()
    iqr_thresh = coupling_summary['delta_iqr_cells'].median()

    def classify_row(r):
        if not np.isfinite(r['delta_median_cells']) or not np.isfinite(r['delta_iqr_cells']):
            return 'undefined'
        strength = 'strong' if r['delta_median_cells'] >= med_delta_thresh else 'weak'
        het = 'heterogeneous' if r['delta_iqr_cells'] >= iqr_thresh else 'homogeneous'
        return f"{strength}_{het}"

    coupling_summary['strength_heterogeneity_class'] = coupling_summary.apply(classify_row, axis=1)

    class_counts = coupling_summary['strength_heterogeneity_class'].value_counts(dropna=False)
    print("Class counts (groups):")
    print(class_counts.to_string())

    # Show a few exemplar groups from each defined class
    for cls in ['strong_homogeneous', 'strong_heterogeneous', 'weak_homogeneous', 'weak_heterogeneous']:
        sub = coupling_summary[coupling_summary['strength_heterogeneity_class'] == cls]
        if sub.empty:
            continue
        print(f"\nExample groups from class '{cls}' (up to 5):")
        print(sub.sort_values('delta_median_cells', ascending=("weak" in cls))
              .head(5)[['Populations', 'Sample_ID', 'delta_median_cells', 'delta_iqr_cells',
                        'effect_size_rank_biserial', 'wilcoxon_fdr']]
              .to_string(index=False))

# Persist the updated coupling_summary (with heterogeneity and class labels) back to adata.uns
adata.uns['analysis_metadata']['coupling_summary'] = coupling_summary

# ------------------------------------------------------------------
# 3. Prepare merged table with QC for use in the next step (but do not run correlations yet)
# ------------------------------------------------------------------

# qc_pop_sample is assumed to be a pandas DataFrame with a MultiIndex (Populations, Sample_ID)
if isinstance(qc_pop_sample.index, pd.MultiIndex):
    qc_ps = qc_pop_sample.copy()
    qc_ps = qc_ps.reset_index()
    qc_ps.columns = ['Populations', 'Sample_ID'] + [
        '_'.join([str(c) for c in col]).strip('_') if isinstance(col, tuple) else str(col)
        for col in qc_ps.columns[2:]
    ]
else:
    # If it is already a flat frame, just ensure Populations/Sample_ID are columns
    qc_ps = qc_pop_sample.copy()
    if 'Populations' not in qc_ps.columns or 'Sample_ID' not in qc_ps.columns:
        raise ValueError("qc_summary_pop_sample must have Populations and Sample_ID as index or columns.")

# Merge to create a single table that the next step will use for QC–coupling correlations
merged_for_qc = coupling_summary.merge(
    qc_ps,
    on=['Populations', 'Sample_ID'],
    how='left'
)

adata.uns['analysis_metadata']['coupling_qc_merged'] = merged_for_qc

print("\nUpdated coupling_summary with per-group heterogeneity metrics and coarse strength/heterogeneity classes.")
print("Stored merged coupling–QC table in adata.uns['analysis_metadata']['coupling_qc_merged'] for the next step.")
```


================================================================================
2026-05-17 12:12:13,902 - INFO
================================================================================
RESPONSE/OUTPUT: self_critique_1_4

APPLIED SELF-CRITIQUE - Analysis 1, Step 5


================================================================================
2026-05-17 12:12:13,903 - INFO
================================================================================
RESPONSE/OUTPUT: revised_analysis_1_4

Revised Hypothesis: Within each anonymized cardiac cell population and sample, spatial neighbors are more transcriptomically similar than random same-population cells, and the magnitude and heterogeneity of this spatial–transcriptional coupling (quantified from freshly computed per-cell delta and z_score metrics) differ systematically across (Populations, Sample_ID) groups.

Revised Analysis Plan:
1. Compare coupling strength and heterogeneity across (Populations, Sample_ID) groups by augmenting the existing coupling_summary with per-group dispersion metrics derived directly from per-cell delta (e.g., delta_iqr_cells, delta_sd_cells, n_delta_cells), then ranking and textually summarizing populations within each sample and samples within each population on delta_median_cells, effect_size_rank_biserial, and these heterogeneity metrics to identify consistently strong, weak, and highly heterogeneous coupling groups.
2. Relate group-level coupling strength and heterogeneity metrics from the augmented coupling_summary (delta_median_cells, effect_size_rank_biserial, delta_iqr_cells) to QC attributes in qc_summary_pop_sample (median UMI Count, median Purity, median Complexity) using a merged coupling_qc_merged table and Spearman correlations across (Populations, Sample_ID) groups, printing correlation coefficients, p-values, and concise interpretive text on whether QC covaries with coupling strength or heterogeneity.

Revised Code:
import numpy as np
import pandas as pd
from scipy import stats

# Retrieve analysis metadata and required tables
if 'analysis_metadata' not in adata.uns:
    raise ValueError("Missing 'analysis_metadata' in adata.uns; run prior steps first.")

analysis_md = adata.uns['analysis_metadata']

if 'coupling_summary' not in analysis_md:
    raise ValueError("Missing 'coupling_summary' in adata.uns['analysis_metadata'].")
if 'qc_summary_pop_sample' not in analysis_md:
    raise ValueError("Missing 'qc_summary_pop_sample' in adata.uns['analysis_metadata'].")

coupling_summary = analysis_md['coupling_summary'].copy()
qc_pop_sample = analysis_md['qc_summary_pop_sample'].copy()

# Ensure obs has the per-cell distances needed to recompute delta consistently
for col in ['d_spatial_mean', 'd_random_mean']:
    if col not in adata.obs.columns:
        raise ValueError(f"Required per-cell column '{col}' missing from adata.obs.")

# ------------------------------------------------------------------
# 1. Compute within-group dispersion of per-cell delta (heterogeneity)
#    and attach to coupling_summary without overwriting existing cols
# ------------------------------------------------------------------

pops = adata.obs['Populations'].values
samples = adata.obs['Sample_ID'].values

# Per-cell delta defined consistently with prior tests: d_random_mean - d_spatial_mean
cell_delta = (adata.obs['d_random_mean'].astype(float).values -
              adata.obs['d_spatial_mean'].astype(float).values)

# Container for dispersion stats per (Populations, Sample_ID)
het_records = []

cs_groups = coupling_summary[['Populations', 'Sample_ID']].drop_duplicates()

# Optional: warn if there are (Populations, Sample_ID) in obs but not in coupling_summary
obs_groups = pd.DataFrame({'Populations': pops, 'Sample_ID': samples}).drop_duplicates()
missing_in_cs = pd.merge(obs_groups, cs_groups, on=['Populations', 'Sample_ID'], how='left', indicator=True)
missing_in_cs = missing_in_cs[missing_in_cs['_merge'] == 'left_only'][['Populations', 'Sample_ID']]
if not missing_in_cs.empty:
    print("Warning: Some (Populations, Sample_ID) combinations in adata.obs are missing from coupling_summary;\n"
          "heterogeneity will only be computed for groups present in coupling_summary.")

for (pop, sample) in cs_groups.itertuples(index=False):
    mask = (pops == pop) & (samples == sample)
    if not np.any(mask):
        print(f"Warning: (Populations={pop}, Sample_ID={sample}) present in coupling_summary but not in adata.obs; skipping.")
        het_records.append({
            'Populations': pop,
            'Sample_ID': sample,
            'delta_iqr_cells': np.nan,
            'delta_sd_cells': np.nan,
            'n_delta_cells': 0
        })
        continue
    group_delta = cell_delta[mask]
    valid = np.isfinite(group_delta)
    n_valid = int(valid.sum())
    if n_valid == 0:
        het_records.append({
            'Populations': pop,
            'Sample_ID': sample,
            'delta_iqr_cells': np.nan,
            'delta_sd_cells': np.nan,
            'n_delta_cells': 0
        })
        continue
    gd = group_delta[valid]
    iqr = np.nanpercentile(gd, 75) - np.nanpercentile(gd, 25)
    sd = float(np.nanstd(gd, ddof=1)) if n_valid > 1 else np.nan
    het_records.append({
        'Populations': pop,
        'Sample_ID': sample,
        'delta_iqr_cells': float(iqr),
        'delta_sd_cells': sd,
        'n_delta_cells': n_valid
    })

het_df = pd.DataFrame(het_records)

# Avoid silently overwriting existing heterogeneity columns
for col in ['delta_iqr_cells', 'delta_sd_cells', 'n_delta_cells']:
    if col in coupling_summary.columns:
        print(f"Warning: column '{col}' already exists in coupling_summary and will be overwritten with recomputed values.")

# Merge heterogeneity metrics into coupling_summary
coupling_summary = coupling_summary.drop(columns=[c for c in ['delta_iqr_cells', 'delta_sd_cells', 'n_delta_cells']
                                                 if c in coupling_summary.columns])

coupling_summary = coupling_summary.merge(
    het_df,
    on=['Populations', 'Sample_ID'],
    how='left'
)

# Document the meaning of the new heterogeneity metrics
analysis_md.setdefault('coupling_metric_conventions', {})['delta_heterogeneity_metrics'] = {
    'delta_iqr_cells': 'IQR of per-cell delta = d_random_mean - d_spatial_mean within each (Populations, Sample_ID); larger values indicate more heterogeneous coupling.',
    'delta_sd_cells': 'Sample standard deviation of per-cell delta within each (Populations, Sample_ID).',
    'n_delta_cells': 'Number of cells with finite per-cell delta contributing to within-group heterogeneity metrics.'
}

# ------------------------------------------------------------------
# 2. Rank and summarize coupling strength/heterogeneity across groups
# ------------------------------------------------------------------

# Check for key strength metrics and enforce presence of delta_median_cells
for col in ['delta_median_cells', 'effect_size_rank_biserial', 'wilcoxon_fdr']:
    if col not in coupling_summary.columns:
        msg = f"Expected column '{col}' not found in coupling_summary."
        if col == 'delta_median_cells':
            raise ValueError(msg + " This metric is required for strength ranking; ensure the Wilcoxon step was run.")
        else:
            print("Warning:", msg, "Downstream summaries for this metric will be limited.")

print("\n=== Overall distribution of coupling metrics across (Populations, Sample_ID) groups ===")
for metric in ['delta_median_cells', 'effect_size_rank_biserial', 'delta_iqr_cells']:
    if metric in coupling_summary.columns:
        desc = coupling_summary[metric].describe()
        print(f"\nSummary for {metric}:")
        print(desc.to_string())

# Identify globally strongest and weakest groups by delta_median_cells
if 'delta_median_cells' in coupling_summary.columns:
    top_delta = coupling_summary.sort_values('delta_median_cells', ascending=False).head(10)
    bottom_delta = coupling_summary.sort_values('delta_median_cells', ascending=True).head(10)

    print("\nTop 10 (Populations, Sample_ID) groups by strongest median coupling (delta_median_cells):")
    print(top_delta[['Populations', 'Sample_ID', 'delta_median_cells', 'delta_iqr_cells',
                     'effect_size_rank_biserial', 'wilcoxon_fdr']].to_string(index=False))

    print("\nBottom 10 (Populations, Sample_ID) groups by weakest median coupling (delta_median_cells):")
    print(bottom_delta[['Populations', 'Sample_ID', 'delta_median_cells', 'delta_iqr_cells',
                        'effect_size_rank_biserial', 'wilcoxon_fdr']].to_string(index=False))

# Within-sample ranking of populations by coupling strength
print("\n=== Within-sample ranking of populations by coupling strength (delta_median_cells) ===")
if 'delta_median_cells' in coupling_summary.columns:
    for sample_id, sub in coupling_summary.groupby('Sample_ID'):
        sub_sorted = sub.sort_values('delta_median_cells', ascending=False)
        print(f"\nSample_ID: {sample_id}")
        print("Top 5 populations by delta_median_cells:")
        print(sub_sorted.head(5)[['Populations', 'delta_median_cells', 'delta_iqr_cells',
                                  'effect_size_rank_biserial', 'wilcoxon_fdr']].to_string(index=False))
        print("Bottom 5 populations by delta_median_cells:")
        print(sub_sorted.tail(5)[['Populations', 'delta_median_cells', 'delta_iqr_cells',
                                  'effect_size_rank_biserial', 'wilcoxon_fdr']].to_string(index=False))

# Within-population variation in coupling across samples
print("\n=== Within-population variation in coupling across samples ===")
if 'delta_median_cells' in coupling_summary.columns:
    pop_spread_records = []
    for pop, sub in coupling_summary.groupby('Populations'):
        vals = sub['delta_median_cells'].dropna().values
        if vals.size == 0:
            continue
        pop_spread_records.append({
            'Populations': pop,
            'delta_median_min': float(vals.min()),
            'delta_median_max': float(vals.max()),
            'delta_median_range': float(vals.max() - vals.min()),
            'n_samples': sub['Sample_ID'].nunique()
        })
    if pop_spread_records:
        pop_spread_df = pd.DataFrame(pop_spread_records)
        print("\nPopulations with largest across-sample variation in delta_median_cells (top 10 by range):")
        print(pop_spread_df.sort_values('delta_median_range', ascending=False)
              .head(10)[['Populations', 'n_samples', 'delta_median_min', 'delta_median_max', 'delta_median_range']]
              .to_string(index=False))

# Coarse classification of groups by strength and heterogeneity of coupling
print("\n=== Coarse classification of groups by strength and heterogeneity of coupling ===")
if 'delta_median_cells' in coupling_summary.columns and 'delta_iqr_cells' in coupling_summary.columns:
    med_delta_thresh = coupling_summary['delta_median_cells'].median()
    iqr_thresh = coupling_summary['delta_iqr_cells'].median()

    def classify_row(r):
        if not np.isfinite(r['delta_median_cells']) or not np.isfinite(r['delta_iqr_cells']):
            return 'undefined'
        strength = 'strong' if r['delta_median_cells'] >= med_delta_thresh else 'weak'
        het = 'heterogeneous' if r['delta_iqr_cells'] >= iqr_thresh else 'homogeneous'
        return f"{strength}_{het}"

    coupling_summary['strength_heterogeneity_class'] = coupling_summary.apply(classify_row, axis=1)

    class_counts = coupling_summary['strength_heterogeneity_class'].value_counts(dropna=False)
    print("Class counts (groups):")
    print(class_counts.to_string())

    for cls in ['strong_homogeneous', 'strong_heterogeneous', 'weak_homogeneous', 'weak_heterogeneous']:
        sub = coupling_summary[coupling_summary['strength_heterogeneity_class'] == cls]
        if sub.empty:
            continue
        print(f"\nExample groups from class '{cls}' (up to 5):")
        print(sub.sort_values('delta_median_cells', ascending=("weak" in cls))
              .head(5)[['Populations', 'Sample_ID', 'delta_median_cells', 'delta_iqr_cells',
                        'effect_size_rank_biserial', 'wilcoxon_fdr']]
              .to_string(index=False))

# Persist the updated coupling_summary (with heterogeneity and class labels) back to adata.uns
adata.uns['analysis_metadata']['coupling_summary'] = coupling_summary

# ------------------------------------------------------------------
# 3. Prepare merged table with QC for use in the next (correlation) step
# ------------------------------------------------------------------

# qc_pop_sample is assumed to be a pandas DataFrame with a MultiIndex (Populations, Sample_ID)
if isinstance(qc_pop_sample.index, pd.MultiIndex):
    qc_ps = qc_pop_sample.copy().reset_index()
    qc_ps.columns = ['Populations', 'Sample_ID'] + [
        '_'.join([str(c) for c in col]).strip('_') if isinstance(col, tuple) else str(col)
        for col in qc_ps.columns[2:]
    ]
else:
    qc_ps = qc_pop_sample.copy()
    if 'Populations' not in qc_ps.columns or 'Sample_ID' not in qc_ps.columns:
        raise ValueError("qc_summary_pop_sample must have Populations and Sample_ID as index or columns.")

# Merge to create a single table for QC–coupling correlations
merged_for_qc = coupling_summary.merge(
    qc_ps,
    on=['Populations', 'Sample_ID'],
    how='left'
)

adata.uns['analysis_metadata']['coupling_qc_merged'] = merged_for_qc

print("\nUpdated coupling_summary with per-group heterogeneity metrics and coarse strength/heterogeneity classes.")
print("Stored merged coupling–QC table in adata.uns['analysis_metadata']['coupling_qc_merged'] for the next step.")


================================================================================
2026-05-17 12:12:14,014 - INFO
================================================================================
RESPONSE/OUTPUT: step_execution_success_1_5

STEP 5 RAN SUCCESSFULLY - Analysis 1


================================================================================
2026-05-17 12:12:31,029 - INFO
================================================================================
RESPONSE/OUTPUT: results_interpretation_1_5

The current step supports the core hypothesis well and sets you up nicely for the QC–coupling correlation step, with a few opportunities to extract more structure from what you already computed.

Key takeaways relative to the hypothesis
----------------------------------------
1. **Strong global spatial–transcriptional coupling.**  
   - All 78 (Population, Sample_ID) groups have **positive delta_median_cells** (min ~0.78, max ~3.5, median ~1.88).  
   - Rank-biserial effect sizes are very high (mean ~0.90, min ~0.65), and all Wilcoxon FDRs are essentially zero.  
   ⇒ Across the board, spatial neighbors are more transcriptomically similar than random same-population cells. This strongly supports the *existence* of spatial–transcriptional coupling.

2. **Substantial variation in coupling strength across groups.**  
   - Top groups (e.g., PR–R77_4C4, PR–R78_4C12, PZ–R78_4C15, PI–R77_4C4, PT–R78_4C15, PK/PM/PF in several samples) have delta_median_cells ~3.0–3.5.  
   - Weakest groups (e.g., PJ, PA, PL, PX, PP, PE, PV) cluster around ~0.8–1.2.  
   - Within each sample, there is a clear stratification of populations into very strong vs relatively weak coupling; this directly satisfies the “differ systematically across (Populations, Sample_ID)” part of the hypothesis.

3. **Non-trivial heterogeneity of coupling within groups.**  
   - delta_iqr_cells spans ~1.34–2.95 with mean ~1.96 and median ~1.92.  
   - Many of the strongest groups (e.g., PR–R77_4C4, PI–R77_4C4, PZ–R78_4C15) also have **high heterogeneity** (delta_iqr_cells > 2.4).  
   - Others (e.g., PN–R78_4C12, PG–R78_4C12, PR–R78_4C15) are “strong_homogeneous”.  
   ⇒ The heterogeneity component of the hypothesis is supported: even within a fixed (Population, Sample_ID), some groups show tight, uniform coupling while others have bimodal/gradient-like or mixed coupling.

4. **Structured variation across samples within the same population.**  
   - Populations like **PR, PI, PX, PZ, PQ, PM, PY, PS, PF, PD** show large ranges of delta_median_cells across samples (e.g., PR range ~1.25, PI ~1.00, PX ~1.00, PZ ~0.96).  
   ⇒ For these populations, spatial–transcriptional coupling is clearly context-dependent across sections, which is exactly what you want to characterize in subsequent steps.

5. **Coarse strength–heterogeneity classification is informative.**  
   - Class counts: 30 strong_heterogeneous, 9 strong_homogeneous, 30 weak_homogeneous, 9 weak_heterogeneous.  
   - The spectrum from **strong_heterogeneous** (PR–R77_4C4, PR–R78_4C12, PZ–R78_4C15, PI–R77_4C4, PT–R78_4C15) to **weak_homogeneous** (PJ, PA, PL across samples) already flags candidate populations for spatial gradients vs uniformly integrated vs uniformly decoupled states.

Concrete suggestions for next steps
-----------------------------------
These build on what you’ve computed while keeping the analysis distinct from typical papers and earlier attempts.

### 1. Leverage the strength–heterogeneity classes more explicitly

You already classified groups into strong/weak × homogeneous/heterogeneous. Before or alongside QC correlations, it would be very informative to:

- **Tabulate per-population class composition across samples.** For each population:
  - Count how many samples are strong_homogeneous, strong_heterogeneous, weak_homogeneous, weak_heterogeneous.
  - This will distinguish populations that are **robustly strongly coupled** (e.g., always strong_homogeneous/strong_heterogeneous) from those that **flip state across samples** (e.g., PR or PI might shift between strong_heterogeneous vs strong_homogeneous vs weaker).

- **Identify “class-switcher” populations.**  
  Focus on populations where:
  - at least one sample is strong_heterogeneous and another is weak_homogeneous or weak_heterogeneous.  
  These are prime candidates for **context-dependent spatial organization** (e.g., anatomical region or developmental stage effects hidden behind Sample_ID).

This requires minimal new code (just groupby over Populations and strength_heterogeneity_class) and gives a high-level, hypothesis-relevant summary.

### 2. In the QC–coupling correlation step, separate strength vs heterogeneity

When you correlate with qc_summary_pop_sample:

- Treat these as **distinct outcomes**:
  - Coupling strength: delta_median_cells, effect_size_rank_biserial.
  - Coupling heterogeneity: delta_iqr_cells (and optionally delta_sd_cells).
- Run **Spearman correlations** for each QC metric against:
  - delta_median_cells,
  - delta_iqr_cells,
  - and (if you want a compact index) +/- classify groups as strong vs weak (binary), heterogeneous vs homogeneous (binary) using the median thresholds you already computed.

Interpretive focus:

- If **QC covaries with delta_median_cells** (e.g., low UMI or complexity → weaker coupling), emphasize that some apparent differences in coupling might be partially technical and worth adjusting for or stratifying by.
- If **QC covaries mainly with delta_iqr_cells** (e.g., low complexity → artificially high heterogeneity, due to noisier distances), that would caution against over-interpreting “heterogeneous” groups without QC matching.
- If correlations are weak or inconsistent, that strengthens the argument that **biological** (not technical) factors drive the observed variation in coupling.

Consider:

- **Stratifying or repeating correlations** separately for strong vs weak groups, or for each Sample_ID, to see whether QC effects are sample-specific vs global.
- Reporting **n_delta_cells** involvement: e.g., check whether groups with very few contributing cells disproportionally show extreme heterogeneity (delta_iqr_cells) or outlier strength; this can be flagged and perhaps down-weighted.

### 3. Exploit populations with large across-sample variation

Your “within-population variation” summary already identified top 10 populations with largest delta_median_cells range (PR, PI, PX, PZ, etc.).

For these, it would be useful to:

- **Overlay their coupling metrics with QC per sample**:
  - For each such population, create a small table: Sample_ID, delta_median_cells, delta_iqr_cells, median UMI, median purity, median complexity, n_delta_cells.
  - This will help you quickly see whether their sample-to-sample coupling variation could be explained by sample-specific QC or is independent of QC.

- In future spatial/gene-level work (not yet coded), these “variable” populations can become targets to:
  - Visualize spatial patterns of high vs low per-cell delta within a sample (e.g., to see whether they map to anatomical subregions).
  - Look for genes whose expression tracks per-cell delta (within a given population–sample).

### 4. Check the “weak but still strongly significant” groups

Some “weak” groups (e.g., PJ, PA, PL, PX, etc.) have:

- Lower delta_median_cells (0.8–1.2), but
- Still quite high effect_size_rank_biserial (0.65–0.83) and ultra-significant Wilcoxon FDR.

This raises interesting biological and technical possibilities:

- They might be:
  - More **spatially intermingled** cell states (e.g., less regionally compartmentalized) that nonetheless retain some local structure.
  - Or they sit in **transitional / boundary regions** where physical proximity does not predict expression as strongly.
- But they also might coincide with:
  - Lower UMI counts or complexity, which you’ll be able to confirm with the merged QC table.

I recommend flagging these weak_homogeneous vs weak_heterogeneous groups explicitly in the QC step, to see whether their weakness is QC-driven or characteristic of particular spatial niches.

### 5. Minor code/robustness suggestions

- You already warn when adata.obs has groups missing from coupling_summary. After the QC merge, it might be worth printing:
  - fraction of (Populations, Sample_ID) with **non-null QC data**, and fraction with **n_delta_cells == 0**, since such groups should be excluded from correlation analyses or at least flagged.
- When computing Spearman correlations later, ensure you:
  - Drop rows with missing values in either the coupling metric or QC metric.
  - Optionally restrict to groups with **n_delta_cells above a small threshold** (e.g., >30) to avoid unstable variance estimates.

Summary of hypothesis status
----------------------------
- The current results **strongly validate** that spatial neighbors are more transcriptomically similar than random same-population cells for nearly all cardiac populations and samples.
- There is **clear, quantifiable variation** in coupling strength (delta_median_cells, effect_size_rank_biserial) and heterogeneity (delta_iqr_cells) across (Populations, Sample_ID) groups and across samples within a population.
- The introduced heterogeneity metrics and coarse strength–heterogeneity classes provide a good, interpretable structure that you can now relate to QC attributes and later to spatial/gene-level features.

The upcoming QC–coupling correlation step is well-posed; the main opportunity is to:
- treat strength vs heterogeneity separately,
- carefully account for n_delta_cells,
- and explicitly examine whether the most biologically intriguing patterns (e.g., PR, PI, PZ, PX, PJ, PA, PL) persist after considering QC.


================================================================================
2026-05-17 12:12:46,197 - INFO
================================================================================
RESPONSE/OUTPUT: initial_analysis_1_5

NEXT STEP PLAN - Analysis 1, Step 6: Using the prepared adata.uns['analysis_metadata']['coupling_qc_merged'] table, quantify how group-level coupling strength (delta_median_cells, effect_size_rank_biserial) and heterogeneity (delta_iqr_cells) covary with QC attributes (median UMI Count, median Purity, median Complexity) across (Populations, Sample_ID) groups via Spearman correlations and simple stratified summaries (e.g., by strength_heterogeneity_class), and interpret whether QC can reasonably explain the observed variability in coupling.

Code:
```python
import numpy as np
import pandas as pd
from scipy import stats

# Retrieve merged coupling–QC table
if 'analysis_metadata' not in adata.uns:
    raise ValueError("Missing 'analysis_metadata' in adata.uns; run prior steps first.")

analysis_md = adata.uns['analysis_metadata']

if 'coupling_qc_merged' not in analysis_md:
    raise ValueError("Missing 'coupling_qc_merged' in adata.uns['analysis_metadata']; run the heterogeneity/ranking step first.")

merged = analysis_md['coupling_qc_merged'].copy()

# Inspect available columns
print("Columns in coupling_qc_merged:")
print(sorted(merged.columns))

# Identify key coupling metrics
required_coupling_cols = ['delta_median_cells', 'effect_size_rank_biserial', 'delta_iqr_cells', 'n_delta_cells']
missing_coupling = [c for c in required_coupling_cols if c not in merged.columns]
if missing_coupling:
    raise ValueError(f"Missing required coupling metrics in merged table: {missing_coupling}")

# Heuristic: keep only groups with reasonable per-cell support
min_n_delta = 50
valid_n = merged['n_delta_cells'] >= min_n_delta
print(f"Number of (Populations, Sample_ID) groups with n_delta_cells >= {min_n_delta}:", int(valid_n.sum()))

# Try to infer QC column names (depends on groupby aggregation names)
# We'll look for common patterns in column names
qc_candidates = [c for c in merged.columns if ('UMI' in c or 'Purity' in c or 'Complexity' in c) and ('median' in c or 'mean' in c)]
print("Candidate QC columns (UMI/Purity/Complexity medians/means):", qc_candidates)

# Simple heuristic mapping: prefer median-like columns if present
umi_cols = [c for c in qc_candidates if 'UMI' in c]
purity_cols = [c for c in qc_candidates if 'Purity' in c]
complexity_cols = [c for c in qc_candidates if 'Complexity' in c]

# Choose one representative column for each metric, preferring 'median' over 'mean'
def choose_qc_col(cols, label):
    if not cols:
        print(f"Warning: no QC columns found for {label}; related correlations will be skipped.")
        return None
    med_like = [c for c in cols if 'median' in c.lower()]
    if med_like:
        # if multiple, just take the first alphabetically for reproducibility
        chosen = sorted(med_like)[0]
    else:
        chosen = sorted(cols)[0]
    print(f"Using QC column for {label}: {chosen}")
    return chosen

umi_col = choose_qc_col(umi_cols, 'UMI Count')
purity_col = choose_qc_col(purity_cols, 'Purity')
complexity_col = choose_qc_col(complexity_cols, 'Complexity')

qc_cols_actual = [c for c in [umi_col, purity_col, complexity_col] if c is not None]

if not qc_cols_actual:
    raise ValueError("No usable QC columns (UMI/Purity/Complexity) were identified; cannot perform QC–coupling correlation analysis.")

# Helper: compute Spearman correlations between a coupling metric and each QC metric

def spearman_against_qc(df, coupling_col, qc_cols, label, min_n=min_n_delta):
    print(f"\n=== Spearman correlations: {label} vs QC metrics (restricted to n_delta_cells >= {min_n}) ===")
    sub = df[df['n_delta_cells'] >= min_n].copy()
    if sub.empty:
        print("No groups meet the n_delta_cells threshold; skipping.")
        return
    for qc_col in qc_cols:
        # Drop rows with missing values in either variable
        x = sub[coupling_col].astype(float)
        y = sub[qc_col].astype(float)
        mask = np.isfinite(x) & np.isfinite(y)
        n_pairs = int(mask.sum())
        if n_pairs < 10:
            print(f"{label} vs {qc_col}: fewer than 10 valid pairs (n={n_pairs}); skipping.")
            continue
        rho, pval = stats.spearmanr(x[mask], y[mask])
        print(f"{label} vs {qc_col}: n={n_pairs}, Spearman rho={rho:.3f}, p={pval:.3e}")

# 1) Correlations of coupling strength metrics with QC
spearman_against_qc(merged, 'delta_median_cells', qc_cols_actual, 'delta_median_cells')

spearman_against_qc(merged, 'effect_size_rank_biserial', qc_cols_actual, 'effect_size_rank_biserial')

# 2) Correlations of coupling heterogeneity with QC
spearman_against_qc(merged, 'delta_iqr_cells', qc_cols_actual, 'delta_iqr_cells')

# 3) Optional: stratify by coarse strength/heterogeneity class if available
if 'strength_heterogeneity_class' in merged.columns:
    print("\n=== QC summaries by strength_heterogeneity_class (restricted to n_delta_cells >= {min_n_delta}) ===")
    sub = merged[merged['n_delta_cells'] >= min_n_delta].copy()
    class_counts = sub['strength_heterogeneity_class'].value_counts(dropna=False)
    print("Class counts (after n_delta_cells filter):")
    print(class_counts.to_string())
    for cls, cls_df in sub.groupby('strength_heterogeneity_class'):
        print(f"\nClass: {cls} (n_groups={cls_df.shape[0]})")
        for qc_col in qc_cols_actual:
            vals = cls_df[qc_col].astype(float)
            valid_vals = vals[np.isfinite(vals)]
            if valid_vals.size == 0:
                print(f"  {qc_col}: no valid values.")
                continue
            desc = valid_vals.describe()
            print(f"  {qc_col} summary:")
            print("   ", desc.to_string().replace("\n", "\n    "))
else:
    print("\nColumn 'strength_heterogeneity_class' not found; skipping class-stratified QC summaries.")

print("\nFinished QC–coupling correlation analysis.")
```


================================================================================
2026-05-17 12:13:12,811 - INFO
================================================================================
RESPONSE/OUTPUT: self_critique_1_5

APPLIED SELF-CRITIQUE - Analysis 1, Step 6


================================================================================
2026-05-17 12:13:12,812 - INFO
================================================================================
RESPONSE/OUTPUT: revised_analysis_1_5

Revised Hypothesis: Differences in spatial–transcriptional coupling strength and heterogeneity across (Populations, Sample_ID) groups are not solely driven by technical quality metrics (UMI depth, Purity, Complexity), implying that the observed variation reflects genuine, population- and context-specific modes of tissue organization in the developing heart.

Revised Analysis Plan:
1. Using the prepared adata.uns['analysis_metadata']['coupling_qc_merged'] table, quantify how group-level coupling strength (delta_median_cells, effect_size_rank_biserial) and heterogeneity (delta_iqr_cells) covary with QC attributes (median UMI Count, median Purity, median Complexity) across (Populations, Sample_ID) groups via Spearman correlations and simple stratified summaries (e.g., by strength_heterogeneity_class), and interpret whether QC can reasonably explain the observed variability in coupling.

Revised Code:
import numpy as np
import pandas as pd
from scipy import stats

# Retrieve merged coupling–QC table
if 'analysis_metadata' not in adata.uns:
    raise ValueError("Missing 'analysis_metadata' in adata.uns; run prior steps first.")

analysis_md = adata.uns['analysis_metadata']

if 'coupling_qc_merged' not in analysis_md:
    raise ValueError("Missing 'coupling_qc_merged' in adata.uns['analysis_metadata']; run the heterogeneity/ranking step first.")

merged = analysis_md['coupling_qc_merged'].copy()

# Inspect available columns
print("Columns in coupling_qc_merged:")
print(sorted(merged.columns))

# Identify key coupling metrics
required_coupling_cols = ['delta_median_cells', 'effect_size_rank_biserial', 'delta_iqr_cells', 'n_delta_cells']
missing_coupling = [c for c in required_coupling_cols if c not in merged.columns]
if missing_coupling:
    raise ValueError(f"Missing required coupling metrics in merged table: {missing_coupling}")

# Heuristic: keep only groups with reasonable per-cell support
min_n_delta = 50
valid_n = merged['n_delta_cells'] >= min_n_delta
print(f"Number of (Populations, Sample_ID) groups with n_delta_cells >= {min_n_delta}:", int(valid_n.sum()))

# Try to infer QC column names (depends on groupby aggregation names)
# We'll look for common patterns in column names
qc_candidates = [c for c in merged.columns if ('UMI' in c or 'Purity' in c or 'Complexity' in c) and ('median' in c or 'mean' in c)]
print("Candidate QC columns (UMI/Purity/Complexity medians/means):", qc_candidates)

# Simple heuristic mapping: prefer median-like columns if present
umi_cols = [c for c in qc_candidates if 'UMI' in c]
purity_cols = [c for c in qc_candidates if 'Purity' in c]
complexity_cols = [c for c in qc_candidates if 'Complexity' in c]

# Choose one representative column for each metric, preferring 'median' over 'mean'
def choose_qc_col(cols, label):
    if not cols:
        print(f"Warning: no QC columns found for {label}; related correlations will be skipped.")
        return None
    med_like = [c for c in cols if 'median' in c.lower()]
    if med_like:
        # if multiple, just take the first alphabetically for reproducibility
        chosen = sorted(med_like)[0]
    else:
        chosen = sorted(cols)[0]
    print(f"Using QC column for {label}: {chosen}")
    return chosen

umi_col = choose_qc_col(umi_cols, 'UMI Count')
purity_col = choose_qc_col(purity_cols, 'Purity')
complexity_col = choose_qc_col(complexity_cols, 'Complexity')

qc_cols_actual = [c for c in [umi_col, purity_col, complexity_col] if c is not None]

# Explicitly log which QC types are present / missing
qc_presence = {
    'UMI_Count_col': umi_col,
    'Purity_col': purity_col,
    'Complexity_col': complexity_col
}
print("QC column selection summary (None = missing):")
for k, v in qc_presence.items():
    print(f"  {k}: {v}")

if not qc_cols_actual:
    raise ValueError("No usable QC columns (UMI/Purity/Complexity) were identified; cannot perform QC–coupling correlation analysis.")

# Helper: compute Spearman correlations between a coupling metric and each QC metric

def spearman_against_qc(df, coupling_col, qc_cols, label, min_n=min_n_delta):
    print(f"\n=== Spearman correlations: {label} vs QC metrics (restricted to n_delta_cells >= {min_n}) ===")
    sub = df[df['n_delta_cells'] >= min_n].copy()
    if sub.empty:
        print("No groups meet the n_delta_cells threshold; skipping.")
        return
    print(f"Total groups used for {label} correlations: {sub.shape[0]}")
    for qc_col in qc_cols:
        # Drop rows with missing values in either variable
        x = sub[coupling_col].astype(float)
        y = sub[qc_col].astype(float)
        mask = np.isfinite(x) & np.isfinite(y)
        n_pairs = int(mask.sum())
        if n_pairs < 10:
            print(f"{label} vs {qc_col}: fewer than 10 valid pairs (n={n_pairs}); skipping.")
            continue
        rho, pval = stats.spearmanr(x[mask], y[mask])
        print(f"{label} vs {qc_col}: n={n_pairs}, Spearman rho={rho:.3f}, p={pval:.3e}")

# 1) Correlations of coupling strength metrics with QC
spearman_against_qc(merged, 'delta_median_cells', qc_cols_actual, 'delta_median_cells')

spearman_against_qc(merged, 'effect_size_rank_biserial', qc_cols_actual, 'effect_size_rank_biserial')

# 2) Correlations of coupling heterogeneity with QC
spearman_against_qc(merged, 'delta_iqr_cells', qc_cols_actual, 'delta_iqr_cells')

# 3) Optional: stratify by coarse strength/heterogeneity class if available
if 'strength_heterogeneity_class' in merged.columns:
    print(f"\n=== QC summaries by strength_heterogeneity_class (restricted to n_delta_cells >= {min_n_delta}) ===")
    sub = merged[merged['n_delta_cells'] >= min_n_delta].copy()
    class_counts = sub['strength_heterogeneity_class'].value_counts(dropna=False)
    print("Class counts (after n_delta_cells filter):")
    print(class_counts.to_string())
    for cls, cls_df in sub.groupby('strength_heterogeneity_class'):
        print(f"\nClass: {cls} (n_groups={cls_df.shape[0]})")
        for qc_col in qc_cols_actual:
            vals = cls_df[qc_col].astype(float)
            valid_vals = vals[np.isfinite(vals)]
            if valid_vals.size == 0:
                print(f"  {qc_col}: no valid values.")
                continue
            desc = valid_vals.describe()
            print(f"  {qc_col} summary:")
            print("   ", desc.to_string().replace("\n", "\n    "))
else:
    print("\nColumn 'strength_heterogeneity_class' not found; skipping class-stratified QC summaries.")

print("\nFinished QC–coupling correlation analysis.")



================================================================================
2026-05-17 12:13:12,854 - INFO
================================================================================
RESPONSE/OUTPUT: step_execution_success_1_6

STEP 6 RAN SUCCESSFULLY - Analysis 1


================================================================================
2026-05-17 12:13:27,616 - INFO
================================================================================
RESPONSE/OUTPUT: results_interpretation_1_6

These results support the hypothesis that spatial–transcriptional coupling is not just a QC artifact, but they also show that QC covaries with coupling to a non‑trivial extent. I’d summarize the current picture and then suggest how to sharpen it in downstream steps.

**1. What the correlations say about QC vs coupling**

Across 78 (Population, Sample_ID) groups with adequate support:

- **Coupling strength (delta_median_cells)**  
  - vs UMI Count_median: ρ = −0.386, p ≈ 4.8e‑4  
  - vs Purity_median: ρ = +0.371, p ≈ 8.3e‑4  
  - vs Complexity_median: ρ = −0.161, p ≈ 0.16  

  So strength is:
  - *moderately* higher in **lower‑UMI** groups, and
  - *moderately* higher in **higher‑purity** groups,
  - with no clear association to complexity.

- **Alternative strength metric (effect_size_rank_biserial)**  
  - vs UMI Count_median: ρ = −0.320, p ≈ 4.3e‑3  
  - vs Purity_median: ρ = +0.356, p ≈ 1.4e‑3  
  - vs Complexity_median: ρ ≈ 0, p ≈ 0.96  

  Very similar pattern, which increases confidence this is real, not just a quirk of delta_median_cells.

- **Heterogeneity (delta_iqr_cells)**  
  - vs UMI Count_median: ρ = −0.346, p ≈ 1.9e‑3  
  - vs Purity_median: ρ = +0.174, p ≈ 0.13  
  - vs Complexity_median: ρ = −0.215, p ≈ 0.059  

  Heterogeneity also tends to be **higher in lower‑UMI** groups; association with purity is weaker / non‑significant at this n.

Overall, QC explains some variation: ρ ≈ 0.3–0.4 is not negligible, but it’s far from deterministic (R² ~ 0.1–0.15 if linearized). There is plenty of residual variation in coupling that QC does not capture.

The directions also don’t align with a simple “bad QC inflates coupling” story:

- Higher **purity** → stronger coupling (consistent with better cell definition making spatial–expression alignment clearer).
- Lower **UMI depth** → stronger/heterogeneous coupling, which is less intuitive as pure artifact and may reflect genuine differences in transcriptional activity or panel informativeness across regions/populations.

**Conclusion at this stage:** QC is a contributor but not a sufficient explanation for coupling strength/heterogeneity. This is consistent with the hypothesis that there are genuine, group‑specific organizational modes.

---

**2. Class‑stratified QC patterns**

Comparing strength_heterogeneity_class:

- **Weak_homogeneous (n=30)**  
  - Highest UMI: mean ~416; relatively low purity: mean ~0.455; highest complexity: mean ~10.7.
- **Strong_heterogeneous (n=30)**  
  - Lower UMI: mean ~324; higher purity: mean ~0.526; intermediate complexity: mean ~9.3.
- **Strong_homogeneous (n=9)**  
  - UMI similar to strong_het: mean ~325; highest purity: mean ~0.579; high complexity: mean ~10.1.
- **Weak_heterogeneous (n=9)**  
  - UMI similar (~333); intermediate purity (~0.504); intermediate complexity (~9.1).

Key points:

- The **strong** classes do not occupy extreme QC corners. Strong_heterogeneous and strong_homogeneous overlap quite a bit in UMI and complexity, but differ biologically by definition in heterogeneity.
- **Weak_homogeneous** groups actually have *better* UMI and complexity than strong_heterogeneous, but lower purity. So “good UMI/complexity” is not sufficient for strong coupling; purity might be more relevant, but even then doesn’t partition classes cleanly.
- The mix of QC profiles across the four classes indicates that class membership cannot be reduced to “low vs high QC.”

This again aligns with QC as a partial, not dominant, driver.

---

**3. How this informs and refines the hypothesis**

Your hypothesis is *not* “no QC effect,” but that differences in coupling “are not solely driven” by QC. The current data are consistent with that:

- There is a **systematic QC signal** (ρ ~ 0.3–0.4), especially linking purity and lower UMI with stronger coupling.
- Yet, **class structure and residuals** strongly suggest **additional factors**, plausibly biological (cell state, anatomical region, local niche) and/or design‑related (panel match to that cell type).

So I would not over‑correct these QC associations away; instead, treat them as covariates to control and interpret, then ask whether population/sample structure explains residual variation.

---

**4. Concrete next analysis steps to move beyond QC**

To keep things distinct from the paper and prior analyses while building on these results:

1. **QC‑adjusted coupling metrics per group**

   - Fit simple models at the (Population, Sample_ID) level:
     - e.g. `delta_median_cells ~ UMI_median + Purity_median + Complexity_median`
     - and separately `delta_iqr_cells ~ UMI_median + Purity_median + Complexity_median`.
   - Extract **residuals** as “QC‑adjusted coupling strength/heterogeneity.”
   - Examine:
     - Distribution of residuals across **Populations** and **Sample_IDs**.
     - ANOVA or non‑parametric tests: does Population explain residual variation more than Sample_ID, or vice versa?
   - This directly addresses: after accounting for QC, which groups are unusually strongly/heterogeneously coupled?

2. **Within‑QC‑matched comparisons**

   - For each population, identify pairs of Sample_IDs with **similar QC** (e.g., within quantiles / small Euclidean distance in [UMI, purity, complexity] space).
   - Compare coupling metrics between these **QC‑matched** pairs to see if samples still differ substantially.
   - Conversely, within a single Sample_ID, compare populations with similar QC but different coupling.

3. **QC‑stratified spatial patterns**

   - Within high‑purity vs low‑purity tertiles, or high‑UMI vs low‑UMI tertiles:
     - Compare the **spatial patterns** (e.g. spatial autocorrelation of coupling at cell level, or neighborhood composition) of strongly vs weakly coupled groups.
   - The point is to show that even among QC‑matched strata, the **organization mode** (which neighbors they sit next to, how sharply they form domains) differs in a way that pairs with coupling strength/heterogeneity.

4. **Population–sample interaction analysis**

   - Build a simple linear mixed model or two‑way ANOVA on QC‑adjusted coupling:
     - Factors: Population, Sample_ID, and Population×Sample_ID interaction.
   - If the interaction explains significant variance, that’s very consistent with **context‑specific organizational modes** for the same labeled population in different hearts/regions.

5. **Link coupling to spatial neighborhood compositions (not just QC)**

   - For each (Population, Sample_ID) group:
     - quantify **neighbor composition entropy** or specific neighbor enrichments.
   - Correlate these **neighborhood metrics** with QC‑adjusted coupling strength and heterogeneity, instead of with raw QC.
   - This would move the story toward: “After controlling for QC, strong/heterogeneous coupling aligns with particular microenvironmental compositions or boundary structures.”

6. **Sensitivity analyses on QC thresholds**

   - Repeat the correlation and classification summaries with:
     - n_delta_cells thresholds of 30, 100, etc.
     - Alternative QC metrics (median vs mean, or including additional QC fields if present).
   - Show that your key qualitative findings (moderate QC correlation, substantial residual variation) are robust.

---

**5. Interpretation guidance going forward**

- Emphasize that **purity and UMI depth do partially covary with coupling**, so future figures and models should **adjust or stratify by these** to avoid over‑claiming.
- Focus biologically on:
  - Which populations consistently show high QC‑adjusted coupling across samples.
  - Which show **sample‑specific** deviations (high in some hearts, low in others) even at comparable QC.
- Use these QC‑adjusted differences as an entry point to examine **spatial domains, layer structure, or specific neighbor relationships** that might underlie them.

In short, your current step supports the central claim: QC does not fully explain coupling variability. The next steps should explicitly factor QC into models so you can cleanly attribute the remaining structure to population‑ and context‑specific tissue organization.


================================================================================
2026-05-17 12:13:27,623 - INFO
================================================================================
RESPONSE/OUTPUT: analysis_complete

ANALYSIS 1 COMPLETED - Notebook saved to: /home/mingqiam/TissueAgent/data/cellvoyager_agent/run_20260517_160422/outputs/farah_anon_recovery_20260517_120428/farah_anon_recovery_analysis_1.ipynb


================================================================================
2026-05-17 12:13:36,676 - INFO
================================================================================
RESPONSE/OUTPUT: initial_analysis_2_1

Hypothesis: Within each annotated cardiac population, spatially localized subpopulations exist whose transcriptional programs are systematically associated with gradients in sample-level tissue purity, reflecting differential vulnerability or adaptation to microenvironmental quality during heart development.

Analysis Plan:
1. Inspect available metadata (especially Populations, Purity, Sample_ID, Batch, UMI Count, Complexity) to confirm their distributions, identify major populations, and summarize Purity variation within and across Populations and samples using text-based statistics.
2. Within each sufficiently large Population, test whether Purity shows significant spatial autocorrelation (e.g., along x and y coordinates separately) by correlating Purity with spatial coordinates and by comparing high- vs low-Purity cells for basic QC metrics to rule out trivial technical confounding.
3. For selected major Populations, perform within-population unsupervised subclustering using the existing neighborhood graph / embeddings, assign subcluster labels, and quantify how Purity is distributed across subclusters to identify Purity-enriched transcriptional states.
4. Within each selected Population, run differential expression analysis between high-Purity and low-Purity cells (e.g., top vs bottom Purity quartile) and separately between Purity-enriched vs Purity-depleted subclusters, and report top genes and their statistics in text tables.
5. Score each cell for a small panel of data-driven gene signatures derived from high- vs low-Purity DE (e.g., top up- and down-regulated genes per Population), and test via regression or correlation whether signature scores are associated with Purity after adjusting for UMI Count and Complexity.
6. Summarize, for the most Purity-associated Populations, which gene programs and subclusters track Purity gradients, and report whether these relationships are consistent across Sample_IDs or batch-specific, using stratified text summaries and simple statistical tests (e.g., interaction terms or stratified correlations).

Initial Code:
import numpy as np
import pandas as pd
import scanpy as sc

# Basic AnnData overview
print("AnnData shape (cells x genes):", adata.n_obs, "x", adata.n_vars)

# List obs columns and their types
print("\n.obs columns and dtypes:")
print(adata.obs.dtypes)

# Show first few rows of key metadata
meta_cols = [col for col in ["Sample_ID", "Batch", "Populations", "Purity", "UMI Count", "Complexity", "leiden"] if col in adata.obs.columns]
print("\nHead of key metadata columns:")
print(adata.obs[meta_cols].head())

# Summary statistics for Purity overall and by Populations and Sample_ID
if "Purity" in adata.obs.columns:
    print("\nOverall Purity summary:")
    print(adata.obs["Purity"].describe())

    if "Populations" in adata.obs.columns:
        print("\nPurity by Populations (mean, std, count):")
        purity_by_pop = adata.obs.groupby("Populations")["Purity"].agg(["mean", "std", "count"]).sort_values("mean", ascending=False)
        print(purity_by_pop)

    if "Sample_ID" in adata.obs.columns:
        print("\nPurity by Sample_ID (mean, std, count):")
        purity_by_sample = adata.obs.groupby("Sample_ID")["Purity"].agg(["mean", "std", "count"]).sort_values("mean", ascending=False)
        print(purity_by_sample)

# Distribution of cell counts per Population and Sample_ID
if "Populations" in adata.obs.columns:
    print("\nCell counts per Population:")
    print(adata.obs["Populations"].value_counts())

if "Sample_ID" in adata.obs.columns:
    print("\nCell counts per Sample_ID:")
    print(adata.obs["Sample_ID"].value_counts())

# Check ranges and basic stats for UMI Count and Complexity
for col in ["UMI Count", "Complexity"]:
    if col in adata.obs.columns:
        print(f"\nSummary of {col}:")
        print(adata.obs[col].describe())


================================================================================
2026-05-17 12:13:58,463 - INFO
================================================================================
RESPONSE/OUTPUT: self_critique_2_1

APPLIED INITIAL SELF-CRITIQUE - Analysis 2


================================================================================
2026-05-17 12:13:58,463 - INFO
================================================================================
RESPONSE/OUTPUT: revised_analysis_2_1

Revised Hypothesis: Within each annotated cardiac population, spatially localized subpopulations exist whose transcriptional programs are systematically associated with gradients in sample-level tissue purity, reflecting differential vulnerability or adaptation to microenvironmental quality during heart development.

Revised Analysis Plan:
1. Inspect and clean available metadata (Populations, Purity, Sample_ID, Batch, UMI Count, Complexity, leiden), ensuring appropriate dtypes (categorical vs numeric), summarizing Purity and QC metric distributions overall and within Population × Sample_ID strata, and identifying well-powered groups (e.g., ≥200 cells per Population and per Population × Sample_ID).
2. Within each sufficiently large Population (and, where possible, within Population × Sample_ID groups), test for Purity–spatial structure using the 2D spatial coordinates in obsm['spatial'] (and optionally X_umap as a non-spatial control) by correlating Purity with x and y, and by computing simple spatial trend statistics, while also comparing UMI Count and Complexity between high- vs low-Purity cells per Population using Wilcoxon rank-sum tests and reporting p-values to rule out trivial QC confounding.
3. For major Populations that meet cell-count/QC criteria, perform strictly within-Population unsupervised subclustering using the existing neighborhood graph/embeddings (restricting to each Population at a time), derive subcluster labels, and then assess whether subcluster composition and Purity distributions differ across Sample_IDs to separate sample-driven from shared biological structure.
4. Within each qualifying Population, run differential expression analysis using sc.tl.rank_genes_groups (method='wilcoxon') separately (i) between high- vs low-Purity cells (e.g., top vs bottom Purity quartile) and (ii) between Purity-enriched vs Purity-depleted subclusters, performing tests within-Population and, where powered, within-Population × Sample_ID, and summarize top genes and statistics in text tables.
5. Construct data-driven Purity-associated gene signatures per Population from high- vs low-Purity DE results (e.g., top up- and down-regulated genes), score each cell with sc.tl.score_genes, and model signature scores as a function of Purity using linear regression with UMI Count, Complexity, and Sample_ID (or per-sample regressions) as covariates, reporting coefficients and p-values.
6. For Populations showing robust Purity associations, summarize which gene programs and subclusters track Purity gradients and evaluate cross-sample consistency by comparing the sign and magnitude of within-Sample_ID correlations between Purity and signature scores (and, if needed, meta-analyzing via Fisher’s z), reporting a text-based synthesis of consistent vs sample-specific patterns.

Revised Code:
import numpy as np
import pandas as pd
import scanpy as sc

# Basic AnnData overview
print("AnnData shape (cells x genes):", adata.n_obs, "x", adata.n_vars)

# Ensure key categorical columns are of type 'category' for efficient grouping
for col in ["Populations", "Sample_ID", "Batch", "leiden"]:
    if col in adata.obs.columns and not pd.api.types.is_categorical_dtype(adata.obs[col]):
        adata.obs[col] = adata.obs[col].astype("category")

# List obs columns and their types
print("\n.obs columns and dtypes:")
print(adata.obs.dtypes)

# Show first few rows of key metadata
meta_cols = [col for col in ["Sample_ID", "Batch", "Populations", "Purity", "UMI Count", "Complexity", "leiden"] if col in adata.obs.columns]
print("\nHead of key metadata columns:")
print(adata.obs[meta_cols].head())

# Explicitly confirm numeric dtypes and missingness for key continuous covariates
for col in ["Purity", "UMI Count", "Complexity"]:
    if col in adata.obs.columns:
        series = adata.obs[col]
        print(f"\n{col} summary and checks:")
        print("  dtype:", series.dtype)
        print("  describe():")
        print(series.describe())
        n_missing = series.isna().sum()
        print(f"  missing values: {n_missing}")

# Distribution of Purity overall and stratified
if "Purity" in adata.obs.columns:
    if "Populations" in adata.obs.columns:
        print("\nPurity by Populations (mean, std, count):")
        purity_by_pop = (
            adata.obs.groupby("Populations")["Purity"]
            .agg(["mean", "std", "count"])
            .sort_values("mean", ascending=False)
        )
        print(purity_by_pop)

    if "Sample_ID" in adata.obs.columns:
        print("\nPurity by Sample_ID (mean, std, count):")
        purity_by_sample = (
            adata.obs.groupby("Sample_ID")["Purity"]
            .agg(["mean", "std", "count"])
            .sort_values("mean", ascending=False)
        )
        print(purity_by_sample)

    if "Populations" in adata.obs.columns and "Sample_ID" in adata.obs.columns:
        print("\nPurity by Populations and Sample_ID (mean, std, count):")
        purity_by_pop_sample = (
            adata.obs
            .groupby(["Populations", "Sample_ID"])["Purity"]
            .agg(["mean", "std", "count"])
            .sort_values(["Populations", "Sample_ID"])
        )
        print(purity_by_pop_sample)

# Cell counts per Population, Sample_ID, and their combination to assess power
if "Populations" in adata.obs.columns:
    print("\nCell counts per Population:")
    counts_pop = adata.obs["Populations"].value_counts()
    print(counts_pop)

if "Sample_ID" in adata.obs.columns:
    print("\nCell counts per Sample_ID:")
    counts_sample = adata.obs["Sample_ID"].value_counts()
    print(counts_sample)

if "Populations" in adata.obs.columns and "Sample_ID" in adata.obs.columns:
    print("\nTop 20 Population × Sample_ID combinations by cell count:")
    pop_sample_counts = (
        adata.obs.groupby(["Populations", "Sample_ID"]).size()
        .rename("n_cells")
        .sort_values(ascending=False)
    )
    print(pop_sample_counts.head(20))

# Check ranges and basic stats for UMI Count and Complexity
for col in ["UMI Count", "Complexity"]:
    if col in adata.obs.columns:
        print(f"\nSummary of {col}:")
        print(adata.obs[col].describe())
        n_missing = adata.obs[col].isna().sum()
        print(f"Missing values in {col}: {n_missing}")


================================================================================
2026-05-17 12:14:02,170 - INFO
================================================================================
RESPONSE/OUTPUT: step_execution_success_2_1

STEP 1 RAN SUCCESSFULLY - Analysis 2


================================================================================
2026-05-17 12:14:15,679 - INFO
================================================================================
RESPONSE/OUTPUT: results_interpretation_2_1

The metadata/QC inventory looks solid and is a good foundation for the rest of the plan. Here’s how these results inform the next steps and the hypothesis.

1. Overall data quality / metadata readiness  
- Purity, UMI Count, and Complexity are all numeric with no missing values, which is ideal for downstream modeling and covariate adjustment.  
- The ranges look reasonable for MERFISH-style data: moderate UMI and complexity, Purity spanning 0.13–1.0 with a broad distribution (sd ~0.15). This gives you room to define meaningful high-/low-Purity strata and to detect gradients.  
- Key grouping variables (Populations, Sample_ID, Batch, leiden) are already categorical, which will make the stratified and within-population analyses straightforward.

2. Power assessment for Population and Population × Sample_ID  
- At the Population level, you have excellent power: almost all populations have >200 cells; many have thousands to tens of thousands. The smallest (PAA) still has >1000 cells overall. So nearly all populations can be included in population-level analyses.  
- At the Population × Sample_ID level, the top combinations have thousands of cells. You will be able to do within-Population × Sample_ID analyses for the larger pairs (e.g., PA×any sample; PB/PC/PD/PE/PI/PH/PG×several samples).  
- You should still explicitly set and apply a cutoff (e.g., ≥200 cells per Populations × Sample_ID) to decide where you can safely do:  
  - spatial-Purity trend tests,  
  - high vs low Purity DE,  
  - subclustering comparisons.

3. Structure of Purity across populations and samples  
- Purity varies substantially across Populations (means ~0.39–0.70). Some populations (PB, PS, PG, PR, PI, PM) are on the higher-Purity end; others (PJ, PL, PD, PC, PA) are lower. This variation is promising for your hypothesis: it means “microenvironmental quality” (as proxied by Purity) is not homogeneous and may be differentially experienced by different cell types.  
- Within-population variability (std) is nontrivial in almost all clusters (often ~0.1–0.16, PR as high as 0.22). This intra-population spread is exactly what you need to look for within-Population Purity gradients and subpopulations.  
- Across Sample_IDs, Purity means are very similar (~0.498–0.51). That suggests the Purity metric isn’t grossly different between samples, reducing the risk that your findings are dominated by global per-sample technical artifacts. Still, within each Populations × Sample_ID, the mean and spread will matter; you already have those summarized and they look reasonably stable but somewhat variable, which is useful signal.

4. Populations that look particularly promising for the hypothesis  
Because your hypothesis is about within-population substructure linked to Purity and spatial gradients, you want populations that have: large n, substantial Purity variance, and broad sampling across all three Sample_IDs.

From the summaries, strong candidates include:  
- High-Purity means with good counts and spread:  
  - PB (n ~20k, mean ~0.70, sd ~0.12)  
  - PS (n ~4.6k, mean ~0.66, sd ~0.11)  
  - PG (n ~11.6k, mean ~0.64, sd ~0.17)  
  - PR (n ~4.7k, mean ~0.62, sd ~0.22)  
  - PI (n ~10.4k, mean ~0.61, sd ~0.11)  
- Mid-range Purity but large size and decent variance (likely to harbor mixed microenvironments):  
  - PA (n ~30k, mean ~0.47, sd ~0.09)  
  - PC, PD, PE, PF, PH, PM, PN (all 7–17k cells, means around 0.42–0.58, sd ~0.10–0.15)  

These will be your primary “discovery” populations to explore spatial Purity gradients, subclusters, and transcriptional programs. Smaller populations (e.g., PX, PY, PZ, PAA) could be explored exploratorily but will have less power, especially per-sample.

5. Implications for QC confounding and later modeling  
- UMI Count and Complexity have substantial variation but no missingness. Before interpreting biological Purity gradients, you’ll need to test whether Purity is strongly correlated with these QC metrics within each Population (and per Sample_ID where possible). That aligns with your next plan steps: compare UMI/Complexity between high- and low-Purity cells using Wilcoxon tests, and later include them as covariates in regression models of Purity-associated signatures.  
- The distributions (median UMI ~386, IQR ~237–583; Complexity median ~10, IQR ~8–12) suggest moderate but not extreme variation. This is good—it’s unlikely that QC will completely dominate signal, but you must still check whether low-Purity cells systematically have fewer UMIs/genes in specific populations.

6. Recommendations for the immediate next steps (step 2 of your plan)  
Given these results, you’re ready to:

a) Spatial–Purity trend tests  
- Restrict to populations with n ≥ 500–1000 overall and, for within-sample analyses, Populations × Sample_ID with n ≥ 200. Explicitly compute:  
  - Correlation of Purity with spatial x and y (within each Population, and within each Population × Sample_ID when powered).  
  - As a non-spatial control: correlation of Purity with UMAP coordinates (if present in obsm['X_umap']) to separate purely transcriptomic gradients from physical-spatial ones.  
- Focus initially on the high-variance/high-n populations (PB, PG, PR, PI, PF, PH, PA, PC, PD, PE). They are most likely to exhibit continuous Purity gradients or spatially localized high-/low-Purity regions.  

b) QC checks stratified by Purity  
- Within each population, partition cells by Purity (e.g., quartiles or top/bottom 30%).  
- For each population (and for larger Populations × Sample_ID):  
  - Perform Wilcoxon rank-sum tests of UMI Count and Complexity between high- vs low-Purity groups.  
  - Flag populations where Purity is almost entirely confounded with severe UMI/Complexity differences; in those, any DE results must be interpreted cautiously and require stronger QC adjustment.  
- Summarize which populations show modest QC–Purity coupling (more trustworthy for biological interpretation) vs strong coupling (where you may need to downweight or treat findings as exploratory).

c) Prepare for subclustering and DE  
- Based on the cell counts per population, plan to do within-Population subclustering for at least: PA–PH, PM, PN, PQ, PR, PS, PT, maybe down to PU/PV/PW depending on interest.  
- For Populations × Sample_ID combinations with large n, note them as prime targets for “controlled” analyses isolating within-sample structure (e.g., PA×R78_4C15; PB×each sample; PC/PD/PE×each sample).

7. How this bears on the hypothesis so far  
- The metadata/QC landscape is compatible with your hypothesis: there is clear intra-population variation in Purity across many well-powered populations, without gross per-sample Purity shifts that would trivially explain everything.  
- You have the statistical power and structure (multiple samples, large cell numbers, moderate QC variation) to robustly test whether Purity associates with:  
  - spatial coordinates,  
  - subcluster structure,  
  - and distinct transcriptional programs within each annotated population.  

The hypothesis is not yet validated or refuted by these results alone, but the data structure is highly favorable for testing it. The key next steps are: (1) quantify Purity–spatial coupling within each major population while checking QC confounding, and (2) then move toward subclustering/DE in the best-behaved, well-powered populations that show nontrivial Purity gradients.


================================================================================
2026-05-17 12:14:34,535 - INFO
================================================================================
RESPONSE/OUTPUT: initial_analysis_2_1

NEXT STEP PLAN - Analysis 2, Step 2: Within each sufficiently large Population (and, where powered, Population × Sample_ID; e.g., n ≥ 200 cells), quantify the association between Purity and spatial coordinates (obsm['spatial']) by computing Pearson and Spearman correlations of Purity with x and y, testing significance, and in parallel quantify associations with UMAP coordinates as a non-spatial transcriptomic control; summarize spatial vs UMAP coupling and identify Populations with strong spatial–Purity structure not fully mirrored in UMAP space.

Code:
```python
import numpy as np
import pandas as pd
from scipy import stats

# Ensure required embeddings are present
assert 'spatial' in adata.obsm, "Spatial coordinates not found in adata.obsm['spatial']"
if 'X_umap' not in adata.obsm:
    raise ValueError("X_umap embedding not found in adata.obsm['X_umap']; required as a non-spatial control")

# Extract coordinates
spatial = adata.obsm['spatial']
umap = adata.obsm['X_umap']
adata.obs['spatial_x'] = spatial[:, 0]
adata.obs['spatial_y'] = spatial[:, 1]
adata.obs['umap_x'] = umap[:, 0]
adata.obs['umap_y'] = umap[:, 1]

# Define groupings and power thresholds
min_cells_pop = 200
min_cells_pop_sample = 200

pop_col = 'Populations'
sample_col = 'Sample_ID'

if pop_col not in adata.obs.columns:
    raise ValueError(f"Required column '{pop_col}' not found in adata.obs")
if sample_col not in adata.obs.columns:
    raise ValueError(f"Required column '{sample_col}' not found in adata.obs")
if 'Purity' not in adata.obs.columns:
    raise ValueError("Required column 'Purity' not found in adata.obs")

# Helper to compute correlations with both Pearson and Spearman
def corr_summary(x, y):
    """Return Pearson and Spearman r and p-values between x and y."""
    mask = np.isfinite(x) & np.isfinite(y)
    x_valid = x[mask]
    y_valid = y[mask]
    if x_valid.size < 3:
        return {
            'pearson_r': np.nan,
            'pearson_p': np.nan,
            'spearman_rho': np.nan,
            'spearman_p': np.nan,
            'n': int(x_valid.size),
        }
    pr, pp = stats.pearsonr(x_valid, y_valid)
    sr, sp = stats.spearmanr(x_valid, y_valid)
    return {
        'pearson_r': pr,
        'pearson_p': pp,
        'spearman_rho': sr,
        'spearman_p': sp,
        'n': int(x_valid.size),
    }

results = []

# Per-Population correlations
for pop, idx in adata.obs.groupby(pop_col).groups.items():
    n_cells = len(idx)
    if n_cells < min_cells_pop:
        continue
    sub = adata.obs.iloc[idx]
    purity = sub['Purity'].values

    # Spatial correlations
    csx = corr_summary(purity, sub['spatial_x'].values)
    csy = corr_summary(purity, sub['spatial_y'].values)

    # UMAP (non-spatial) correlations
    cux = corr_summary(purity, sub['umap_x'].values)
    cuy = corr_summary(purity, sub['umap_y'].values)

    results.append({
        'level': 'population',
        'population': pop,
        'sample_id': 'ALL',
        'n_cells': n_cells,
        'spatial_x_pearson_r': csx['pearson_r'],
        'spatial_x_pearson_p': csx['pearson_p'],
        'spatial_x_spearman_rho': csx['spearman_rho'],
        'spatial_x_spearman_p': csx['spearman_p'],
        'spatial_y_pearson_r': csy['pearson_r'],
        'spatial_y_pearson_p': csy['pearson_p'],
        'spatial_y_spearman_rho': csy['spearman_rho'],
        'spatial_y_spearman_p': csy['spearman_p'],
        'umap_x_pearson_r': cux['pearson_r'],
        'umap_x_pearson_p': cux['pearson_p'],
        'umap_x_spearman_rho': cux['spearman_rho'],
        'umap_x_spearman_p': cux['spearman_p'],
        'umap_y_pearson_r': cuy['pearson_r'],
        'umap_y_pearson_p': cuy['pearson_p'],
        'umap_y_spearman_rho': cuy['spearman_rho'],
        'umap_y_spearman_p': cuy['spearman_p'],
    })

# Per-Population × Sample_ID correlations (when powered)
for (pop, sample), idx in adata.obs.groupby([pop_col, sample_col]).groups.items():
    n_cells = len(idx)
    if n_cells < min_cells_pop_sample:
        continue
    sub = adata.obs.iloc[idx]
    purity = sub['Purity'].values

    csx = corr_summary(purity, sub['spatial_x'].values)
    csy = corr_summary(purity, sub['spatial_y'].values)
    cux = corr_summary(purity, sub['umap_x'].values)
    cuy = corr_summary(purity, sub['umap_y'].values)

    results.append({
        'level': 'population_sample',
        'population': pop,
        'sample_id': sample,
        'n_cells': n_cells,
        'spatial_x_pearson_r': csx['pearson_r'],
        'spatial_x_pearson_p': csx['pearson_p'],
        'spatial_x_spearman_rho': csx['spearman_rho'],
        'spatial_x_spearman_p': csx['spearman_p'],
        'spatial_y_pearson_r': csy['pearson_r'],
        'spatial_y_pearson_p': csy['pearson_p'],
        'spatial_y_spearman_rho': csy['spearman_rho'],
        'spatial_y_spearman_p': csy['spearman_p'],
        'umap_x_pearson_r': cux['pearson_r'],
        'umap_x_pearson_p': cux['pearson_p'],
        'umap_x_spearman_rho': cux['spearman_rho'],
        'umap_x_spearman_p': cux['spearman_p'],
        'umap_y_pearson_r': cuy['pearson_r'],
        'umap_y_pearson_p': cuy['pearson_p'],
        'umap_y_spearman_rho': cuy['spearman_rho'],
        'umap_y_spearman_p': cuy['spearman_p'],
    })

results_df = pd.DataFrame(results)

# Basic textual summaries
print("\n=== Per-Population spatial vs UMAP Purity correlations (Spearman, powered populations only) ===")
if not results_df.empty:
    pop_df = results_df[results_df['level'] == 'population'].copy()
    # Define a simple summary: max |rho| across x/y for spatial and UMAP
    pop_df['max_abs_spatial_rho'] = pop_df[['spatial_x_spearman_rho', 'spatial_y_spearman_rho']].abs().max(axis=1)
    pop_df['max_abs_umap_rho'] = pop_df[['umap_x_spearman_rho', 'umap_y_spearman_rho']].abs().max(axis=1)

    summary_cols = [
        'population', 'n_cells',
        'spatial_x_spearman_rho', 'spatial_x_spearman_p',
        'spatial_y_spearman_rho', 'spatial_y_spearman_p',
        'umap_x_spearman_rho', 'umap_x_spearman_p',
        'umap_y_spearman_rho', 'umap_y_spearman_p',
        'max_abs_spatial_rho', 'max_abs_umap_rho',
    ]
    pop_df = pop_df[summary_cols].sort_values('max_abs_spatial_rho', ascending=False)
    print(pop_df.to_string(index=False))
else:
    print("No populations met the minimum cell count threshold for correlation analysis.")

print("\n=== Top 20 Population × Sample_ID combinations by spatial Purity correlation strength (Spearman) ===")
ps_df = results_df[results_df['level'] == 'population_sample'].copy()
if not ps_df.empty:
    ps_df['max_abs_spatial_rho'] = ps_df[['spatial_x_spearman_rho', 'spatial_y_spearman_rho']].abs().max(axis=1)
    ps_df['max_abs_umap_rho'] = ps_df[['umap_x_spearman_rho', 'umap_y_spearman_rho']].abs().max(axis=1)
    summary_cols_ps = [
        'population', 'sample_id', 'n_cells',
        'spatial_x_spearman_rho', 'spatial_x_spearman_p',
        'spatial_y_spearman_rho', 'spatial_y_spearman_p',
        'umap_x_spearman_rho', 'umap_x_spearman_p',
        'umap_y_spearman_rho', 'umap_y_spearman_p',
        'max_abs_spatial_rho', 'max_abs_umap_rho',
    ]
    ps_df = ps_df[summary_cols_ps].sort_values('max_abs_spatial_rho', ascending=False).head(20)
    print(ps_df.to_string(index=False))
else:
    print("No Population × Sample_ID combinations met the minimum cell count threshold for correlation analysis.")

# Store full results in adata.uns for later steps
adata.uns['purity_spatial_umap_correlations'] = results_df
print("\nStored detailed correlation results in adata.uns['purity_spatial_umap_correlations'].")

```


================================================================================
2026-05-17 12:15:13,413 - INFO
================================================================================
RESPONSE/OUTPUT: self_critique_2_1

APPLIED SELF-CRITIQUE - Analysis 2, Step 2


================================================================================
2026-05-17 12:15:13,414 - INFO
================================================================================
RESPONSE/OUTPUT: revised_analysis_2_1

Revised Hypothesis: Within each annotated cardiac population, Purity shows spatial structure across tissue sections that cannot be fully explained by QC metrics, reflecting population- and sample-specific microenvironmental tissue-quality gradients influencing cell states during heart development.

Revised Analysis Plan:
1. Within each sufficiently large Population (and, where powered, Population × Sample_ID; e.g., n ≥ 200 cells), quantify the association between Purity and spatial coordinates (obsm['spatial']) versus UMAP coordinates (obsm['X_umap']) using Pearson and Spearman correlations, summarize effect sizes and unadjusted p-values, and define explicit criteria (e.g., |rho_spatial|max − |rho_umap|max ≥ 0.1 with FDR-adjusted spatial p < 0.05) to flag Populations with genuine spatial–Purity structure not mirrored in UMAP space.
2. For flagged Populations, assess QC confounding by (i) computing correlations of Purity with UMI Count and Complexity and (ii) comparing these QC metrics between high- and low-Purity strata (e.g., top vs bottom Purity quartile) using Wilcoxon rank-sum tests, reporting effect sizes and FDR-adjusted p-values and retaining Populations where QC differences are modest.
3. In Populations with spatially structured but only modestly QC-confounded Purity, perform within-Population subclustering using the existing neighbor graph/embeddings (restricting to that Population without recomputing global neighbors), assign subcluster labels, and test for differences in Purity distributions across subclusters via Kruskal–Wallis tests overall and, when powered, within each Sample_ID.
4. Within these selected Populations, perform differential expression with sc.tl.rank_genes_groups (method='wilcoxon') comparing high- vs low-Purity cells and, separately, Purity-enriched vs Purity-depleted subclusters, both at the Population level and in within-sample sensitivity analyses where powered, and construct per-Population Purity-up and Purity-down signatures from top DE genes based on adjusted p-values and effect sizes.
5. Score each cell for the Purity-up and Purity-down signatures using sc.tl.score_genes and model these scores via linear regression against Purity while adjusting for UMI Count, Complexity, and Sample_ID (and, where feasible, in separate within-sample models), summarizing regression coefficients and p-values to quantify how consistently Purity-associated programs track microenvironmental tissue-quality gradients across samples.

Revised Code:
import numpy as np
import pandas as pd
from scipy import stats

# Ensure required embeddings are present
assert 'spatial' in adata.obsm, "Spatial coordinates not found in adata.obsm['spatial']"
if 'X_umap' not in adata.obsm:
    raise ValueError("X_umap embedding not found in adata.obsm['X_umap']; required as a non-spatial control")

# Extract coordinates
spatial = adata.obsm['spatial']
umap = adata.obsm['X_umap']
adata.obs['spatial_x'] = spatial[:, 0]
adata.obs['spatial_y'] = spatial[:, 1]
adata.obs['umap_x'] = umap[:, 0]
adata.obs['umap_y'] = umap[:, 1]

# Define groupings and power thresholds
min_cells_pop = 200
min_cells_pop_sample = 200

pop_col = 'Populations'
sample_col = 'Sample_ID'

if pop_col not in adata.obs.columns:
    raise ValueError(f"Required column '{pop_col}' not found in adata.obs")
if sample_col not in adata.obs.columns:
    raise ValueError(f"Required column '{sample_col}' not found in adata.obs")
if 'Purity' not in adata.obs.columns:
    raise ValueError("Required column 'Purity' not found in adata.obs")

# Helper to compute correlations with both Pearson and Spearman
def corr_summary(x, y):
    """Return Pearson and Spearman r and p-values between x and y."""
    mask = np.isfinite(x) & np.isfinite(y)
    x_valid = x[mask]
    y_valid = y[mask]
    if x_valid.size < 3:
        return {
            'pearson_r': np.nan,
            'pearson_p': np.nan,
            'spearman_rho': np.nan,
            'spearman_p': np.nan,
            'n': int(x_valid.size),
        }
    pr, pp = stats.pearsonr(x_valid, y_valid)
    sr, sp = stats.spearmanr(x_valid, y_valid)
    return {
        'pearson_r': pr,
        'pearson_p': pp,
        'spearman_rho': sr,
        'spearman_p': sp,
        'n': int(x_valid.size),
    }

results = []

# Per-Population correlations
for pop, idx in adata.obs.groupby(pop_col).groups.items():
    n_cells = len(idx)
    if n_cells < min_cells_pop:
        continue
    sub = adata.obs.iloc[idx]
    purity = sub['Purity'].values

    # Spatial correlations (x,y vs Purity)
    csx = corr_summary(sub['spatial_x'].values, purity)
    csy = corr_summary(sub['spatial_y'].values, purity)

    # UMAP (non-spatial) correlations
    cux = corr_summary(sub['umap_x'].values, purity)
    cuy = corr_summary(sub['umap_y'].values, purity)

    results.append({
        'level': 'population',
        'population': pop,
        'sample_id': 'ALL',
        'n_cells': n_cells,
        'spatial_x_pearson_r': csx['pearson_r'],
        'spatial_x_pearson_p': csx['pearson_p'],
        'spatial_x_spearman_rho': csx['spearman_rho'],
        'spatial_x_spearman_p': csx['spearman_p'],
        'spatial_y_pearson_r': csy['pearson_r'],
        'spatial_y_pearson_p': csy['pearson_p'],
        'spatial_y_spearman_rho': csy['spearman_rho'],
        'spatial_y_spearman_p': csy['spearman_p'],
        'umap_x_pearson_r': cux['pearson_r'],
        'umap_x_pearson_p': cux['pearson_p'],
        'umap_x_spearman_rho': cux['spearman_rho'],
        'umap_x_spearman_p': cux['spearman_p'],
        'umap_y_pearson_r': cuy['pearson_r'],
        'umap_y_pearson_p': cuy['pearson_p'],
        'umap_y_spearman_rho': cuy['spearman_rho'],
        'umap_y_spearman_p': cuy['spearman_p'],
    })

# Per-Population × Sample_ID correlations (when powered)
for (pop, sample), idx in adata.obs.groupby([pop_col, sample_col]).groups.items():
    n_cells = len(idx)
    if n_cells < min_cells_pop_sample:
        continue
    sub = adata.obs.iloc[idx]
    purity = sub['Purity'].values

    csx = corr_summary(sub['spatial_x'].values, purity)
    csy = corr_summary(sub['spatial_y'].values, purity)
    cux = corr_summary(sub['umap_x'].values, purity)
    cuy = corr_summary(sub['umap_y'].values, purity)

    results.append({
        'level': 'population_sample',
        'population': pop,
        'sample_id': sample,
        'n_cells': n_cells,
        'spatial_x_pearson_r': csx['pearson_r'],
        'spatial_x_pearson_p': csx['pearson_p'],
        'spatial_x_spearman_rho': csx['spearman_rho'],
        'spatial_x_spearman_p': csx['spearman_p'],
        'spatial_y_pearson_r': csy['pearson_r'],
        'spatial_y_pearson_p': csy['pearson_p'],
        'spatial_y_spearman_rho': csy['spearman_rho'],
        'spatial_y_spearman_p': csy['spearman_p'],
        'umap_x_pearson_r': cux['pearson_r'],
        'umap_x_pearson_p': cux['pearson_p'],
        'umap_x_spearman_rho': cux['spearman_rho'],
        'umap_x_spearman_p': cux['spearman_p'],
        'umap_y_pearson_r': cuy['pearson_r'],
        'umap_y_pearson_p': cuy['pearson_p'],
        'umap_y_spearman_rho': cuy['spearman_rho'],
        'umap_y_spearman_p': cuy['spearman_p'],
    })

results_df = pd.DataFrame(results)

# Compute simple multiple-testing-aware summaries at the population level
from statsmodels.stats.multitest import multipletests

if not results_df.empty:
    pop_df = results_df[results_df['level'] == 'population'].copy()
    # Max |rho| across x/y for spatial and UMAP (Spearman)
    pop_df['max_abs_spatial_rho'] = pop_df[['spatial_x_spearman_rho', 'spatial_y_spearman_rho']].abs().max(axis=1)
    pop_df['max_abs_umap_rho'] = pop_df[['umap_x_spearman_rho', 'umap_y_spearman_rho']].abs().max(axis=1)

    # FDR adjust minimum spatial p-value across x/y
    pop_df['min_spatial_p'] = pop_df[['spatial_x_spearman_p', 'spatial_y_spearman_p']].min(axis=1)
    _, pop_df['min_spatial_p_fdr'], _, _ = multipletests(pop_df['min_spatial_p'], method='fdr_bh')

    # Define a flag for strong spatial-Purity structure not mirrored in UMAP
    pop_df['strong_spatial_purity'] = (
        (pop_df['max_abs_spatial_rho'] - pop_df['max_abs_umap_rho'] >= 0.1) &
        (pop_df['min_spatial_p_fdr'] < 0.05)
    )

    # Print summary table
    summary_cols = [
        'population', 'n_cells',
        'spatial_x_spearman_rho', 'spatial_x_spearman_p',
        'spatial_y_spearman_rho', 'spatial_y_spearman_p',
        'umap_x_spearman_rho', 'umap_x_spearman_p',
        'umap_y_spearman_rho', 'umap_y_spearman_p',
        'max_abs_spatial_rho', 'max_abs_umap_rho',
        'min_spatial_p_fdr', 'strong_spatial_purity',
    ]
    pop_df = pop_df[summary_cols].sort_values('max_abs_spatial_rho', ascending=False)

    print("\n=== Per-Population spatial vs UMAP Purity correlations (Spearman, powered populations only) ===")
    print(pop_df.to_string(index=False))

    # Store flagged populations in uns for downstream steps
    strong_pops = pop_df.loc[pop_df['strong_spatial_purity'], 'population'].tolist()
    adata.uns['purity_spatial_umap_strong_populations'] = strong_pops
    print("\nFlagged Populations with strong spatial–Purity structure (not mirrored in UMAP):")
    print(strong_pops)
else:
    print("No populations met the minimum cell count threshold for correlation analysis.")

print("\n=== Top 20 Population × Sample_ID combinations by spatial Purity correlation strength (Spearman) ===")
ps_df = results_df[results_df['level'] == 'population_sample'].copy()
if not ps_df.empty:
    ps_df['max_abs_spatial_rho'] = ps_df[['spatial_x_spearman_rho', 'spatial_y_spearman_rho']].abs().max(axis=1)
    ps_df['max_abs_umap_rho'] = ps_df[['umap_x_spearman_rho', 'umap_y_spearman_rho']].abs().max(axis=1)
    summary_cols_ps = [
        'population', 'sample_id', 'n_cells',
        'spatial_x_spearman_rho', 'spatial_x_spearman_p',
        'spatial_y_spearman_rho', 'spatial_y_spearman_p',
        'umap_x_spearman_rho', 'umap_x_spearman_p',
        'umap_y_spearman_rho', 'umap_y_spearman_p',
        'max_abs_spatial_rho', 'max_abs_umap_rho',
    ]
    ps_df = ps_df[summary_cols_ps].sort_values('max_abs_spatial_rho', ascending=False).head(20)
    print(ps_df.to_string(index=False))
else:
    print("No Population × Sample_ID combinations met the minimum cell count threshold for correlation analysis.")

# Store full results in adata.uns for later steps
adata.uns['purity_spatial_umap_correlations'] = results_df
print("\nStored detailed correlation results in adata.uns['purity_spatial_umap_correlations'].")


================================================================================
2026-05-17 12:15:14,627 - INFO
================================================================================
RESPONSE/OUTPUT: step_execution_failed_2_2

STEP 2 FAILED - Analysis 2

Code:
```python
import numpy as np
import pandas as pd
from scipy import stats

# Ensure required embeddings are present
assert 'spatial' in adata.obsm, "Spatial coordinates not found in adata.obsm['spatial']"
if 'X_umap' not in adata.obsm:
    raise ValueError("X_umap embedding not found in adata.obsm['X_umap']; required as a non-spatial control")

# Extract coordinates
spatial = adata.obsm['spatial']
umap = adata.obsm['X_umap']
adata.obs['spatial_x'] = spatial[:, 0]
adata.obs['spatial_y'] = spatial[:, 1]
adata.obs['umap_x'] = umap[:, 0]
adata.obs['umap_y'] = umap[:, 1]

# Define groupings and power thresholds
min_cells_pop = 200
min_cells_pop_sample = 200

pop_col = 'Populations'
sample_col = 'Sample_ID'

if pop_col not in adata.obs.columns:
    raise ValueError(f"Required column '{pop_col}' not found in adata.obs")
if sample_col not in adata.obs.columns:
    raise ValueError(f"Required column '{sample_col}' not found in adata.obs")
if 'Purity' not in adata.obs.columns:
    raise ValueError("Required column 'Purity' not found in adata.obs")

# Helper to compute correlations with both Pearson and Spearman
def corr_summary(x, y):
    """Return Pearson and Spearman r and p-values between x and y."""
    mask = np.isfinite(x) & np.isfinite(y)
    x_valid = x[mask]
    y_valid = y[mask]
    if x_valid.size < 3:
        return {
            'pearson_r': np.nan,
            'pearson_p': np.nan,
            'spearman_rho': np.nan,
            'spearman_p': np.nan,
            'n': int(x_valid.size),
        }
    pr, pp = stats.pearsonr(x_valid, y_valid)
    sr, sp = stats.spearmanr(x_valid, y_valid)
    return {
        'pearson_r': pr,
        'pearson_p': pp,
        'spearman_rho': sr,
        'spearman_p': sp,
        'n': int(x_valid.size),
    }

results = []

# Per-Population correlations
for pop, idx in adata.obs.groupby(pop_col).groups.items():
    n_cells = len(idx)
    if n_cells < min_cells_pop:
        continue
    sub = adata.obs.iloc[idx]
    purity = sub['Purity'].values

    # Spatial correlations (x,y vs Purity)
    csx = corr_summary(sub['spatial_x'].values, purity)
    csy = corr_summary(sub['spatial_y'].values, purity)

    # UMAP (non-spatial) correlations
    cux = corr_summary(sub['umap_x'].values, purity)
    cuy = corr_summary(sub['umap_y'].values, purity)

    results.append({
        'level': 'population',
        'population': pop,
        'sample_id': 'ALL',
        'n_cells': n_cells,
        'spatial_x_pearson_r': csx['pearson_r'],
        'spatial_x_pearson_p': csx['pearson_p'],
        'spatial_x_spearman_rho': csx['spearman_rho'],
        'spatial_x_spearman_p': csx['spearman_p'],
        'spatial_y_pearson_r': csy['pearson_r'],
        'spatial_y_pearson_p': csy['pearson_p'],
        'spatial_y_spearman_rho': csy['spearman_rho'],
        'spatial_y_spearman_p': csy['spearman_p'],
        'umap_x_pearson_r': cux['pearson_r'],
        'umap_x_pearson_p': cux['pearson_p'],
        'umap_x_spearman_rho': cux['spearman_rho'],
        'umap_x_spearman_p': cux['spearman_p'],
        'umap_y_pearson_r': cuy['pearson_r'],
        'umap_y_pearson_p': cuy['pearson_p'],
        'umap_y_spearman_rho': cuy['spearman_rho'],
        'umap_y_spearman_p': cuy['spearman_p'],
    })

# Per-Population × Sample_ID correlations (when powered)
for (pop, sample), idx in adata.obs.groupby([pop_col, sample_col]).groups.items():
    n_cells = len(idx)
    if n_cells < min_cells_pop_sample:
        continue
    sub = adata.obs.iloc[idx]
    purity = sub['Purity'].values

    csx = corr_summary(sub['spatial_x'].values, purity)
    csy = corr_summary(sub['spatial_y'].values, purity)
    cux = corr_summary(sub['umap_x'].values, purity)
    cuy = corr_summary(sub['umap_y'].values, purity)

    results.append({
        'level': 'population_sample',
        'population': pop,
        'sample_id': sample,
        'n_cells': n_cells,
        'spatial_x_pearson_r': csx['pearson_r'],
        'spatial_x_pearson_p': csx['pearson_p'],
        'spatial_x_spearman_rho': csx['spearman_rho'],
        'spatial_x_spearman_p': csx['spearman_p'],
        'spatial_y_pearson_r': csy['pearson_r'],
        'spatial_y_pearson_p': csy['pearson_p'],
        'spatial_y_spearman_rho': csy['spearman_rho'],
        'spatial_y_spearman_p': csy['spearman_p'],
        'umap_x_pearson_r': cux['pearson_r'],
        'umap_x_pearson_p': cux['pearson_p'],
        'umap_x_spearman_rho': cux['spearman_rho'],
        'umap_x_spearman_p': cux['spearman_p'],
        'umap_y_pearson_r': cuy['pearson_r'],
        'umap_y_pearson_p': cuy['pearson_p'],
        'umap_y_spearman_rho': cuy['spearman_rho'],
        'umap_y_spearman_p': cuy['spearman_p'],
    })

results_df = pd.DataFrame(results)

# Compute simple multiple-testing-aware summaries at the population level
from statsmodels.stats.multitest import multipletests

if not results_df.empty:
    pop_df = results_df[results_df['level'] == 'population'].copy()
    # Max |rho| across x/y for spatial and UMAP (Spearman)
    pop_df['max_abs_spatial_rho'] = pop_df[['spatial_x_spearman_rho', 'spatial_y_spearman_rho']].abs().max(axis=1)
    pop_df['max_abs_umap_rho'] = pop_df[['umap_x_spearman_rho', 'umap_y_spearman_rho']].abs().max(axis=1)

    # FDR adjust minimum spatial p-value across x/y
    pop_df['min_spatial_p'] = pop_df[['spatial_x_spearman_p', 'spatial_y_spearman_p']].min(axis=1)
    _, pop_df['min_spatial_p_fdr'], _, _ = multipletests(pop_df['min_spatial_p'], method='fdr_bh')

    # Define a flag for strong spatial-Purity structure not mirrored in UMAP
    pop_df['strong_spatial_purity'] = (
        (pop_df['max_abs_spatial_rho'] - pop_df['max_abs_umap_rho'] >= 0.1) &
        (pop_df['min_spatial_p_fdr'] < 0.05)
    )

    # Print summary table
    summary_cols = [
        'population', 'n_cells',
        'spatial_x_spearman_rho', 'spatial_x_spearman_p',
        'spatial_y_spearman_rho', 'spatial_y_spearman_p',
        'umap_x_spearman_rho', 'umap_x_spearman_p',
        'umap_y_spearman_rho', 'umap_y_spearman_p',
        'max_abs_spatial_rho', 'max_abs_umap_rho',
        'min_spatial_p_fdr', 'strong_spatial_purity',
    ]
    pop_df = pop_df[summary_cols].sort_values('max_abs_spatial_rho', ascending=False)

    print("\n=== Per-Population spatial vs UMAP Purity correlations (Spearman, powered populations only) ===")
    print(pop_df.to_string(index=False))

    # Store flagged populations in uns for downstream steps
    strong_pops = pop_df.loc[pop_df['strong_spatial_purity'], 'population'].tolist()
    adata.uns['purity_spatial_umap_strong_populations'] = strong_pops
    print("\nFlagged Populations with strong spatial–Purity structure (not mirrored in UMAP):")
    print(strong_pops)
else:
    print("No populations met the minimum cell count threshold for correlation analysis.")

print("\n=== Top 20 Population × Sample_ID combinations by spatial Purity correlation strength (Spearman) ===")
ps_df = results_df[results_df['level'] == 'population_sample'].copy()
if not ps_df.empty:
    ps_df['max_abs_spatial_rho'] = ps_df[['spatial_x_spearman_rho', 'spatial_y_spearman_rho']].abs().max(axis=1)
    ps_df['max_abs_umap_rho'] = ps_df[['umap_x_spearman_rho', 'umap_y_spearman_rho']].abs().max(axis=1)
    summary_cols_ps = [
        'population', 'sample_id', 'n_cells',
        'spatial_x_spearman_rho', 'spatial_x_spearman_p',
        'spatial_y_spearman_rho', 'spatial_y_spearman_p',
        'umap_x_spearman_rho', 'umap_x_spearman_p',
        'umap_y_spearman_rho', 'umap_y_spearman_p',
        'max_abs_spatial_rho', 'max_abs_umap_rho',
    ]
    ps_df = ps_df[summary_cols_ps].sort_values('max_abs_spatial_rho', ascending=False).head(20)
    print(ps_df.to_string(index=False))
else:
    print("No Population × Sample_ID combinations met the minimum cell count threshold for correlation analysis.")

# Store full results in adata.uns for later steps
adata.uns['purity_spatial_umap_correlations'] = results_df
print("\nStored detailed correlation results in adata.uns['purity_spatial_umap_correlations'].")

 Error:
ValueError: invalid literal for int() with base 10: '240010-R77_4C4'```


================================================================================
2026-05-17 12:15:28,262 - INFO
================================================================================
RESPONSE/OUTPUT: fix_attempt_failed_2_2_1

FIX ATTEMPT FAILED 1/3 - Analysis 2, Step 2: ValueError: invalid literal for int() with base 10: np.str_('240010-R77_4C4')

Code:
```python

import numpy as np
import pandas as pd
from scipy import stats

# Ensure required embeddings are present
assert 'spatial' in adata.obsm, "Spatial coordinates not found in adata.obsm['spatial']"
if 'X_umap' not in adata.obsm:
    raise ValueError("X_umap embedding not found in adata.obsm['X_umap']; required as a non-spatial control")

# Extract coordinates
spatial = adata.obsm['spatial']
umap = adata.obsm['X_umap']
adata.obs['spatial_x'] = spatial[:, 0]
adata.obs['spatial_y'] = spatial[:, 1]
adata.obs['umap_x'] = umap[:, 0]
adata.obs['umap_y'] = umap[:, 1]

# Define groupings and power thresholds
min_cells_pop = 200
min_cells_pop_sample = 200

pop_col = 'Populations'
sample_col = 'Sample_ID'

if pop_col not in adata.obs.columns:
    raise ValueError(f"Required column '{pop_col}' not found in adata.obs")
if sample_col not in adata.obs.columns:
    raise ValueError(f"Required column '{sample_col}' not found in adata.obs")
if 'Purity' not in adata.obs.columns:
    raise ValueError("Required column 'Purity' not found in adata.obs")

# Ensure Purity is numeric
adata.obs['Purity'] = pd.to_numeric(adata.obs['Purity'], errors='coerce')

# Helper to compute correlations with both Pearson and Spearman
def corr_summary(x, y):
    """Return Pearson and Spearman r and p-values between x and y."""
    x = np.asarray(x, dtype=float)
    y = np.asarray(y, dtype=float)
    mask = np.isfinite(x) & np.isfinite(y)
    x_valid = x[mask]
    y_valid = y[mask]
    if x_valid.size < 3:
        return {
            'pearson_r': np.nan,
            'pearson_p': np.nan,
            'spearman_rho': np.nan,
            'spearman_p': np.nan,
            'n': int(x_valid.size),
        }
    pr, pp = stats.pearsonr(x_valid, y_valid)
    sr, sp = stats.spearmanr(x_valid, y_valid)
    return {
        'pearson_r': pr,
        'pearson_p': pp,
        'spearman_rho': sr,
        'spearman_p': sp,
        'n': int(x_valid.size),
    }

results = []

# Per-Population correlations
for pop, idx in adata.obs.groupby(pop_col).groups.items():
    idx = list(idx)
    n_cells = len(idx)
    if n_cells < min_cells_pop:
        continue
    sub = adata.obs.iloc[idx]
    purity = sub['Purity'].values

    # Spatial correlations (x,y vs Purity)
    csx = corr_summary(sub['spatial_x'].values, purity)
    csy = corr_summary(sub['spatial_y'].values, purity)

    # UMAP (non-spatial) correlations
    cux = corr_summary(sub['umap_x'].values, purity)
    cuy = corr_summary(sub['umap_y'].values, purity)

    results.append({
        'level': 'population',
        'population': pop,
        'sample_id': 'ALL',
        'n_cells': int(n_cells),
        'spatial_x_pearson_r': csx['pearson_r'],
        'spatial_x_pearson_p': csx['pearson_p'],
        'spatial_x_spearman_rho': csx['spearman_rho'],
        'spatial_x_spearman_p': csx['spearman_p'],
        'spatial_y_pearson_r': csy['pearson_r'],
        'spatial_y_pearson_p': csy['pearson_p'],
        'spatial_y_spearman_rho': csy['spearman_rho'],
        'spatial_y_spearman_p': csy['spearman_p'],
        'umap_x_pearson_r': cux['pearson_r'],
        'umap_x_pearson_p': cux['pearson_p'],
        'umap_x_spearman_rho': cux['spearman_rho'],
        'umap_x_spearman_p': cux['spearman_p'],
        'umap_y_pearson_r': cuy['pearson_r'],
        'umap_y_pearson_p': cuy['pearson_p'],
        'umap_y_spearman_rho': cuy['spearman_rho'],
        'umap_y_spearman_p': cuy['spearman_p'],
    })

# Per-Population × Sample_ID correlations (when powered)
for (pop, sample), idx in adata.obs.groupby([pop_col, sample_col]).groups.items():
    idx = list(idx)
    n_cells = len(idx)
    if n_cells < min_cells_pop_sample:
        continue
    sub = adata.obs.iloc[idx]
    purity = sub['Purity'].values

    csx = corr_summary(sub['spatial_x'].values, purity)
    csy = corr_summary(sub['spatial_y'].values, purity)
    cux = corr_summary(sub['umap_x'].values, purity)
    cuy = corr_summary(sub['umap_y'].values, purity)

    results.append({
        'level': 'population_sample',
        'population': pop,
        'sample_id': sample,
        'n_cells': int(n_cells),
        'spatial_x_pearson_r': csx['pearson_r'],
        'spatial_x_pearson_p': csx['pearson_p'],
        'spatial_x_spearman_rho': csx['spearman_rho'],
        'spatial_x_spearman_p': csx['spearman_p'],
        'spatial_y_pearson_r': csy['pearson_r'],
        'spatial_y_pearson_p': csy['pearson_p'],
        'spatial_y_spearman_rho': csy['spearman_rho'],
        'spatial_y_spearman_p': csy['spearman_p'],
        'umap_x_pearson_r': cux['pearson_r'],
        'umap_x_pearson_p': cux['pearson_p'],
        'umap_x_spearman_rho': cux['spearman_rho'],
        'umap_x_spearman_p': cux['spearman_p'],
        'umap_y_pearson_r': cuy['pearson_r'],
        'umap_y_pearson_p': cuy['pearson_p'],
        'umap_y_spearman_rho': cuy['spearman_rho'],
        'umap_y_spearman_p': cuy['spearman_p'],
    })

results_df = pd.DataFrame(results)

from statsmodels.stats.multitest import multipletests

if not results_df.empty:
    pop_df = results_df[results_df['level'] == 'population'].copy()
    pop_df['max_abs_spatial_rho'] = pop_df[['spatial_x_spearman_rho', 'spatial_y_spearman_rho']].abs().max(axis=1)
    pop_df['max_abs_umap_rho'] = pop_df[['umap_x_spearman_rho', 'umap_y_spearman_rho']].abs().max(axis=1)

    pop_df['min_spatial_p'] = pop_df[['spatial_x_spearman_p', 'spatial_y_spearman_p']].min(axis=1)
    _, pop_df['min_spatial_p_fdr'], _, _ = multipletests(pop_df['min_spatial_p'], method='fdr_bh')

    pop_df['strong_spatial_purity'] = (
        (pop_df['max_abs_spatial_rho'] - pop_df['max_abs_umap_rho'] >= 0.1) &
        (pop_df['min_spatial_p_fdr'] < 0.05)
    )

    summary_cols = [
        'population', 'n_cells',
        'spatial_x_spearman_rho', 'spatial_x_spearman_p',
        'spatial_y_spearman_rho', 'spatial_y_spearman_p',
        'umap_x_spearman_rho', 'umap_x_spearman_p',
        'umap_y_spearman_rho', 'umap_y_spearman_p',
        'max_abs_spatial_rho', 'max_abs_umap_rho',
        'min_spatial_p_fdr', 'strong_spatial_purity',
    ]
    pop_df = pop_df[summary_cols].sort_values('max_abs_spatial_rho', ascending=False)

    print("\n=== Per-Population spatial vs UMAP Purity correlations (Spearman, powered populations only) ===")
    print(pop_df.to_string(index=False))

    strong_pops = pop_df.loc[pop_df['strong_spatial_purity'], 'population'].tolist()
    adata.uns['purity_spatial_umap_strong_populations'] = strong_pops
    print("\nFlagged Populations with strong spatial–Purity structure (not mirrored in UMAP):")
    print(strong_pops)
else:
    print("No populations met the minimum cell count threshold for correlation analysis.")

print("\n=== Top 20 Population × Sample_ID combinations by spatial Purity correlation strength (Spearman) ===")
ps_df = results_df[results_df['level'] == 'population_sample'].copy()
if not ps_df.empty:
    ps_df['max_abs_spatial_rho'] = ps_df[['spatial_x_spearman_rho', 'spatial_y_spearman_rho']].abs().max(axis=1)
    ps_df['max_abs_umap_rho'] = ps_df[['umap_x_spearman_rho', 'umap_y_spearman_rho']].abs().max(axis=1)
    summary_cols_ps = [
        'population', 'sample_id', 'n_cells',
        'spatial_x_spearman_rho', 'spatial_x_spearman_p',
        'spatial_y_spearman_rho', 'spatial_y_spearman_p',
        'umap_x_spearman_rho', 'umap_x_spearman_p',
        'umap_y_spearman_rho', 'umap_y_spearman_p',
        'max_abs_spatial_rho', 'max_abs_umap_rho',
    ]
    ps_df = ps_df[summary_cols_ps].sort_values('max_abs_spatial_rho', ascending=False).head(20)
    print(ps_df.to_string(index=False))
else:
    print("No Population × Sample_ID combinations met the minimum cell count threshold for correlation analysis.")

adata.uns['purity_spatial_umap_correlations'] = results_df
print("\nStored detailed correlation results in adata.uns['purity_spatial_umap_correlations'].")

```


================================================================================
2026-05-17 12:15:45,855 - INFO
================================================================================
RESPONSE/OUTPUT: fix_attempt_failed_2_2_2

FIX ATTEMPT FAILED 2/3 - Analysis 2, Step 2: ValueError: invalid literal for int() with base 10: np.str_('240010-R77_4C4')

Code:
```python

import numpy as np
import pandas as pd
from scipy import stats
from statsmodels.stats.multitest import multipletests

# Ensure required embeddings are present
assert 'spatial' in adata.obsm, "Spatial coordinates not found in adata.obsm['spatial']"
if 'X_umap' not in adata.obsm:
    raise ValueError("X_umap embedding not found in adata.obsm['X_umap']; required as a non-spatial control")

# Extract coordinates
spatial = adata.obsm['spatial']
umap = adata.obsm['X_umap']
adata.obs['spatial_x'] = spatial[:, 0]
adata.obs['spatial_y'] = spatial[:, 1]
adata.obs['umap_x'] = umap[:, 0]
adata.obs['umap_y'] = umap[:, 1]

# Define groupings and power thresholds
min_cells_pop = 200
min_cells_pop_sample = 200

pop_col = 'Populations'
sample_col = 'Sample_ID'

if pop_col not in adata.obs.columns:
    raise ValueError(f"Required column '{pop_col}' not found in adata.obs")
if sample_col not in adata.obs.columns:
    raise ValueError(f"Required column '{sample_col}' not found in adata.obs")
if 'Purity' not in adata.obs.columns:
    raise ValueError("Required column 'Purity' not found in adata.obs")

# Ensure Purity is numeric
adata.obs['Purity'] = pd.to_numeric(adata.obs['Purity'], errors='coerce')

# Helper to compute correlations with both Pearson and Spearman
def corr_summary(x, y):
    """Return Pearson and Spearman r and p-values between x and y."""
    x = np.asarray(x, dtype=float)
    y = np.asarray(y, dtype=float)
    mask = np.isfinite(x) & np.isfinite(y)
    x_valid = x[mask]
    y_valid = y[mask]
    if x_valid.size < 3:
        return {
            'pearson_r': np.nan,
            'pearson_p': np.nan,
            'spearman_rho': np.nan,
            'spearman_p': np.nan,
            'n': int(x_valid.size),
        }
    pr, pp = stats.pearsonr(x_valid, y_valid)
    sr, sp = stats.spearmanr(x_valid, y_valid)
    return {
        'pearson_r': pr,
        'pearson_p': pp,
        'spearman_rho': sr,
        'spearman_p': sp,
        'n': int(x_valid.size),
    }

results = []

# Per-Population correlations
for pop, idx in adata.obs.groupby(pop_col).groups.items():
    idx = list(idx)
    n_cells = len(idx)
    if n_cells < min_cells_pop:
        continue
    sub = adata.obs.iloc[idx]
    purity = sub['Purity'].values

    # Spatial correlations (x,y vs Purity)
    csx = corr_summary(sub['spatial_x'].values, purity)
    csy = corr_summary(sub['spatial_y'].values, purity)

    # UMAP (non-spatial) correlations
    cux = corr_summary(sub['umap_x'].values, purity)
    cuy = corr_summary(sub['umap_y'].values, purity)

    results.append({
        'level': 'population',
        'population': str(pop),
        'sample_id': 'ALL',
        'n_cells': n_cells,
        'spatial_x_pearson_r': csx['pearson_r'],
        'spatial_x_pearson_p': csx['pearson_p'],
        'spatial_x_spearman_rho': csx['spearman_rho'],
        'spatial_x_spearman_p': csx['spearman_p'],
        'spatial_y_pearson_r': csy['pearson_r'],
        'spatial_y_pearson_p': csy['pearson_p'],
        'spatial_y_spearman_rho': csy['spearman_rho'],
        'spatial_y_spearman_p': csy['spearman_p'],
        'umap_x_pearson_r': cux['pearson_r'],
        'umap_x_pearson_p': cux['pearson_p'],
        'umap_x_spearman_rho': cux['spearman_rho'],
        'umap_x_spearman_p': cux['spearman_p'],
        'umap_y_pearson_r': cuy['pearson_r'],
        'umap_y_pearson_p': cuy['pearson_p'],
        'umap_y_spearman_rho': cuy['spearman_rho'],
        'umap_y_spearman_p': cuy['spearman_p'],
    })

# Per-Population × Sample_ID correlations (when powered)
for (pop, sample), idx in adata.obs.groupby([pop_col, sample_col]).groups.items():
    idx = list(idx)
    n_cells = len(idx)
    if n_cells < min_cells_pop_sample:
        continue
    sub = adata.obs.iloc[idx]
    purity = sub['Purity'].values

    csx = corr_summary(sub['spatial_x'].values, purity)
    csy = corr_summary(sub['spatial_y'].values, purity)
    cux = corr_summary(sub['umap_x'].values, purity)
    cuy = corr_summary(sub['umap_y'].values, purity)

    results.append({
        'level': 'population_sample',
        'population': str(pop),
        'sample_id': str(sample),
        'n_cells': n_cells,
        'spatial_x_pearson_r': csx['pearson_r'],
        'spatial_x_pearson_p': csx['pearson_p'],
        'spatial_x_spearman_rho': csx['spearman_rho'],
        'spatial_x_spearman_p': csx['spearman_p'],
        'spatial_y_pearson_r': csy['pearson_r'],
        'spatial_y_pearson_p': csy['pearson_p'],
        'spatial_y_spearman_rho': csy['spearman_rho'],
        'spatial_y_spearman_p': csy['spearman_p'],
        'umap_x_pearson_r': cux['pearson_r'],
        'umap_x_pearson_p': cux['pearson_p'],
        'umap_x_spearman_rho': cux['spearman_rho'],
        'umap_x_spearman_p': cux['spearman_p'],
        'umap_y_pearson_r': cuy['pearson_r'],
        'umap_y_pearson_p': cuy['pearson_p'],
        'umap_y_spearman_rho': cuy['spearman_rho'],
        'umap_y_spearman_p': cuy['spearman_p'],
    })

results_df = pd.DataFrame(results)

if not results_df.empty:
    pop_df = results_df[results_df['level'] == 'population'].copy()
    pop_df['max_abs_spatial_rho'] = pop_df[['spatial_x_spearman_rho', 'spatial_y_spearman_rho']].abs().max(axis=1)
    pop_df['max_abs_umap_rho'] = pop_df[['umap_x_spearman_rho', 'umap_y_spearman_rho']].abs().max(axis=1)

    pop_df['min_spatial_p'] = pop_df[['spatial_x_spearman_p', 'spatial_y_spearman_p']].min(axis=1)
    _, pop_df['min_spatial_p_fdr'], _, _ = multipletests(pop_df['min_spatial_p'], method='fdr_bh')

    pop_df['strong_spatial_purity'] = (
        (pop_df['max_abs_spatial_rho'] - pop_df['max_abs_umap_rho'] >= 0.1) &
        (pop_df['min_spatial_p_fdr'] < 0.05)
    )

    summary_cols = [
        'population', 'n_cells',
        'spatial_x_spearman_rho', 'spatial_x_spearman_p',
        'spatial_y_spearman_rho', 'spatial_y_spearman_p',
        'umap_x_spearman_rho', 'umap_x_spearman_p',
        'umap_y_spearman_rho', 'umap_y_spearman_p',
        'max_abs_spatial_rho', 'max_abs_umap_rho',
        'min_spatial_p_fdr', 'strong_spatial_purity',
    ]
    pop_df = pop_df[summary_cols].sort_values('max_abs_spatial_rho', ascending=False)

    print("\n=== Per-Population spatial vs UMAP Purity correlations (Spearman, powered populations only) ===")
    print(pop_df.to_string(index=False))

    strong_pops = pop_df.loc[pop_df['strong_spatial_purity'], 'population'].tolist()
    adata.uns['purity_spatial_umap_strong_populations'] = strong_pops
    print("\nFlagged Populations with strong spatial–Purity structure (not mirrored in UMAP):")
    print(strong_pops)
else:
    print("No populations met the minimum cell count threshold for correlation analysis.")

print("\n=== Top 20 Population × Sample_ID combinations by spatial Purity correlation strength (Spearman) ===")
ps_df = results_df[results_df['level'] == 'population_sample'].copy()
if not ps_df.empty:
    ps_df['max_abs_spatial_rho'] = ps_df[['spatial_x_spearman_rho', 'spatial_y_spearman_rho']].abs().max(axis=1)
    ps_df['max_abs_umap_rho'] = ps_df[['umap_x_spearman_rho', 'umap_y_spearman_rho']].abs().max(axis=1)
    summary_cols_ps = [
        'population', 'sample_id', 'n_cells',
        'spatial_x_spearman_rho', 'spatial_x_spearman_p',
        'spatial_y_spearman_rho', 'spatial_y_spearman_p',
        'umap_x_spearman_rho', 'umap_x_spearman_p',
        'umap_y_spearman_rho', 'umap_y_spearman_p',
        'max_abs_spatial_rho', 'max_abs_umap_rho',
    ]
    ps_df = ps_df[summary_cols_ps].sort_values('max_abs_spatial_rho', ascending=False).head(20)
    print(ps_df.to_string(index=False))
else:
    print("No Population × Sample_ID combinations met the minimum cell count threshold for correlation analysis.")

adata.uns['purity_spatial_umap_correlations'] = results_df
print("\nStored detailed correlation results in adata.uns['purity_spatial_umap_correlations'].")

```


================================================================================
2026-05-17 12:15:58,917 - INFO
================================================================================
RESPONSE/OUTPUT: fix_attempt_failed_2_2_3

FIX ATTEMPT FAILED 3/3 - Analysis 2, Step 2: ValueError: invalid literal for int() with base 10: '240010-R77_4C4'

Code:
```python

import numpy as np
import pandas as pd
from scipy import stats

# Ensure required embeddings are present
assert 'spatial' in adata.obsm, "Spatial coordinates not found in adata.obsm['spatial']"
if 'X_umap' not in adata.obsm:
    raise ValueError("X_umap embedding not found in adata.obsm['X_umap']; required as a non-spatial control")

# Extract coordinates
spatial = adata.obsm['spatial']
umap = adata.obsm['X_umap']
adata.obs['spatial_x'] = spatial[:, 0]
adata.obs['spatial_y'] = spatial[:, 1]
adata.obs['umap_x'] = umap[:, 0]
adata.obs['umap_y'] = umap[:, 1]

# Define groupings and power thresholds
min_cells_pop = 200
min_cells_pop_sample = 200

pop_col = 'Populations'
sample_col = 'Sample_ID'

if pop_col not in adata.obs.columns:
    raise ValueError(f"Required column '{pop_col}' not found in adata.obs")
if sample_col not in adata.obs.columns:
    raise ValueError(f"Required column '{sample_col}' not found in adata.obs")
if 'Purity' not in adata.obs.columns:
    raise ValueError("Required column 'Purity' not found in adata.obs")

# Ensure Purity is numeric
adata.obs['Purity'] = pd.to_numeric(adata.obs['Purity'], errors='coerce')

# Helper to compute correlations with both Pearson and Spearman
def corr_summary(x, y):
    """Return Pearson and Spearman r and p-values between x and y."""
    x = np.asarray(x, dtype=float)
    y = np.asarray(y, dtype=float)
    mask = np.isfinite(x) & np.isfinite(y)
    x_valid = x[mask]
    y_valid = y[mask]
    if x_valid.size < 3:
        return {
            'pearson_r': np.nan,
            'pearson_p': np.nan,
            'spearman_rho': np.nan,
            'spearman_p': np.nan,
            'n': int(x_valid.size),
        }
    pr, pp = stats.pearsonr(x_valid, y_valid)
    sr, sp = stats.spearmanr(x_valid, y_valid)
    return {
        'pearson_r': pr,
        'pearson_p': pp,
        'spearman_rho': sr,
        'spearman_p': sp,
        'n': int(x_valid.size),
    }

results = []

# Per-Population correlations
for pop, idx in adata.obs.groupby(pop_col).groups.items():
    # ensure indices are integers
    idx = np.asarray(idx)
    if not np.issubdtype(idx.dtype, np.integer):
        idx = idx.astype(int)
    n_cells = len(idx)
    if n_cells < min_cells_pop:
        continue
    sub = adata.obs.iloc[idx]
    purity = sub['Purity'].values

    # Spatial correlations (x,y vs Purity)
    csx = corr_summary(sub['spatial_x'].values, purity)
    csy = corr_summary(sub['spatial_y'].values, purity)

    # UMAP (non-spatial) correlations
    cux = corr_summary(sub['umap_x'].values, purity)
    cuy = corr_summary(sub['umap_y'].values, purity)

    results.append({
        'level': 'population',
        'population': str(pop),
        'sample_id': 'ALL',
        'n_cells': n_cells,
        'spatial_x_pearson_r': csx['pearson_r'],
        'spatial_x_pearson_p': csx['pearson_p'],
        'spatial_x_spearman_rho': csx['spearman_rho'],
        'spatial_x_spearman_p': csx['spearman_p'],
        'spatial_y_pearson_r': csy['pearson_r'],
        'spatial_y_pearson_p': csy['pearson_p'],
        'spatial_y_spearman_rho': csy['spearman_rho'],
        'spatial_y_spearman_p': csy['spearman_p'],
        'umap_x_pearson_r': cux['pearson_r'],
        'umap_x_pearson_p': cux['pearson_p'],
        'umap_x_spearman_rho': cux['spearman_rho'],
        'umap_x_spearman_p': cux['spearman_p'],
        'umap_y_pearson_r': cuy['pearson_r'],
        'umap_y_pearson_p': cuy['pearson_p'],
        'umap_y_spearman_rho': cuy['spearman_rho'],
        'umap_y_spearman_p': cuy['spearman_p'],
    })

# Per-Population × Sample_ID correlations (when powered)
for (pop, sample), idx in adata.obs.groupby([pop_col, sample_col]).groups.items():
    idx = np.asarray(idx)
    if not np.issubdtype(idx.dtype, np.integer):
        idx = idx.astype(int)
    n_cells = len(idx)
    if n_cells < min_cells_pop_sample:
        continue
    sub = adata.obs.iloc[idx]
    purity = sub['Purity'].values

    csx = corr_summary(sub['spatial_x'].values, purity)
    csy = corr_summary(sub['spatial_y'].values, purity)
    cux = corr_summary(sub['umap_x'].values, purity)
    cuy = corr_summary(sub['umap_y'].values, purity)

    results.append({
        'level': 'population_sample',
        'population': str(pop),
        'sample_id': str(sample),
        'n_cells': n_cells,
        'spatial_x_pearson_r': csx['pearson_r'],
        'spatial_x_pearson_p': csx['pearson_p'],
        'spatial_x_spearman_rho': csx['spearman_rho'],
        'spatial_x_spearman_p': csx['spearman_p'],
        'spatial_y_pearson_r': csy['pearson_r'],
        'spatial_y_pearson_p': csy['pearson_p'],
        'spatial_y_spearman_rho': csy['spearman_rho'],
        'spatial_y_spearman_p': csy['spearman_p'],
        'umap_x_pearson_r': cux['pearson_r'],
        'umap_x_pearson_p': cux['pearson_p'],
        'umap_x_spearman_rho': cux['spearman_rho'],
        'umap_x_spearman_p': cux['spearman_p'],
        'umap_y_pearson_r': cuy['pearson_r'],
        'umap_y_pearson_p': cuy['pearson_p'],
        'umap_y_spearman_rho': cuy['spearman_rho'],
        'umap_y_spearman_p': cuy['spearman_p'],
    })

results_df = pd.DataFrame(results)

# Compute simple multiple-testing-aware summaries at the population level
from statsmodels.stats.multitest import multipletests

if not results_df.empty:
    pop_df = results_df[results_df['level'] == 'population'].copy()
    # Max |rho| across x/y for spatial and UMAP (Spearman)
    pop_df['max_abs_spatial_rho'] = pop_df[['spatial_x_spearman_rho', 'spatial_y_spearman_rho']].abs().max(axis=1)
    pop_df['max_abs_umap_rho'] = pop_df[['umap_x_spearman_rho', 'umap_y_spearman_rho']].abs().max(axis=1)

    # FDR adjust minimum spatial p-value across x/y
    pop_df['min_spatial_p'] = pop_df[['spatial_x_spearman_p', 'spatial_y_spearman_p']].min(axis=1)
    _, pop_df['min_spatial_p_fdr'], _, _ = multipletests(pop_df['min_spatial_p'], method='fdr_bh')

    # Define a flag for strong spatial-Purity structure not mirrored in UMAP
    pop_df['strong_spatial_purity'] = (
        (pop_df['max_abs_spatial_rho'] - pop_df['max_abs_umap_rho'] >= 0.1) &
        (pop_df['min_spatial_p_fdr'] < 0.05)
    )

    # Print summary table
    summary_cols = [
        'population', 'n_cells',
        'spatial_x_spearman_rho', 'spatial_x_spearman_p',
        'spatial_y_spearman_rho', 'spatial_y_spearman_p',
        'umap_x_spearman_rho', 'umap_x_spearman_p',
        'umap_y_spearman_rho', 'umap_y_spearman_p',
        'max_abs_spatial_rho', 'max_abs_umap_rho',
        'min_spatial_p_fdr', 'strong_spatial_purity',
    ]
    pop_df = pop_df[summary_cols].sort_values('max_abs_spatial_rho', ascending=False)

    print("\n=== Per-Population spatial vs UMAP Purity correlations (Spearman, powered populations only) ===")
    print(pop_df.to_string(index=False))

    # Store flagged populations in uns for downstream steps
    strong_pops = pop_df.loc[pop_df['strong_spatial_purity'], 'population'].tolist()
    adata.uns['purity_spatial_umap_strong_populations'] = strong_pops
    print("\nFlagged Populations with strong spatial–Purity structure (not mirrored in UMAP):")
    print(strong_pops)
else:
    print("No populations met the minimum cell count threshold for correlation analysis.")

print("\n=== Top 20 Population × Sample_ID combinations by spatial Purity correlation strength (Spearman) ===")
ps_df = results_df[results_df['level'] == 'population_sample'].copy()
if not ps_df.empty:
    ps_df['max_abs_spatial_rho'] = ps_df[['spatial_x_spearman_rho', 'spatial_y_spearman_rho']].abs().max(axis=1)
    ps_df['max_abs_umap_rho'] = ps_df[['umap_x_spearman_rho', 'umap_y_spearman_rho']].abs().max(axis=1)
    summary_cols_ps = [
        'population', 'sample_id', 'n_cells',
        'spatial_x_spearman_rho', 'spatial_x_spearman_p',
        'spatial_y_spearman_rho', 'spatial_y_spearman_p',
        'umap_x_spearman_rho', 'umap_x_spearman_p',
        'umap_y_spearman_rho', 'umap_y_spearman_p',
        'max_abs_spatial_rho', 'max_abs_umap_rho',
    ]
    ps_df = ps_df[summary_cols_ps].sort_values('max_abs_spatial_rho', ascending=False).head(20)
    print(ps_df.to_string(index=False))
else:
    print("No Population × Sample_ID combinations met the minimum cell count threshold for correlation analysis.")

# Store full results in adata.uns for later steps
adata.uns['purity_spatial_umap_correlations'] = results_df
print("\nStored detailed correlation results in adata.uns['purity_spatial_umap_correlations'].")

```


================================================================================
2026-05-17 12:15:58,917 - INFO
================================================================================
RESPONSE/OUTPUT: fix_attempt_exhausted_2_2

ALL FIX ATTEMPTS EXHAUSTED - Analysis 2, Step 2. Failed after 3 attempts.


================================================================================
2026-05-17 12:16:15,450 - INFO
================================================================================
RESPONSE/OUTPUT: initial_analysis_2_2

NEXT STEP PLAN - Analysis 2, Step 3: Recompute spatial–Purity vs UMAP–Purity correlations without relying on external packages (e.g., statsmodels), identify well-powered Populations with strong spatial–Purity structure compared with UMAP, and store both the full correlation table and the list of flagged Populations in adata.uns.

Code:
```python
import numpy as np
import pandas as pd
from scipy import stats

# Ensure required embeddings and columns exist
assert 'spatial' in adata.obsm, "Spatial coordinates not found in adata.obsm['spatial']"
assert 'X_umap' in adata.obsm, "X_umap embedding not found in adata.obsm['X_umap']"
for col in ['Populations', 'Sample_ID', 'Purity', 'UMI Count', 'Complexity']:
    if col not in adata.obs.columns:
        raise ValueError(f"Required column '{col}' not found in adata.obs")

# Attach coordinates to obs for convenience (idempotent)
spatial = adata.obsm['spatial']
umap = adata.obsm['X_umap']
adata.obs['spatial_x'] = spatial[:, 0]
adata.obs['spatial_y'] = spatial[:, 1]
adata.obs['umap_x'] = umap[:, 0]
adata.obs['umap_y'] = umap[:, 1]

# Ensure dtypes
adata.obs['Populations'] = adata.obs['Populations'].astype('category')
adata.obs['Sample_ID'] = adata.obs['Sample_ID'].astype('category')
adata.obs['Purity'] = pd.to_numeric(adata.obs['Purity'], errors='coerce')
adata.obs['UMI Count'] = pd.to_numeric(adata.obs['UMI Count'], errors='coerce')
adata.obs['Complexity'] = pd.to_numeric(adata.obs['Complexity'], errors='coerce')

min_cells_pop = 200
min_cells_pop_sample = 200

pop_col = 'Populations'
sample_col = 'Sample_ID'

# Helper: correlation summary using scipy.stats
def corr_summary(x, y):
    x = np.asarray(x, dtype=float)
    y = np.asarray(y, dtype=float)
    mask = np.isfinite(x) & np.isfinite(y)
    x_valid = x[mask]
    y_valid = y[mask]
    if x_valid.size < 3:
        return {
            'pearson_r': np.nan,
            'pearson_p': np.nan,
            'spearman_rho': np.nan,
            'spearman_p': np.nan,
            'n': int(x_valid.size),
        }
    pr, pp = stats.pearsonr(x_valid, y_valid)
    sr, sp = stats.spearmanr(x_valid, y_valid)
    return {
        'pearson_r': pr,
        'pearson_p': pp,
        'spearman_rho': sr,
        'spearman_p': sp,
        'n': int(x_valid.size),
    }

results = []

# Per-Population correlations
for pop, idx in adata.obs.groupby(pop_col).groups.items():
    idx = np.asarray(list(idx), dtype=int)
    n_cells = idx.size
    if n_cells < min_cells_pop:
        continue
    sub = adata.obs.iloc[idx]
    purity = sub['Purity'].values

    csx = corr_summary(sub['spatial_x'].values, purity)
    csy = corr_summary(sub['spatial_y'].values, purity)
    cux = corr_summary(sub['umap_x'].values, purity)
    cuy = corr_summary(sub['umap_y'].values, purity)

    results.append({
        'level': 'population',
        'population': str(pop),
        'sample_id': 'ALL',
        'n_cells': n_cells,
        'spatial_x_spearman_rho': csx['spearman_rho'],
        'spatial_x_spearman_p': csx['spearman_p'],
        'spatial_y_spearman_rho': csy['spearman_rho'],
        'spatial_y_spearman_p': csy['spearman_p'],
        'umap_x_spearman_rho': cux['spearman_rho'],
        'umap_x_spearman_p': cux['spearman_p'],
        'umap_y_spearman_rho': cuy['spearman_rho'],
        'umap_y_spearman_p': cuy['spearman_p'],
    })

# Per-Population × Sample_ID correlations
for (pop, sample), idx in adata.obs.groupby([pop_col, sample_col]).groups.items():
    idx = np.asarray(list(idx), dtype=int)
    n_cells = idx.size
    if n_cells < min_cells_pop_sample:
        continue
    sub = adata.obs.iloc[idx]
    purity = sub['Purity'].values

    csx = corr_summary(sub['spatial_x'].values, purity)
    csy = corr_summary(sub['spatial_y'].values, purity)
    cux = corr_summary(sub['umap_x'].values, purity)
    cuy = corr_summary(sub['umap_y'].values, purity)

    results.append({
        'level': 'population_sample',
        'population': str(pop),
        'sample_id': str(sample),
        'n_cells': n_cells,
        'spatial_x_spearman_rho': csx['spearman_rho'],
        'spatial_x_spearman_p': csx['spearman_p'],
        'spatial_y_spearman_rho': csy['spearman_rho'],
        'spatial_y_spearman_p': csy['spearman_p'],
        'umap_x_spearman_rho': cux['spearman_rho'],
        'umap_x_spearman_p': cux['spearman_p'],
        'umap_y_spearman_rho': cuy['spearman_rho'],
        'umap_y_spearman_p': cuy['spearman_p'],
    })

results_df = pd.DataFrame(results)

if results_df.empty:
    print("No groups met the minimum cell-count thresholds; cannot proceed with spatial–Purity correlation analysis.")
else:
    # Population-level summaries
    pop_df = results_df[results_df['level'] == 'population'].copy()
    if pop_df.empty:
        print("No populations met the minimum cell-count threshold.")
        flagged_pops = []
    else:
        # Max |rho| across spatial x/y and UMAP x/y
        pop_df['max_abs_spatial_rho'] = pop_df[['spatial_x_spearman_rho', 'spatial_y_spearman_rho']].abs().max(axis=1)
        pop_df['max_abs_umap_rho'] = pop_df[['umap_x_spearman_rho', 'umap_y_spearman_rho']].abs().max(axis=1)

        # Minimum spatial p-value across x/y
        pop_df['min_spatial_p'] = pop_df[['spatial_x_spearman_p', 'spatial_y_spearman_p']].min(axis=1)

        # Manual Benjamini–Hochberg FDR (no external statsmodels)
        pvals = pop_df['min_spatial_p'].values
        m = len(pvals)
        order = np.argsort(pvals)
        ranked_p = pvals[order]
        bh_vals = ranked_p * m / (np.arange(m) + 1)
        # enforce monotonicity
        bh_vals = np.minimum.accumulate(bh_vals[::-1])[::-1]
        fdr = np.empty_like(bh_vals)
        fdr[order] = bh_vals
        pop_df['min_spatial_p_fdr'] = fdr

        # Flag strong spatial–Purity structure not mirrored in UMAP
        pop_df['strong_spatial_purity'] = (
            (pop_df['max_abs_spatial_rho'] - pop_df['max_abs_umap_rho'] >= 0.1) &
            (pop_df['min_spatial_p_fdr'] < 0.05)
        )
        flagged_pops = pop_df.loc[pop_df['strong_spatial_purity'], 'population'].tolist()

        print("\n=== Per-Population spatial vs UMAP Purity correlations (Spearman) ===")
        print(pop_df.sort_values('max_abs_spatial_rho', ascending=False).to_string(index=False))
        print("\nFlagged Populations with strong spatial–Purity structure (not mirrored in UMAP):")
        print(flagged_pops)

    # Population × Sample summaries (top 20 by spatial rho magnitude)
    ps_df = results_df[results_df['level'] == 'population_sample'].copy()
    if not ps_df.empty:
        ps_df['max_abs_spatial_rho'] = ps_df[['spatial_x_spearman_rho', 'spatial_y_spearman_rho']].abs().max(axis=1)
        ps_df['max_abs_umap_rho'] = ps_df[['umap_x_spearman_rho', 'umap_y_spearman_rho']].abs().max(axis=1)
        print("\n=== Top 20 Population × Sample_ID combinations by spatial Purity correlation strength (Spearman) ===")
        print(ps_df.sort_values('max_abs_spatial_rho', ascending=False).head(20).to_string(index=False))
    else:
        print("No Population × Sample_ID combinations met the minimum cell-count threshold.")

    # Store in adata.uns for downstream steps
    adata.uns['purity_spatial_umap_correlations'] = results_df
    adata.uns['purity_spatial_umap_strong_populations'] = flagged_pops
    print("\nStored detailed correlation results in adata.uns['purity_spatial_umap_correlations'] and flagged populations in adata.uns['purity_spatial_umap_strong_populations'].")
```


================================================================================
2026-05-17 12:16:49,161 - INFO
================================================================================
RESPONSE/OUTPUT: self_critique_2_2

APPLIED SELF-CRITIQUE - Analysis 2, Step 3


================================================================================
2026-05-17 12:16:49,162 - INFO
================================================================================
RESPONSE/OUTPUT: revised_analysis_2_2

Revised Hypothesis: Within annotated cardiac populations that show strong spatial–Purity coupling, Purity is not simply a proxy for technical quality (UMI Count, Complexity) but reflects biologically structured microenvironmental differences, such that QC metrics only modestly correlate with Purity and show limited stratified shifts.

Revised Analysis Plan:
1. Recompute spatial–Purity vs UMAP–Purity correlations without relying on external packages, identify well-powered Populations with strong spatial–Purity structure compared with UMAP, and store both the full correlation table and the list of flagged Populations in adata.uns.
2. For each flagged Population (and, when n ≥ 200, Population×Sample_ID), assess QC confounding by computing Spearman correlations between Purity and UMI Count / Complexity and by comparing UMI Count and Complexity between high- and low-Purity strata (e.g., top vs bottom Purity quartile) using Wilcoxon rank-sum tests, explicitly classifying QC–Purity coupling as “modest” when |rho| < 0.3 and |log2 fold-change| < 0.5 with BH-FDR < 0.05, and summarize effect sizes and adjusted p-values.
3. In Populations where Purity shows strong spatial structure but only modest QC confounding, perform within-Population subclustering using the precomputed neighbor graph/embeddings (restricting adata to that Population), assign Leiden subcluster labels, and test for differences in Purity distributions across subclusters via Kruskal–Wallis tests overall and within each Sample_ID where n ≥ 100.
4. Within these selected Populations, run differential expression with sc.tl.rank_genes_groups (method='wilcoxon') comparing high- vs low-Purity cells and, separately, Purity-enriched vs Purity-depleted subclusters; from the most strongly DE genes construct per-Population Purity-up and Purity-down signatures, score them using sc.tl.score_genes, and model signature scores against Purity (with UMI Count, Complexity, and Sample_ID as covariates) using linear regression implemented via numpy/scipy, treating Purity as the main predictor and reporting regression coefficients and p-values in text.

Revised Code:
import numpy as np
import pandas as pd
from scipy import stats

# Ensure required embeddings and columns exist
assert 'spatial' in adata.obsm, "Spatial coordinates not found in adata.obsm['spatial']"
assert 'X_umap' in adata.obsm, "X_umap embedding not found in adata.obsm['X_umap']"
for col in ['Populations', 'Sample_ID', 'Purity', 'UMI Count', 'Complexity']:
    if col not in adata.obs.columns:
        raise ValueError(f"Required column '{col}' not found in adata.obs")

# Attach coordinates to obs for convenience (idempotent)
spatial = adata.obsm['spatial']
umap = adata.obsm['X_umap']
adata.obs['spatial_x'] = spatial[:, 0]
adata.obs['spatial_y'] = spatial[:, 1]
adata.obs['umap_x'] = umap[:, 0]
adata.obs['umap_y'] = umap[:, 1]

# Ensure dtypes
adata.obs['Populations'] = adata.obs['Populations'].astype('category')
adata.obs['Sample_ID'] = adata.obs['Sample_ID'].astype('category')
adata.obs['Purity'] = pd.to_numeric(adata.obs['Purity'], errors='coerce')
adata.obs['UMI Count'] = pd.to_numeric(adata.obs['UMI Count'], errors='coerce')
adata.obs['Complexity'] = pd.to_numeric(adata.obs['Complexity'], errors='coerce')

min_cells_pop = 200
min_cells_pop_sample = 200

pop_col = 'Populations'
sample_col = 'Sample_ID'

# Helper: correlation summary using scipy.stats
def corr_summary(x, y):
    x = np.asarray(x, dtype=float)
    y = np.asarray(y, dtype=float)
    mask = np.isfinite(x) & np.isfinite(y)
    x_valid = x[mask]
    y_valid = y[mask]
    if x_valid.size < 3:
        return {
            'pearson_r': np.nan,
            'pearson_p': np.nan,
            'spearman_rho': np.nan,
            'spearman_p': np.nan,
            'n': int(x_valid.size),
        }
    pr, pp = stats.pearsonr(x_valid, y_valid)
    sr, sp = stats.spearmanr(x_valid, y_valid)
    return {
        'pearson_r': pr,
        'pearson_p': pp,
        'spearman_rho': sr,
        'spearman_p': sp,
        'n': int(x_valid.size),
    }

results = []

# Per-Population correlations
for pop, idx in adata.obs.groupby(pop_col).groups.items():
    idx = np.asarray(list(idx), dtype=int)
    n_cells = idx.size
    if n_cells < min_cells_pop:
        continue
    sub = adata.obs.iloc[idx]
    purity = sub['Purity'].values

    csx = corr_summary(sub['spatial_x'].values, purity)
    csy = corr_summary(sub['spatial_y'].values, purity)
    cux = corr_summary(sub['umap_x'].values, purity)
    cuy = corr_summary(sub['umap_y'].values, purity)

    results.append({
        'level': 'population',
        'population': str(pop),
        'sample_id': 'ALL',
        'n_cells': n_cells,
        'spatial_x_spearman_rho': csx['spearman_rho'],
        'spatial_x_spearman_p': csx['spearman_p'],
        'spatial_y_spearman_rho': csy['spearman_rho'],
        'spatial_y_spearman_p': csy['spearman_p'],
        'umap_x_spearman_rho': cux['spearman_rho'],
        'umap_x_spearman_p': cux['spearman_p'],
        'umap_y_spearman_rho': cuy['spearman_rho'],
        'umap_y_spearman_p': cuy['spearman_p'],
    })

# Per-Population × Sample_ID correlations
for (pop, sample), idx in adata.obs.groupby([pop_col, sample_col]).groups.items():
    idx = np.asarray(list(idx), dtype=int)
    n_cells = idx.size
    if n_cells < min_cells_pop_sample:
        continue
    sub = adata.obs.iloc[idx]
    purity = sub['Purity'].values

    csx = corr_summary(sub['spatial_x'].values, purity)
    csy = corr_summary(sub['spatial_y'].values, purity)
    cux = corr_summary(sub['umap_x'].values, purity)
    cuy = corr_summary(sub['umap_y'].values, purity)

    results.append({
        'level': 'population_sample',
        'population': str(pop),
        'sample_id': str(sample),
        'n_cells': n_cells,
        'spatial_x_spearman_rho': csx['spearman_rho'],
        'spatial_x_spearman_p': csx['spearman_p'],
        'spatial_y_spearman_rho': csy['spearman_rho'],
        'spatial_y_spearman_p': csy['spearman_p'],
        'umap_x_spearman_rho': cux['spearman_rho'],
        'umap_x_spearman_p': cux['spearman_p'],
        'umap_y_spearman_rho': cuy['spearman_rho'],
        'umap_y_spearman_p': cuy['spearman_p'],
    })

results_df = pd.DataFrame(results)

if results_df.empty:
    print("No groups met the minimum cell-count thresholds; cannot proceed with spatial–Purity correlation analysis.")
else:
    # Population-level summaries
    pop_df = results_df[results_df['level'] == 'population'].copy()
    if pop_df.empty:
        print("No populations met the minimum cell-count threshold.")
        flagged_pops = []
    else:
        # Max |rho| across spatial x/y and UMAP x/y
        pop_df['max_abs_spatial_rho'] = pop_df[['spatial_x_spearman_rho', 'spatial_y_spearman_rho']].abs().max(axis=1)
        pop_df['max_abs_umap_rho'] = pop_df[['umap_x_spearman_rho', 'umap_y_spearman_rho']].abs().max(axis=1)

        # Minimum spatial p-value across x/y
        pop_df['min_spatial_p'] = pop_df[['spatial_x_spearman_p', 'spatial_y_spearman_p']].min(axis=1)

        # Manual Benjamini–Hochberg FDR (no external statsmodels)
        pvals = pop_df['min_spatial_p'].values
        m = len(pvals)
        order = np.argsort(pvals)
        ranked_p = pvals[order]
        bh_vals = ranked_p * m / (np.arange(m) + 1)
        # enforce monotonicity
        bh_vals = np.minimum.accumulate(bh_vals[::-1])[::-1]
        fdr = np.empty_like(bh_vals)
        fdr[order] = bh_vals
        pop_df['min_spatial_p_fdr'] = fdr

        # Flag strong spatial–Purity structure not mirrored in UMAP
        pop_df['strong_spatial_purity'] = (
            (pop_df['max_abs_spatial_rho'] - pop_df['max_abs_umap_rho'] >= 0.1) &
            (pop_df['min_spatial_p_fdr'] < 0.05)
        )
        flagged_pops = pop_df.loc[pop_df['strong_spatial_purity'], 'population'].tolist()

        print("\n=== Per-Population spatial vs UMAP Purity correlations (Spearman) ===")
        print(pop_df.sort_values('max_abs_spatial_rho', ascending=False).to_string(index=False))
        print("\nFlagged Populations with strong spatial–Purity structure (not mirrored in UMAP):")
        print(flagged_pops)

    # Population × Sample summaries (top 20 by spatial rho magnitude)
    ps_df = results_df[results_df['level'] == 'population_sample'].copy()
    if not ps_df.empty:
        ps_df['max_abs_spatial_rho'] = ps_df[['spatial_x_spearman_rho', 'spatial_y_spearman_rho']].abs().max(axis=1)
        ps_df['max_abs_umap_rho'] = ps_df[['umap_x_spearman_rho', 'umap_y_spearman_rho']].abs().max(axis=1)
        print("\n=== Top 20 Population × Sample_ID combinations by spatial Purity correlation strength (Spearman) ===")
        print(ps_df.sort_values('max_abs_spatial_rho', ascending=False).head(20).to_string(index=False))
    else:
        print("No Population × Sample_ID combinations met the minimum cell-count threshold.")

    # Store in adata.uns for downstream steps
    adata.uns['purity_spatial_umap_correlations'] = results_df
    adata.uns['purity_spatial_umap_strong_populations'] = flagged_pops
    print("\nStored detailed correlation results in adata.uns['purity_spatial_umap_correlations'] and flagged populations in adata.uns['purity_spatial_umap_strong_populations'].")


================================================================================
2026-05-17 12:16:49,224 - INFO
================================================================================
RESPONSE/OUTPUT: step_execution_failed_2_3

STEP 3 FAILED - Analysis 2

Code:
```python
import numpy as np
import pandas as pd
from scipy import stats

# Ensure required embeddings and columns exist
assert 'spatial' in adata.obsm, "Spatial coordinates not found in adata.obsm['spatial']"
assert 'X_umap' in adata.obsm, "X_umap embedding not found in adata.obsm['X_umap']"
for col in ['Populations', 'Sample_ID', 'Purity', 'UMI Count', 'Complexity']:
    if col not in adata.obs.columns:
        raise ValueError(f"Required column '{col}' not found in adata.obs")

# Attach coordinates to obs for convenience (idempotent)
spatial = adata.obsm['spatial']
umap = adata.obsm['X_umap']
adata.obs['spatial_x'] = spatial[:, 0]
adata.obs['spatial_y'] = spatial[:, 1]
adata.obs['umap_x'] = umap[:, 0]
adata.obs['umap_y'] = umap[:, 1]

# Ensure dtypes
adata.obs['Populations'] = adata.obs['Populations'].astype('category')
adata.obs['Sample_ID'] = adata.obs['Sample_ID'].astype('category')
adata.obs['Purity'] = pd.to_numeric(adata.obs['Purity'], errors='coerce')
adata.obs['UMI Count'] = pd.to_numeric(adata.obs['UMI Count'], errors='coerce')
adata.obs['Complexity'] = pd.to_numeric(adata.obs['Complexity'], errors='coerce')

min_cells_pop = 200
min_cells_pop_sample = 200

pop_col = 'Populations'
sample_col = 'Sample_ID'

# Helper: correlation summary using scipy.stats
def corr_summary(x, y):
    x = np.asarray(x, dtype=float)
    y = np.asarray(y, dtype=float)
    mask = np.isfinite(x) & np.isfinite(y)
    x_valid = x[mask]
    y_valid = y[mask]
    if x_valid.size < 3:
        return {
            'pearson_r': np.nan,
            'pearson_p': np.nan,
            'spearman_rho': np.nan,
            'spearman_p': np.nan,
            'n': int(x_valid.size),
        }
    pr, pp = stats.pearsonr(x_valid, y_valid)
    sr, sp = stats.spearmanr(x_valid, y_valid)
    return {
        'pearson_r': pr,
        'pearson_p': pp,
        'spearman_rho': sr,
        'spearman_p': sp,
        'n': int(x_valid.size),
    }

results = []

# Per-Population correlations
for pop, idx in adata.obs.groupby(pop_col).groups.items():
    idx = np.asarray(list(idx), dtype=int)
    n_cells = idx.size
    if n_cells < min_cells_pop:
        continue
    sub = adata.obs.iloc[idx]
    purity = sub['Purity'].values

    csx = corr_summary(sub['spatial_x'].values, purity)
    csy = corr_summary(sub['spatial_y'].values, purity)
    cux = corr_summary(sub['umap_x'].values, purity)
    cuy = corr_summary(sub['umap_y'].values, purity)

    results.append({
        'level': 'population',
        'population': str(pop),
        'sample_id': 'ALL',
        'n_cells': n_cells,
        'spatial_x_spearman_rho': csx['spearman_rho'],
        'spatial_x_spearman_p': csx['spearman_p'],
        'spatial_y_spearman_rho': csy['spearman_rho'],
        'spatial_y_spearman_p': csy['spearman_p'],
        'umap_x_spearman_rho': cux['spearman_rho'],
        'umap_x_spearman_p': cux['spearman_p'],
        'umap_y_spearman_rho': cuy['spearman_rho'],
        'umap_y_spearman_p': cuy['spearman_p'],
    })

# Per-Population × Sample_ID correlations
for (pop, sample), idx in adata.obs.groupby([pop_col, sample_col]).groups.items():
    idx = np.asarray(list(idx), dtype=int)
    n_cells = idx.size
    if n_cells < min_cells_pop_sample:
        continue
    sub = adata.obs.iloc[idx]
    purity = sub['Purity'].values

    csx = corr_summary(sub['spatial_x'].values, purity)
    csy = corr_summary(sub['spatial_y'].values, purity)
    cux = corr_summary(sub['umap_x'].values, purity)
    cuy = corr_summary(sub['umap_y'].values, purity)

    results.append({
        'level': 'population_sample',
        'population': str(pop),
        'sample_id': str(sample),
        'n_cells': n_cells,
        'spatial_x_spearman_rho': csx['spearman_rho'],
        'spatial_x_spearman_p': csx['spearman_p'],
        'spatial_y_spearman_rho': csy['spearman_rho'],
        'spatial_y_spearman_p': csy['spearman_p'],
        'umap_x_spearman_rho': cux['spearman_rho'],
        'umap_x_spearman_p': cux['spearman_p'],
        'umap_y_spearman_rho': cuy['spearman_rho'],
        'umap_y_spearman_p': cuy['spearman_p'],
    })

results_df = pd.DataFrame(results)

if results_df.empty:
    print("No groups met the minimum cell-count thresholds; cannot proceed with spatial–Purity correlation analysis.")
else:
    # Population-level summaries
    pop_df = results_df[results_df['level'] == 'population'].copy()
    if pop_df.empty:
        print("No populations met the minimum cell-count threshold.")
        flagged_pops = []
    else:
        # Max |rho| across spatial x/y and UMAP x/y
        pop_df['max_abs_spatial_rho'] = pop_df[['spatial_x_spearman_rho', 'spatial_y_spearman_rho']].abs().max(axis=1)
        pop_df['max_abs_umap_rho'] = pop_df[['umap_x_spearman_rho', 'umap_y_spearman_rho']].abs().max(axis=1)

        # Minimum spatial p-value across x/y
        pop_df['min_spatial_p'] = pop_df[['spatial_x_spearman_p', 'spatial_y_spearman_p']].min(axis=1)

        # Manual Benjamini–Hochberg FDR (no external statsmodels)
        pvals = pop_df['min_spatial_p'].values
        m = len(pvals)
        order = np.argsort(pvals)
        ranked_p = pvals[order]
        bh_vals = ranked_p * m / (np.arange(m) + 1)
        # enforce monotonicity
        bh_vals = np.minimum.accumulate(bh_vals[::-1])[::-1]
        fdr = np.empty_like(bh_vals)
        fdr[order] = bh_vals
        pop_df['min_spatial_p_fdr'] = fdr

        # Flag strong spatial–Purity structure not mirrored in UMAP
        pop_df['strong_spatial_purity'] = (
            (pop_df['max_abs_spatial_rho'] - pop_df['max_abs_umap_rho'] >= 0.1) &
            (pop_df['min_spatial_p_fdr'] < 0.05)
        )
        flagged_pops = pop_df.loc[pop_df['strong_spatial_purity'], 'population'].tolist()

        print("\n=== Per-Population spatial vs UMAP Purity correlations (Spearman) ===")
        print(pop_df.sort_values('max_abs_spatial_rho', ascending=False).to_string(index=False))
        print("\nFlagged Populations with strong spatial–Purity structure (not mirrored in UMAP):")
        print(flagged_pops)

    # Population × Sample summaries (top 20 by spatial rho magnitude)
    ps_df = results_df[results_df['level'] == 'population_sample'].copy()
    if not ps_df.empty:
        ps_df['max_abs_spatial_rho'] = ps_df[['spatial_x_spearman_rho', 'spatial_y_spearman_rho']].abs().max(axis=1)
        ps_df['max_abs_umap_rho'] = ps_df[['umap_x_spearman_rho', 'umap_y_spearman_rho']].abs().max(axis=1)
        print("\n=== Top 20 Population × Sample_ID combinations by spatial Purity correlation strength (Spearman) ===")
        print(ps_df.sort_values('max_abs_spatial_rho', ascending=False).head(20).to_string(index=False))
    else:
        print("No Population × Sample_ID combinations met the minimum cell-count threshold.")

    # Store in adata.uns for downstream steps
    adata.uns['purity_spatial_umap_correlations'] = results_df
    adata.uns['purity_spatial_umap_strong_populations'] = flagged_pops
    print("\nStored detailed correlation results in adata.uns['purity_spatial_umap_correlations'] and flagged populations in adata.uns['purity_spatial_umap_strong_populations'].")

 Error:
ValueError: invalid literal for int() with base 10: '240010-R77_4C4'```


================================================================================
2026-05-17 12:17:00,489 - INFO
================================================================================
RESPONSE/OUTPUT: fix_attempt_success_2_3_1

FIX SUCCESSFUL on attempt 1/3 - Analysis 2, Step 4


================================================================================
2026-05-17 12:17:16,672 - INFO
================================================================================
RESPONSE/OUTPUT: results_interpretation_2_3

The current step is doing exactly what you need for this hypothesis: it identifies populations where Purity has a strong spatial gradient that is not simply recapitulated in the low‑dimensional transcriptomic embedding. That’s the right substrate for asking whether Purity is more than a technical proxy.

Key observations from the output:

1. **You have several good candidate populations.**  
   The flagged populations with strong spatial–Purity structure but weaker UMAP–Purity coupling are:
   - **PD**
   - **PP**
   - **PS**
   - **PV**

   These are the ideal “test cases” for your hypothesis: Purity varies coherently across anatomy but isn’t just aligned with the main transcriptomic manifold.

2. **Effect sizes are in the “moderate but clear” regime.**  
   For flagged populations, the max |spatial rho| is ~0.19–0.39 at the population level:
   - PV: |spatial rho|max ≈ 0.39 vs |UMAP rho|max ≈ 0.20
   - PP: |spatial rho|max ≈ 0.26 vs |UMAP rho|max ≈ 0.13
   - PS: |spatial rho|max ≈ 0.22 vs |UMAP rho|max ≈ 0.11
   - PD: |spatial rho|max ≈ 0.19 vs |UMAP rho|max ≈ 0.07  

   These differences (~0.1–0.2) are not gigantic but are systematic and highly significant (FDR well below 0.05). They are large enough to be biologically meaningful while still being subtle enough that they plausibly reflect microenvironmental gradients or local contexts rather than wholesale cell-state differences.

3. **Population × Sample_ID results suggest sample‑specific structure.**  
   For example:
   - **PD, R78_4C12:** spatial_x rho ≈ 0.43, UMAP rho ≈ 0.08  
   - **PP, R78_4C12:** spatial_x rho ≈ 0.45, UMAP rho ≈ 0.21  
   - **PS, R78_4C12:** spatial_x rho ≈ −0.56 / +0.54 in x/y, UMAP rho almost 0  

   These combinations show very strong spatial–Purity gradients inside specific sections with only modest or discordant UMAP correlations, giving you well‑powered contexts for downstream QC and DE analyses.

Implications for your hypothesis:

- You now have concrete populations where **Purity behaves like a spatially structured microenvironmental variable, not just a generic quality metric**. The key remaining question is how tightly Purity tracks QC within these groups.
- If, in PD/PP/PS/PV (and their high‑n Population×Sample_ID subsets), Purity is only weakly correlated with UMI Count and Complexity and shows small QC shifts across Purity strata, that will strongly support the idea that Purity captures something biological and context‑specific.

Suggestions and cautions for the next steps:

1. **QC–Purity confounding analysis (next step in your plan):**
   - Focus first on **PD, PP, PS, PV** globally and then within their high‑n Population×Sample_ID combinations (e.g., PD–R78_4C12, PP–R78_4C12, PS–R78_4C12, any PV group ≥ 200 cells).
   - For each:
     - Compute Spearman correlations Purity vs UMI Count and Purity vs Complexity.
     - Define high‑ vs low‑Purity strata (top and bottom quartile is fine; consider requiring a minimum n per stratum).
     - Compare QC metrics between strata with Wilcoxon tests and compute **log2 fold‑changes**.
   - Apply your pre‑specified rule:
     - Classify QC–Purity coupling as **“modest”** when |rho| < 0.3 **and** |log2FC| < 0.5 with BH‑FDR < 0.05.
   - Summarize this per (Population, and Population×Sample_ID): a compact table with rho, log2FC, FDR, and the “modest/strong” label will be important for interpreting DE later.

   Interpretation guidance:
   - If most flagged groups fall into the “modest” bucket, that is **direct support** for the hypothesis that Purity is not primarily technical.
   - If one of the flagged populations shows strong QC coupling (e.g., |rho| > 0.4 or |log2FC| > 1), you may want to:
     - Either exclude it from downstream DE/subclustering focused on biology.
     - Or at least treat it as a “borderline / confounded” case and analyze more cautiously.

2. **Within‑Population subclustering (only where QC coupling is modest):**
   - Restrict to PD, PP, PS, PV **after** confirming modest QC–Purity relationships.
   - Use the precomputed neighbors/UMAP (avoiding refitting) on each subset and run Leiden to define subclusters.
   - You should:
     - Store Leiden labels in `.obs` per population (e.g., `Purity_subcluster_PD`).
     - Test Purity distributions across subclusters (Kruskal–Wallis overall, then within each Sample_ID with n ≥ 100).
   - What to look for:
     - Subclusters that differ in Purity but **do not show large QC differences** will be especially convincing evidence of microenvironmental structuring.
     - Patterns where high‑Purity subclusters map to specific spatial niches within the same population.

3. **Differential expression and Purity signatures:**
   - For each selected population (those with strong spatial–Purity and modest QC coupling), run two DE analyses:
     1. **High vs low Purity strata.**
     2. **Purity‑enriched vs Purity‑depleted subclusters.**
   - From overlapping DE genes, define **Purity‑up** and **Purity‑down** signatures per population.
   - Score them with `sc.tl.score_genes` and then do your planned linear regression:
     - Outcome: signature score  
     - Predictors: Purity (main), UMI Count, Complexity, and Sample_ID (encoded via dummy variables).
   - Key readouts:
     - The regression coefficient of Purity and its p‑value after accounting for QC and Sample_ID.
     - Populations where Purity remains a strong predictor after adjustment are the cleanest validations of microenvironment‑linked biology.

4. **Keep spatial specificity in mind:**
   - Several non‑flagged populations (e.g., PR, PT, PN) have **very strong** spatial and UMAP Purity correlations (|rho| ~0.5–0.7) that are roughly aligned.  
     - These might be dominated by large‑scale anatomical gradients or broad cell‑state differences; they are less ideal for your current hypothesis, but later you could contrast them to PD/PP/PS/PV as “UMAP‑aligned” controls.
   - Within the flagged populations, leverage the Population×Sample_ID breakdown:
     - Some sections may show particularly sharp spatial Purity patterns (e.g., PD–R78_4C12), which are natural targets for spatial visualization and interpretation once you know the DE programs.

5. **Practical code feedback:**
   - The correlation/BH implementation is sound and self‑contained, satisfying the “no external package” constraint.
   - For downstream steps, re‑use the same patterns:
     - Implement BH by hand for the QC–Purity Wilcoxon tests and for DE effect‑size summaries.
   - Consider storing a more processed summary in `adata.uns` (e.g., `purity_spatial_umap_summary`) that includes `max_abs_spatial_rho`, `max_abs_umap_rho`, `min_spatial_p_fdr`, and `strong_spatial_purity` for easier downstream filtering.

In summary, this step has successfully identified a short list of populations (PD, PP, PS, PV) where Purity is spatially structured but not simply a UMAP axis. The next QC‑confounding and within‑population analyses will directly test your hypothesis by checking whether, in these populations, Purity retains biological structure after QC is accounted for.


================================================================================
2026-05-17 12:17:34,832 - INFO
================================================================================
RESPONSE/OUTPUT: initial_analysis_2_3

NEXT STEP PLAN - Analysis 2, Step 4: For each population flagged as having strong spatial–Purity structure (stored in adata.uns['purity_spatial_umap_strong_populations']) and for its well-powered Population×Sample_ID strata (n ≥ 200), quantify QC–Purity coupling by computing Spearman correlations between Purity and UMI Count / Complexity and by contrasting UMI Count and Complexity between high- and low-Purity strata (top vs bottom Purity quartile) using Wilcoxon rank-sum tests, applying BH-FDR correction within each population and explicitly classifying each group as having modest vs strong QC–Purity coupling based on |rho| and |log2 fold-change| thresholds.

Code:
```python
import numpy as np
import pandas as pd
from scipy import stats

# Retrieve flagged populations with strong spatial–Purity structure
strong_pops = adata.uns.get('purity_spatial_umap_strong_populations', [])
if not strong_pops:
    print("No populations with strong spatial–Purity structure found in adata.uns['purity_spatial_umap_strong_populations'].")

# Ensure required columns exist and are numeric
required_cols = ['Populations', 'Sample_ID', 'Purity', 'UMI Count', 'Complexity']
for col in required_cols:
    if col not in adata.obs.columns:
        raise ValueError(f"Required column '{col}' not found in adata.obs")

for col in ['Purity', 'UMI Count', 'Complexity']:
    adata.obs[col] = pd.to_numeric(adata.obs[col], errors='coerce')

adata.obs['Populations'] = adata.obs['Populations'].astype('category')
adata.obs['Sample_ID'] = adata.obs['Sample_ID'].astype('category')

min_cells_group = 200

# Helper: Benjamini–Hochberg FDR (self-contained)
def bh_fdr(pvals):
    pvals = np.asarray(pvals, dtype=float)
    m = pvals.size
    if m == 0:
        return np.array([])
    order = np.argsort(pvals)
    ranked = pvals[order]
    bh = ranked * m / (np.arange(m) + 1)
    bh = np.minimum.accumulate(bh[::-1])[::-1]
    out = np.empty_like(bh)
    out[order] = bh
    return out

# Helper: compute Spearman rho and p
def spearman_corr(x, y):
    x = np.asarray(x, dtype=float)
    y = np.asarray(y, dtype=float)
    mask = np.isfinite(x) & np.isfinite(y)
    if mask.sum() < 3:
        return np.nan, np.nan
    rho, p = stats.spearmanr(x[mask], y[mask])
    return rho, p

# Container for results
records = []

# Analyze each flagged population
for pop in strong_pops:
    pop_mask = adata.obs['Populations'] == pop
    if pop_mask.sum() < min_cells_group:
        continue

    # Global (population-level) analysis
    sub = adata.obs.loc[pop_mask, ['Purity', 'UMI Count', 'Complexity', 'Sample_ID']].copy()
    n_cells = sub.shape[0]

    # Define high/low Purity strata (top/bottom quartile)
    purity_vals = sub['Purity'].values
    q25, q75 = np.percentile(purity_vals, [25, 75])
    high_mask = purity_vals >= q75
    low_mask = purity_vals <= q25

    # Ensure both strata have enough cells
    if high_mask.sum() < 20 or low_mask.sum() < 20:
        print(f"Population {pop}: insufficient cells in high/low Purity strata at population level, skipping.")
    else:
        for qc_col in ['UMI Count', 'Complexity']:
            x = sub[qc_col].values
            # Spearman correlations
            rho, p_rho = spearman_corr(purity_vals, x)

            # Wilcoxon rank-sum between high and low Purity
            stat_w, p_w = stats.ranksums(x[high_mask], x[low_mask])
            # Effect size as log2 fold-change (high / low)
            mean_high = np.mean(x[high_mask])
            mean_low = np.mean(x[low_mask])
            if mean_low > 0:
                log2fc = np.log2((mean_high + 1e-8) / (mean_low + 1e-8))
            else:
                log2fc = np.nan

            records.append({
                'level': 'population',
                'population': pop,
                'sample_id': 'ALL',
                'qc_metric': qc_col,
                'n_cells': n_cells,
                'n_high': int(high_mask.sum()),
                'n_low': int(low_mask.sum()),
                'spearman_rho': rho,
                'spearman_p': p_rho,
                'wilcoxon_stat': stat_w,
                'wilcoxon_p': p_w,
                'mean_high': mean_high,
                'mean_low': mean_low,
                'log2fc_high_vs_low': log2fc,
            })

    # Per-Population×Sample_ID analysis
    for sample, idx in sub.groupby('Sample_ID').groups.items():
        sample_mask = pop_mask & (adata.obs['Sample_ID'] == sample)
        if sample_mask.sum() < min_cells_group:
            continue
        sub_ps = adata.obs.loc[sample_mask, ['Purity', 'UMI Count', 'Complexity']].copy()
        n_cells_ps = sub_ps.shape[0]
        purity_vals_ps = sub_ps['Purity'].values
        q25_ps, q75_ps = np.percentile(purity_vals_ps, [25, 75])
        high_mask_ps = purity_vals_ps >= q75_ps
        low_mask_ps = purity_vals_ps <= q25_ps

        if high_mask_ps.sum() < 15 or low_mask_ps.sum() < 15:
            continue

        for qc_col in ['UMI Count', 'Complexity']:
            x_ps = sub_ps[qc_col].values
            rho_ps, p_rho_ps = spearman_corr(purity_vals_ps, x_ps)
            stat_w_ps, p_w_ps = stats.ranksums(x_ps[high_mask_ps], x_ps[low_mask_ps])
            mean_high_ps = np.mean(x_ps[high_mask_ps])
            mean_low_ps = np.mean(x_ps[low_mask_ps])
            if mean_low_ps > 0:
                log2fc_ps = np.log2((mean_high_ps + 1e-8) / (mean_low_ps + 1e-8))
            else:
                log2fc_ps = np.nan

            records.append({
                'level': 'population_sample',
                'population': pop,
                'sample_id': str(sample),
                'qc_metric': qc_col,
                'n_cells': n_cells_ps,
                'n_high': int(high_mask_ps.sum()),
                'n_low': int(low_mask_ps.sum()),
                'spearman_rho': rho_ps,
                'spearman_p': p_rho_ps,
                'wilcoxon_stat': stat_w_ps,
                'wilcoxon_p': p_w_ps,
                'mean_high': mean_high_ps,
                'mean_low': mean_low_ps,
                'log2fc_high_vs_low': log2fc_ps,
            })

# Assemble results into a DataFrame
qc_df = pd.DataFrame.from_records(records)

if qc_df.empty:
    print("No QC–Purity results were computed (possibly due to lack of flagged populations or insufficient cell counts).")
else:
    # Apply BH-FDR correction separately for: level × population × qc_metric
    fdr_vals = []
    for (lvl, pop, qc), sub_df in qc_df.groupby(['level', 'population', 'qc_metric']):
        pvals = sub_df['wilcoxon_p'].values
        fdr = bh_fdr(pvals)
        fdr_vals.extend(fdr)
    qc_df['wilcoxon_p_fdr'] = fdr_vals

    # Classify QC–Purity coupling as modest vs strong
    # Criteria: "modest" when |rho| < 0.3 AND |log2FC| < 0.5 (regardless of significance);
    # else "strong_or_moderate".
    qc_df['qc_purity_coupling'] = np.where(
        (qc_df['spearman_rho'].abs() < 0.3) & (qc_df['log2fc_high_vs_low'].abs() < 0.5),
        'modest',
        'strong_or_moderate'
    )

    # Store in adata.uns
    adata.uns['purity_qc_coupling'] = qc_df

    # Print concise summaries per population
    print("\n=== QC–Purity coupling summary for flagged spatial–Purity populations ===")
    summary_cols = [
        'level', 'population', 'sample_id', 'qc_metric', 'n_cells', 'n_high', 'n_low',
        'spearman_rho', 'spearman_p', 'wilcoxon_p', 'wilcoxon_p_fdr',
        'log2fc_high_vs_low', 'qc_purity_coupling'
    ]
    # Sort by population and QC metric
    print(qc_df[summary_cols].sort_values(['population', 'level', 'qc_metric', 'sample_id']).to_string(index=False))

    # Also report which (population, qc_metric) pairs are predominantly modest vs strong
    agg = (
        qc_df
        .groupby(['population', 'qc_metric'])['qc_purity_coupling']
        .value_counts()
        .unstack(fill_value=0)
    )
    print("\n=== Counts of modest vs strong_or_moderate QC–Purity coupling per population and QC metric ===")
    print(agg.to_string())
```


================================================================================
2026-05-17 12:18:12,429 - INFO
================================================================================
RESPONSE/OUTPUT: self_critique_2_3

APPLIED SELF-CRITIQUE - Analysis 2, Step 4


================================================================================
2026-05-17 12:18:12,430 - INFO
================================================================================
RESPONSE/OUTPUT: revised_analysis_2_3

Revised Hypothesis: Within cardiac populations that exhibit strong spatial–Purity structure (PD, PP, PS, PV), Purity is not merely a surrogate for technical quality (UMI Count, Complexity), but instead captures biologically meaningful microenvironmental variation, such that QC–Purity coupling within these populations is at most modest.

Revised Analysis Plan:
1. Quantify QC–Purity coupling within each flagged spatial–Purity population (PD, PP, PS, PV) and its well-powered Population×Sample_ID strata (n ≥ 200) by computing Spearman correlations between Purity and UMI Count / Complexity and by contrasting UMI Count and Complexity between high- and low-Purity strata (top vs bottom Purity quartile) using Wilcoxon rank-sum tests, applying BH-FDR correction within each level×population×qc_metric family and classifying each stratum as having modest vs strong QC–Purity coupling based on |rho| and |log2 fold-change| thresholds, while also recording an FDR-based significance flag.
2. Restrict downstream analyses to populations and Population×Sample_ID strata that both show strong spatial–Purity structure and predominantly modest QC–Purity coupling, then perform within-population Leiden subclustering on the precomputed neighborhood graph/embedding (subsetting adata to each such population in turn), annotate subcluster labels back to the full AnnData, and test for differences in Purity and QC metric distributions across subclusters overall and within each Sample_ID (n ≥ 100) via Kruskal–Wallis tests, explicitly flagging subclusters that are Purity-enriched or -depleted while confirming that QC metrics remain balanced.
3. Within these QC-robust, spatially structured populations and subclusters, conduct differential expression analyses using sc.tl.rank_genes_groups (method='wilcoxon') comparing high- vs low-Purity cells and, separately, Purity-enriched vs Purity-depleted subclusters, derive concise Purity-up and Purity-down gene signatures per population from strongly DE genes (FDR- and log2FC-filtered), score each cell with sc.tl.score_genes, and fit per-population linear regression models (via numpy/scipy) that relate signature scores to Purity while adjusting for UMI Count, Complexity, and Sample_ID, reporting regression coefficients, p-values, and goodness-of-fit metrics to quantify the extent to which Purity-associated programs persist after QC adjustment.

Revised Code:
import numpy as np
import pandas as pd
from scipy import stats

# Retrieve flagged populations with strong spatial–Purity structure
strong_pops = adata.uns.get('purity_spatial_umap_strong_populations', [])
if not strong_pops:
    print("No populations with strong spatial–Purity structure found in adata.uns['purity_spatial_umap_strong_populations'].")

# Ensure required columns exist and are numeric
required_cols = ['Populations', 'Sample_ID', 'Purity', 'UMI Count', 'Complexity']
for col in required_cols:
    if col not in adata.obs.columns:
        raise ValueError(f"Required column '{col}' not found in adata.obs")

for col in ['Purity', 'UMI Count', 'Complexity']:
    adata.obs[col] = pd.to_numeric(adata.obs[col], errors='coerce')

adata.obs['Populations'] = adata.obs['Populations'].astype('category')
adata.obs['Sample_ID'] = adata.obs['Sample_ID'].astype('category')

min_cells_group = 200

# Helper: Benjamini–Hochberg FDR (self-contained)
def bh_fdr(pvals):
    pvals = np.asarray(pvals, dtype=float)
    m = pvals.size
    if m == 0:
        return np.array([])
    order = np.argsort(pvals)
    ranked = pvals[order]
    bh = ranked * m / (np.arange(m) + 1)
    bh = np.minimum.accumulate(bh[::-1])[::-1]
    out = np.empty_like(bh)
    out[order] = bh
    return out

# Helper: compute Spearman rho and p
def spearman_corr(x, y):
    x = np.asarray(x, dtype=float)
    y = np.asarray(y, dtype=float)
    mask = np.isfinite(x) & np.isfinite(y)
    if mask.sum() < 3:
        return np.nan, np.nan
    rho, p = stats.spearmanr(x[mask], y[mask])
    return rho, p

# Container for results
records = []

# Analyze each flagged population
for pop in strong_pops:
    pop_mask = adata.obs['Populations'] == pop
    if pop_mask.sum() < min_cells_group:
        continue

    # Global (population-level) analysis
    sub = adata.obs.loc[pop_mask, ['Purity', 'UMI Count', 'Complexity', 'Sample_ID']].copy()
    n_cells = sub.shape[0]

    # Define high/low Purity strata (top/bottom quartile)
    purity_vals = sub['Purity'].values
    q25, q75 = np.percentile(purity_vals, [25, 75])
    high_mask = purity_vals >= q75
    low_mask = purity_vals <= q25

    # Ensure both strata have enough cells (also require at least 10% of cells in each stratum)
    if (high_mask.sum() < 20 or low_mask.sum() < 20 or
        high_mask.sum() < 0.1 * n_cells or low_mask.sum() < 0.1 * n_cells):
        print(f"Population {pop}: insufficient or highly imbalanced high/low Purity strata at population level, skipping.")
    else:
        for qc_col in ['UMI Count', 'Complexity']:
            x = sub[qc_col].values
            # Spearman correlations
            rho, p_rho = spearman_corr(purity_vals, x)

            # Wilcoxon rank-sum between high and low Purity
            stat_w, p_w = stats.ranksums(x[high_mask], x[low_mask])
            # Effect size as log2 fold-change (high / low)
            mean_high = np.mean(x[high_mask])
            mean_low = np.mean(x[low_mask])
            if mean_low > 0:
                log2fc = np.log2((mean_high + 1e-8) / (mean_low + 1e-8))
            else:
                log2fc = np.nan
                print(f"Warning: mean {qc_col} for low-Purity stratum <= 0 in population {pop} (population level); setting log2FC to NaN.")

            records.append({
                'level': 'population',
                'population': pop,
                'sample_id': 'ALL',
                'qc_metric': qc_col,
                'n_cells': n_cells,
                'n_high': int(high_mask.sum()),
                'n_low': int(low_mask.sum()),
                'spearman_rho': rho,
                'spearman_p': p_rho,
                'wilcoxon_stat': stat_w,
                'wilcoxon_p': p_w,
                'mean_high': mean_high,
                'mean_low': mean_low,
                'log2fc_high_vs_low': log2fc,
            })

    # Per-Population×Sample_ID analysis
    for sample, idx in sub.groupby('Sample_ID').groups.items():
        sample_mask = pop_mask & (adata.obs['Sample_ID'] == sample)
        if sample_mask.sum() < min_cells_group:
            continue
        sub_ps = adata.obs.loc[sample_mask, ['Purity', 'UMI Count', 'Complexity']].copy()
        n_cells_ps = sub_ps.shape[0]
        purity_vals_ps = sub_ps['Purity'].values
        q25_ps, q75_ps = np.percentile(purity_vals_ps, [25, 75])
        high_mask_ps = purity_vals_ps >= q75_ps
        low_mask_ps = purity_vals_ps <= q25_ps

        # Require minimum absolute and relative size per stratum
        if (high_mask_ps.sum() < 15 or low_mask_ps.sum() < 15 or
            high_mask_ps.sum() < 0.1 * n_cells_ps or low_mask_ps.sum() < 0.1 * n_cells_ps):
            continue

        for qc_col in ['UMI Count', 'Complexity']:
            x_ps = sub_ps[qc_col].values
            rho_ps, p_rho_ps = spearman_corr(purity_vals_ps, x_ps)
            stat_w_ps, p_w_ps = stats.ranksums(x_ps[high_mask_ps], x_ps[low_mask_ps])
            mean_high_ps = np.mean(x_ps[high_mask_ps])
            mean_low_ps = np.mean(x_ps[low_mask_ps])
            if mean_low_ps > 0:
                log2fc_ps = np.log2((mean_high_ps + 1e-8) / (mean_low_ps + 1e-8))
            else:
                log2fc_ps = np.nan
                print(f"Warning: mean {qc_col} for low-Purity stratum <= 0 in population {pop}, sample {sample}; setting log2FC to NaN.")

            records.append({
                'level': 'population_sample',
                'population': pop,
                'sample_id': str(sample),
                'qc_metric': qc_col,
                'n_cells': n_cells_ps,
                'n_high': int(high_mask_ps.sum()),
                'n_low': int(low_mask_ps.sum()),
                'spearman_rho': rho_ps,
                'spearman_p': p_rho_ps,
                'wilcoxon_stat': stat_w_ps,
                'wilcoxon_p': p_w_ps,
                'mean_high': mean_high_ps,
                'mean_low': mean_low_ps,
                'log2fc_high_vs_low': log2fc_ps,
            })

# Assemble results into a DataFrame
qc_df = pd.DataFrame.from_records(records)

if qc_df.empty:
    print("No QC–Purity results were computed (possibly due to lack of flagged populations or insufficient cell counts).")
else:
    # Apply BH-FDR correction separately for: level × population × qc_metric
    fdr_vals = np.empty(qc_df.shape[0], dtype=float)
    # Also record significance based on FDR < 0.05
    signif_flag = np.zeros(qc_df.shape[0], dtype=bool)

    for (lvl, pop, qc), sub_df in qc_df.groupby(['level', 'population', 'qc_metric']):
        idx = sub_df.index.values
        pvals = sub_df['wilcoxon_p'].values
        fdr = bh_fdr(pvals)
        fdr_vals[idx] = fdr
        signif_flag[idx] = fdr < 0.05

    qc_df['wilcoxon_p_fdr'] = fdr_vals
    qc_df['qc_purity_significant'] = signif_flag

    # Classify QC–Purity coupling as modest vs strong based purely on effect sizes
    # Criteria: "modest" when |rho| < 0.3 AND |log2FC| < 0.5 (regardless of significance);
    # else "strong_or_moderate".
    qc_df['qc_purity_coupling'] = np.where(
        (qc_df['spearman_rho'].abs() < 0.3) & (qc_df['log2fc_high_vs_low'].abs() < 0.5),
        'modest',
        'strong_or_moderate'
    )

    # Store in adata.uns
    adata.uns['purity_qc_coupling'] = qc_df

    # Print concise summaries per population
    print("\n=== QC–Purity coupling summary for flagged spatial–Purity populations ===")
    summary_cols = [
        'level', 'population', 'sample_id', 'qc_metric', 'n_cells', 'n_high', 'n_low',
        'spearman_rho', 'spearman_p', 'wilcoxon_p', 'wilcoxon_p_fdr',
        'log2fc_high_vs_low', 'qc_purity_coupling', 'qc_purity_significant'
    ]
    # Sort by population and QC metric
    print(qc_df[summary_cols].sort_values(['population', 'level', 'qc_metric', 'sample_id']).to_string(index=False))

    # Also report which (population, qc_metric) pairs are predominantly modest vs strong
    agg = (
        qc_df
        .groupby(['population', 'qc_metric'])['qc_purity_coupling']
        .value_counts()
        .unstack(fill_value=0)
    )
    print("\n=== Counts of modest vs strong_or_moderate QC–Purity coupling per population and QC metric ===")
    print(agg.to_string())


================================================================================
2026-05-17 12:18:12,536 - INFO
================================================================================
RESPONSE/OUTPUT: step_execution_success_2_4

STEP 4 RAN SUCCESSFULLY - Analysis 2


================================================================================
2026-05-17 12:18:31,692 - INFO
================================================================================
RESPONSE/OUTPUT: results_interpretation_2_4

These results generally support the hypothesis that Purity is not simply a QC surrogate, but the strength of QC–Purity coupling varies by population and metric:

1. **Overall pattern across PD, PP, PS, PV**
   - All four populations show **many “modest” QC–Purity couplings**, especially for UMI Count:
     - UMI Count: entirely “modest” in PD, PP, PS, PV (across population and population×sample strata).
     - Complexity: “modest” in PD; mixed in PP; clearly **strong** in PS and PV.
   - Because your criteria for “modest” are effect-size based (|rho|<0.3 & |log2FC|<0.5), the highly significant p-values simply reflect large n and don’t contradict modest coupling.

2. **Population-specific conclusions for downstream analyses**

   - **PD**
     - Complexity: all 4 strata (1 pop-level + 3 sample-level) are **modest** (rho ≈ −0.15 to −0.30; log2FC ≈ −0.11 to −0.21).
     - UMI Count: all 4 strata **modest** (rho small, |log2FC| < 0.2).
     - PD is a **prime QC-robust candidate**: strong spatial–Purity structure (by construction) and consistently modest QC–Purity coupling in both metrics.
     - PD should be prioritized for the next steps (Leiden subclustering and Purity-associated DE/regression) with high confidence that Purity captures biology beyond QC.

   - **PP**
     - Complexity:
       - Population-level and two samples (R78_4C12, R78_4C15) are flagged **strong_or_moderate** (rho ~ −0.31 to −0.37, log2FC ~ −0.19 to −0.24).
       - Only R77_4C4 is “modest”.
     - UMI Count:
       - All strata “modest”; population-level rho ~ 0.009 and log2FC ~ −0.02.
     - Interpretation:
       - In PP, **Purity is somewhat entangled with Complexity**, but **not with UMI Count**.
       - For downstream analysis, PP is usable, but with **caution**:
         - Prefer to use **UMI Count and Complexity as covariates** later, and be prepared that some Purity–biology associations might be partially confounded by Complexity.
         - In sample R77_4C4 (Complexity modest), PP is especially clean; you could consider **sensitivity analyses restricted to R77_4C4** or to subclusters where Complexity distributions remain balanced.

   - **PS**
     - Complexity:
       - All strata (pop-level + 3 samples) are **strong_or_moderate** with **large negative effects**:
         - rho ~ −0.43 to −0.50; log2FC ~ −0.56 to −0.75.
       - This is **substantial**: high-Purity cells have markedly lower Complexity.
     - UMI Count:
       - All strata “modest” with small positive rho and small log2FC (~0.10–0.18).
     - Interpretation:
       - In PS, Purity is **strongly anti-correlated with Complexity**, even though UMI Count coupling is modest.
       - Purity here is likely capturing a combination of biology and technical diversity in library complexity.
       - For your hypothesis (Purity not just QC), PS is **problematic**: Complexity is too tightly linked to Purity to call the QC–Purity coupling “modest.”
       - I would either:
         - **Exclude PS from the main “QC-robust” set**, or
         - Include PS only with **strict downstream controls**, e.g.:
           - Very stringent matching of Complexity across Purity strata in subclusters, or
           - Heavy use of Complexity as a covariate and **sensitivity checks** (e.g., regression residual analyses where Complexity has minimal residual association with Purity).

   - **PV**
     - Complexity:
       - All strata “strong_or_moderate” with strong negative correlations:
         - pop-level rho = −0.49, log2FC ~ −0.41; per-sample rho ~ −0.37 to −0.42, log2FC ~ −0.27 to −0.35.
     - UMI Count:
       - All strata “modest” with small positive rho (~0.00–0.16) and moderate log2FC in the population-level high vs low (~0.37).
     - Interpretation:
       - Very similar to PS: **Purity is tightly coupled to Complexity** but only modestly to UMI Count.
       - Again, the strong Complexity coupling compromises the hypothesis that Purity is “mostly independent” of QC in this population.
       - Recommendation similar to PS: **do not treat PV as QC-robust** without explicit strategies to account for the Complexity conflation.

3. **Implications for the hypothesis**

   - The results **partially validate** your hypothesis:
     - There are clearly populations (notably PD, and to a lesser extent PP when focusing on UMI Count) where Purity’s relationship with QC is modest by your effect-size criteria.
     - This is especially compelling because I see **significant but small effects**—typical of truly weak technical confounding in large datasets.
   - However, for **PS and PV**, Purity is very strongly coupled to Complexity. In those contexts, it is difficult to argue that Purity is “not merely a QC surrogate,” at least with respect to Complexity.

4. **How to refine the next steps**

   a. **Selection of populations / strata for downstream analyses**
   - When you “restrict downstream analyses to populations and Population×Sample_ID strata that… show predominantly modest QC–Purity coupling”:
     - **Clearly include:**
       - PD (all levels, both QC metrics).
       - PP for UMI Count; for Complexity, possibly only R77_4C4.
     - **Potentially include with caveats / sensitivity analyses:**
       - PP strata where Complexity is strong_or_moderate (R78_4C12, R78_4C15).
     - **Exclude or treat as separate, QC-confounded sets:**
       - PS and PV, at least if Complexity is a major part of your QC definition.
   - You might explicitly encode a mask in `adata.obs` or `adata.uns` capturing **QC-robust cells** (e.g., PD + PP + maybe specific PP×Sample_ID subsets), and run subclustering/DE only within this mask for the main analysis.

   b. **Subclustering and balance checks (next planned step)**
   - For PD and the QC-robust PP strata, proceed with:
     - Leiden subclustering on precomputed neighbors/embedding.
     - Kruskal–Wallis tests for differences in **Purity**, **UMI Count**, and **Complexity** across subclusters and per-sample.
   - When interpreting subclusters as “Purity-enriched/-depleted,” pay particular attention to:
     - Whether Complexity remains balanced in those subclusters, especially in PP, PS, PV.
     - If you find subclusters where both Purity and Complexity differ strongly, mark those as **likely QC-confounded** and:
       - Either drop them from downstream DE, or
       - Treat them as “QC-sensitive” in separate sensitivity analyses.

   c. **Design of regression models (step 3)**
   - The current results reinforce the need for **multivariable regression**:
     - For PD and PP, you can be confident that after including UMI Count & Complexity as covariates, residual Purity effects will approximate “biological” variation.
     - For PS and PV, even if you include Complexity as a covariate, the very strong coupling raises collinearity issues:
       - You may see inflated standard errors or unstable coefficients for Purity vs Complexity.
       - Consider checking **variance inflation factors** (VIF) or pairwise correlations among covariates in those populations.
   - You may want to run the regression step **twice**:
     1. In the QC-robust populations/strata (PD + PP), to define your core Purity signatures.
     2. Optionally in PS/PV, but treat these results as **exploratory** and see whether Purity-associated programs overlap with the QC-robust signatures or are dominated by library-composition-like patterns.

5. **Additional small technical notes / options for iteration**

   - Your thresholds (|rho| < 0.3, |log2FC| < 0.5) are sensible but slightly permissive. For example, in PP complexity, rho ≈ −0.31 (just over the line) plus modest log2FC already triggers “strong_or_moderate.”
     - If you want a **stricter QC-robust core**, you could tighten these cutoffs for the principal analysis (e.g., |rho| < 0.25 & |log2FC| < 0.4), then see which populations persist.
   - Within PS and PV, you might explore whether **within narrow Complexity bands** (e.g., stratify or residualize Complexity), Purity still shows spatial structure. If so, that would support biological meaning even in QC-confounded contexts.

In summary, these QC–Purity coupling results strongly justify moving forward with PD (and largely PP) as **QC-robust, spatially structured populations** for the next subclustering and DE steps. PS and PV likely require harsher treatment (exclusion or heavy QC-adjustment and sensitivity analyses) to uphold the hypothesis that Purity reflects microenvironment beyond technical quality.


================================================================================
2026-05-17 12:18:48,520 - INFO
================================================================================
RESPONSE/OUTPUT: initial_analysis_2_4

NEXT STEP PLAN - Analysis 2, Step 5: Restrict to QC-robust, spatially structured populations by selecting PD and PP (and, for PP, keeping all Sample_ID strata but later checking subcluster-level QC balance), perform within-population Leiden subclustering using the existing neighbors/embedding (subsetting adata to each population in turn), write back population-specific subcluster labels into adata.obs, and for each population and each Sample_ID with n ≥ 100 per population, use Kruskal–Wallis tests to quantify whether Purity, UMI Count, and Complexity differ across subclusters, explicitly flagging subclusters that are Purity-enriched or -depleted while maintaining modest QC differences.

Code:
```python
import numpy as np
import pandas as pd
import scanpy as sc
from scipy import stats

# We focus on QC-robust, spatially structured populations identified previously
qc_robust_pops = ['PD', 'PP']

# Ensure required columns are present
for col in ['Populations', 'Sample_ID', 'Purity', 'UMI Count', 'Complexity', 'leiden']:
    if col not in adata.obs.columns:
        raise ValueError(f"Required column '{col}' not found in adata.obs")

adata.obs['Populations'] = adata.obs['Populations'].astype('category')
adata.obs['Sample_ID'] = adata.obs['Sample_ID'].astype('category')

# Use existing neighbors/embedding; we assume they were computed globally already

min_cells_pop = 500  # ensure enough cells for stable subclustering
min_cells_sample_for_kw = 100  # per-population per-sample threshold for KW tests

subcluster_results = []

for pop in qc_robust_pops:
    pop_mask = adata.obs['Populations'] == pop
    n_pop = int(pop_mask.sum())
    if n_pop < min_cells_pop:
        print(f"Population {pop}: only {n_pop} cells, below subclustering threshold, skipping.")
        continue

    print(f"\n=== Subclustering population {pop} (n={n_pop}) ===")
    adata_pop = adata[pop_mask].copy()

    # Run Leiden clustering within this population using precomputed neighbors/embedding if available
    # Prefer neighbors based on the same representation as global, but recompute locally for robustness
    if 'X_pca' in adata_pop.obsm_keys():
        sc.pp.neighbors(adata_pop, use_rep='X_pca')
    else:
        sc.pp.neighbors(adata_pop)

    sc.tl.leiden(adata_pop, resolution=1.0, key_added=f'leiden_{pop}_sub')

    # Map subcluster labels back to the main AnnData
    sub_labels = pd.Categorical(adata_pop.obs[f'leiden_{pop}_sub'])
    adata.obs.loc[pop_mask, f'leiden_{pop}_sub'] = sub_labels
    adata.obs[f'leiden_{pop}_sub'] = adata.obs[f'leiden_{pop}_sub'].astype('category')

    # For each population, test whether Purity and QC metrics differ across subclusters (global and per-sample)
    obs_pop = adata.obs.loc[pop_mask, ['Purity', 'UMI Count', 'Complexity', 'Sample_ID', f'leiden_{pop}_sub']].copy()

    # Helper for Kruskal–Wallis across subclusters
    def kw_by_subcluster(df, value_col, group_col):
        groups = [v.dropna().values for _, v in df.groupby(group_col)[value_col]]
        labels = list(df.groupby(group_col).groups.keys())
        if len(groups) < 2:
            return np.nan, np.nan, labels
        # Require at least some minimum n per group
        if any(len(g) < 10 for g in groups):
            return np.nan, np.nan, labels
        stat, p = stats.kruskal(*groups)
        return stat, p, labels

    # Global (within-population) KW tests
    for metric in ['Purity', 'UMI Count', 'Complexity']:
        stat, p, sub_labels_list = kw_by_subcluster(obs_pop, metric, f'leiden_{pop}_sub')
        subcluster_results.append({
            'population': pop,
            'sample_id': 'ALL',
            'metric': metric,
            'level': 'population',
            'n_cells': int(obs_pop.shape[0]),
            'n_subclusters': len(sub_labels_list),
            'kw_stat': stat,
            'kw_p': p,
        })
        print(f"Population {pop}, ALL samples, {metric}: KW stat={stat:.3f}, p={p:.3e}, n_subclusters={len(sub_labels_list)}")

    # Per-sample KW tests within each population
    for sample_id, df_sample in obs_pop.groupby('Sample_ID'):
        n_sample = df_sample.shape[0]
        if n_sample < min_cells_sample_for_kw:
            continue
        for metric in ['Purity', 'UMI Count', 'Complexity']:
            stat, p, sub_labels_list = kw_by_subcluster(df_sample, metric, f'leiden_{pop}_sub')
            subcluster_results.append({
                'population': pop,
                'sample_id': str(sample_id),
                'metric': metric,
                'level': 'population_sample',
                'n_cells': int(n_sample),
                'n_subclusters': len(sub_labels_list),
                'kw_stat': stat,
                'kw_p': p,
            })
            print(f"Population {pop}, Sample {sample_id}, {metric}: KW stat={stat:.3f}, p={p:.3e}, n_subclusters={len(sub_labels_list)}")

    # Identify Purity-enriched/depleted subclusters within each population
    sub_means = (
        obs_pop
        .groupby(f'leiden_{pop}_sub')[['Purity', 'UMI Count', 'Complexity']]
        .agg(['mean', 'std', 'count'])
    )
    print(f"\nSummary of Purity and QC metrics by subcluster in population {pop}:")
    print(sub_means)

    # Flag subclusters with Purity clearly above/below population mean while keeping QC differences modest
    pop_mean_purity = obs_pop['Purity'].mean()
    pop_sd_purity = obs_pop['Purity'].std()
    pop_mean_umi = obs_pop['UMI Count'].mean()
    pop_mean_comp = obs_pop['Complexity'].mean()

    enriched = []
    depleted = []
    for cl in obs_pop[f'leiden_{pop}_sub'].cat.categories:
        cl_mask = obs_pop[f'leiden_{pop}_sub'] == cl
        n_cl = int(cl_mask.sum())
        if n_cl < 50:
            continue
        cl_purity_mean = obs_pop.loc[cl_mask, 'Purity'].mean()
        cl_umi_mean = obs_pop.loc[cl_mask, 'UMI Count'].mean()
        cl_comp_mean = obs_pop.loc[cl_mask, 'Complexity'].mean()

        # Purity-enriched if > 0.5 SD above mean and QC shifts modest (|delta|/mean < 0.25)
        if cl_purity_mean >= pop_mean_purity + 0.5 * pop_sd_purity:
            umi_shift = abs(cl_umi_mean - pop_mean_umi) / (pop_mean_umi + 1e-8)
            comp_shift = abs(cl_comp_mean - pop_mean_comp) / (pop_mean_comp + 1e-8)
            if umi_shift < 0.25 and comp_shift < 0.25:
                enriched.append(cl)
        # Purity-depleted if < 0.5 SD below mean with modest QC shifts
        if cl_purity_mean <= pop_mean_purity - 0.5 * pop_sd_purity:
            umi_shift = abs(cl_umi_mean - pop_mean_umi) / (pop_mean_umi + 1e-8)
            comp_shift = abs(cl_comp_mean - pop_mean_comp) / (pop_mean_comp + 1e-8)
            if umi_shift < 0.25 and comp_shift < 0.25:
                depleted.append(cl)

    print(f"Purity-enriched subclusters in {pop} with modest QC shifts: {enriched}")
    print(f"Purity-depleted subclusters in {pop} with modest QC shifts: {depleted}")

    # Store flags in adata.uns for downstream DE/signature analysis
    adata.uns.setdefault('purity_subclusters', {})[pop] = {
        'enriched': enriched,
        'depleted': depleted,
    }

# Collect and store KW results
if subcluster_results:
    subcluster_results_df = pd.DataFrame(subcluster_results)
    adata.uns['purity_subcluster_kw_tests'] = subcluster_results_df
    print("\nStored Kruskal–Wallis test results in adata.uns['purity_subcluster_kw_tests'].")
    print("Kruskal–Wallis summary (first 20 rows):")
    print(subcluster_results_df.head(20).to_string(index=False))
else:
    print("No subclustering/KW results were generated (possibly due to insufficient cell counts).")

```


================================================================================
2026-05-17 12:19:27,217 - INFO
================================================================================
RESPONSE/OUTPUT: self_critique_2_4

APPLIED SELF-CRITIQUE - Analysis 2, Step 5


================================================================================
2026-05-17 12:19:27,218 - INFO
================================================================================
RESPONSE/OUTPUT: revised_analysis_2_4

Revised Hypothesis: Within the spatially structured cardiac populations PD and PP, there exist transcriptionally distinct subclusters whose Purity differences cannot be explained by UMI Count or Complexity, indicating that Purity captures genuine microenvironmental states rather than technical variation.

Revised Analysis Plan:
1. Restrict to QC-robust, spatially structured populations by selecting PD and PP (previously identified as having strong spatial–Purity structure with predominantly modest QC–Purity coupling), perform within-population Leiden subclustering using the existing neighbors/embedding (subsetting adata to each population in turn), write back population-specific subcluster labels into adata.obs, and for each population and each Sample_ID with n ≥ 100 per population, use Kruskal–Wallis tests to quantify whether Purity, UMI Count, and Complexity differ across subclusters, explicitly flagging subclusters that are Purity-enriched or -depleted while maintaining modest QC differences.
2. Within PD and PP, and focusing on subclusters that show Purity shifts but balanced QC metrics, perform differential expression analysis using sc.tl.rank_genes_groups (method='wilcoxon') comparing (i) high- vs low-Purity cells (top vs bottom Purity quartile) and (ii) Purity-enriched vs Purity-depleted subclusters, derive concise Purity-up and Purity-down signatures per population from strongly DE genes (FDR- and log2FC-filtered), score each cell with sc.tl.score_genes, and fit per-population linear regression models (via numpy/scipy) that relate signature scores to Purity while adjusting for UMI Count, Complexity, and Sample_ID, reporting regression coefficients and p-values to quantify how strongly Purity-associated programs persist after QC adjustment.

Revised Code:
import numpy as np
import pandas as pd
import scanpy as sc
from scipy import stats

# We focus on QC-robust, spatially structured populations identified previously
qc_robust_pops = ['PD', 'PP']

# Ensure required columns are present
for col in ['Populations', 'Sample_ID', 'Purity', 'UMI Count', 'Complexity', 'leiden']:
    if col not in adata.obs.columns:
        raise ValueError(f"Required column '{col}' not found in adata.obs")

# Enforce appropriate dtypes and numeric QC metrics for robustness
adata.obs['Populations'] = adata.obs['Populations'].astype('category')
adata.obs['Sample_ID'] = adata.obs['Sample_ID'].astype('category')
for col in ['Purity', 'UMI Count', 'Complexity']:
    adata.obs[col] = pd.to_numeric(adata.obs[col], errors='coerce')

# Use existing neighbors/embedding; we assume they were computed globally already

min_cells_pop = 500  # ensure enough cells for stable subclustering
min_cells_sample_for_kw = 100  # per-population per-sample threshold for KW tests

subcluster_results = []

for pop in qc_robust_pops:
    pop_mask = adata.obs['Populations'] == pop
    n_pop = int(pop_mask.sum())
    if n_pop < min_cells_pop:
        print(f"Population {pop}: only {n_pop} cells, below subclustering threshold, skipping.")
        continue

    print(f"\n=== Subclustering population {pop} (n={n_pop}) ===")
    adata_pop = adata[pop_mask].copy()

    # Run Leiden clustering within this population using precomputed neighbors/embedding if available
    # Prefer neighbors based on the same representation as global, but recompute locally for robustness
    if 'X_pca' in adata_pop.obsm_keys():
        sc.pp.neighbors(adata_pop, use_rep='X_pca')
    else:
        sc.pp.neighbors(adata_pop)

    sc.tl.leiden(adata_pop, resolution=1.0, key_added=f'leiden_{pop}_sub')

    # Map subcluster labels back to the main AnnData (preallocate column to avoid alignment issues)
    col_name = f'leiden_{pop}_sub'
    if col_name not in adata.obs.columns:
        adata.obs[col_name] = pd.Categorical([np.nan] * adata.n_obs)
    adata.obs.loc[pop_mask, col_name] = adata_pop.obs[col_name].values
    adata.obs[col_name] = adata.obs[col_name].astype('category')

    # For each population, test whether Purity and QC metrics differ across subclusters (global and per-sample)
    obs_pop = adata.obs.loc[pop_mask, ['Purity', 'UMI Count', 'Complexity', 'Sample_ID', col_name]].copy()

    # Helper for Kruskal–Wallis across subclusters
    def kw_by_subcluster(df, value_col, group_col):
        grouped = df.groupby(group_col)[value_col]
        groups = [v.dropna().values for _, v in grouped]
        labels = list(grouped.groups.keys())
        if len(groups) < 2:
            return np.nan, np.nan, labels
        # Require at least some minimum n per group
        if any(len(g) < 10 for g in groups):
            return np.nan, np.nan, labels
        stat, p = stats.kruskal(*groups)
        return stat, p, labels

    # Global (within-population) KW tests
    for metric in ['Purity', 'UMI Count', 'Complexity']:
        stat, p, sub_labels_list = kw_by_subcluster(obs_pop, metric, col_name)
        subcluster_results.append({
            'population': pop,
            'sample_id': 'ALL',
            'metric': metric,
            'level': 'population',
            'n_cells': int(obs_pop.shape[0]),
            'n_subclusters': len(sub_labels_list),
            'kw_stat': stat,
            'kw_p': p,
        })
        print(f"Population {pop}, ALL samples, {metric}: KW stat={stat:.3f}, p={p:.3e}, n_subclusters={len(sub_labels_list)}")

    # Per-sample KW tests within each population
    for sample_id, df_sample in obs_pop.groupby('Sample_ID'):
        n_sample = df_sample.shape[0]
        if n_sample < min_cells_sample_for_kw:
            continue
        for metric in ['Purity', 'UMI Count', 'Complexity']:
            stat, p, sub_labels_list = kw_by_subcluster(df_sample, metric, col_name)
            subcluster_results.append({
                'population': pop,
                'sample_id': str(sample_id),
                'metric': metric,
                'level': 'population_sample',
                'n_cells': int(n_sample),
                'n_subclusters': len(sub_labels_list),
                'kw_stat': stat,
                'kw_p': p,
            })
            print(f"Population {pop}, Sample {sample_id}, {metric}: KW stat={stat:.3f}, p={p:.3e}, n_subclusters={len(sub_labels_list)}")

    # Identify Purity-enriched/depleted subclusters within each population
    sub_means = (
        obs_pop
        .groupby(col_name)[['Purity', 'UMI Count', 'Complexity']]
        .agg(['mean', 'std', 'count'])
    )
    print(f"\nSummary of Purity and QC metrics by subcluster in population {pop}:")
    print(sub_means)

    # Flag subclusters with Purity clearly above/below population mean while keeping QC differences modest
    pop_mean_purity = obs_pop['Purity'].mean()
    pop_sd_purity = obs_pop['Purity'].std()
    pop_mean_umi = obs_pop['UMI Count'].mean()
    pop_mean_comp = obs_pop['Complexity'].mean()

    enriched = []
    depleted = []
    for cl in obs_pop[col_name].cat.categories:
        cl_mask = obs_pop[col_name] == cl
        n_cl = int(cl_mask.sum())
        if n_cl < 50:
            continue
        cl_purity_mean = obs_pop.loc[cl_mask, 'Purity'].mean()
        cl_umi_mean = obs_pop.loc[cl_mask, 'UMI Count'].mean()
        cl_comp_mean = obs_pop.loc[cl_mask, 'Complexity'].mean()

        umi_shift = abs(cl_umi_mean - pop_mean_umi) / (pop_mean_umi + 1e-8)
        comp_shift = abs(cl_comp_mean - pop_mean_comp) / (pop_mean_comp + 1e-8)

        # Purity-enriched if > 0.5 SD above mean and QC shifts modest (|delta|/mean < 0.25)
        if cl_purity_mean >= pop_mean_purity + 0.5 * pop_sd_purity and umi_shift < 0.25 and comp_shift < 0.25:
            enriched.append(cl)
        # Purity-depleted if < 0.5 SD below mean with modest QC shifts
        if cl_purity_mean <= pop_mean_purity - 0.5 * pop_sd_purity and umi_shift < 0.25 and comp_shift < 0.25:
            depleted.append(cl)

    print(f"Purity-enriched subclusters in {pop} with modest QC shifts: {enriched}")
    print(f"Purity-depleted subclusters in {pop} with modest QC shifts: {depleted}")

    # Store flags in adata.uns for downstream DE/signature analysis
    adata.uns.setdefault('purity_subclusters', {})[pop] = {
        'enriched': enriched,
        'depleted': depleted,
    }

# Collect and store KW results
if subcluster_results:
    subcluster_results_df = pd.DataFrame(subcluster_results)
    adata.uns['purity_subcluster_kw_tests'] = subcluster_results_df
    print("\nStored Kruskal–Wallis test results in adata.uns['purity_subcluster_kw_tests'].")
    print("Kruskal–Wallis summary (first 20 rows):")
    print(subcluster_results_df.head(20).to_string(index=False))
else:
    print("No subclustering/KW results were generated (possibly due to insufficient cell counts).")



================================================================================
2026-05-17 12:19:52,468 - INFO
================================================================================
RESPONSE/OUTPUT: step_execution_failed_2_5

STEP 5 FAILED - Analysis 2

Code:
```python
import numpy as np
import pandas as pd
import scanpy as sc
from scipy import stats

# We focus on QC-robust, spatially structured populations identified previously
qc_robust_pops = ['PD', 'PP']

# Ensure required columns are present
for col in ['Populations', 'Sample_ID', 'Purity', 'UMI Count', 'Complexity', 'leiden']:
    if col not in adata.obs.columns:
        raise ValueError(f"Required column '{col}' not found in adata.obs")

# Enforce appropriate dtypes and numeric QC metrics for robustness
adata.obs['Populations'] = adata.obs['Populations'].astype('category')
adata.obs['Sample_ID'] = adata.obs['Sample_ID'].astype('category')
for col in ['Purity', 'UMI Count', 'Complexity']:
    adata.obs[col] = pd.to_numeric(adata.obs[col], errors='coerce')

# Use existing neighbors/embedding; we assume they were computed globally already

min_cells_pop = 500  # ensure enough cells for stable subclustering
min_cells_sample_for_kw = 100  # per-population per-sample threshold for KW tests

subcluster_results = []

for pop in qc_robust_pops:
    pop_mask = adata.obs['Populations'] == pop
    n_pop = int(pop_mask.sum())
    if n_pop < min_cells_pop:
        print(f"Population {pop}: only {n_pop} cells, below subclustering threshold, skipping.")
        continue

    print(f"\n=== Subclustering population {pop} (n={n_pop}) ===")
    adata_pop = adata[pop_mask].copy()

    # Run Leiden clustering within this population using precomputed neighbors/embedding if available
    # Prefer neighbors based on the same representation as global, but recompute locally for robustness
    if 'X_pca' in adata_pop.obsm_keys():
        sc.pp.neighbors(adata_pop, use_rep='X_pca')
    else:
        sc.pp.neighbors(adata_pop)

    sc.tl.leiden(adata_pop, resolution=1.0, key_added=f'leiden_{pop}_sub')

    # Map subcluster labels back to the main AnnData (preallocate column to avoid alignment issues)
    col_name = f'leiden_{pop}_sub'
    if col_name not in adata.obs.columns:
        adata.obs[col_name] = pd.Categorical([np.nan] * adata.n_obs)
    adata.obs.loc[pop_mask, col_name] = adata_pop.obs[col_name].values
    adata.obs[col_name] = adata.obs[col_name].astype('category')

    # For each population, test whether Purity and QC metrics differ across subclusters (global and per-sample)
    obs_pop = adata.obs.loc[pop_mask, ['Purity', 'UMI Count', 'Complexity', 'Sample_ID', col_name]].copy()

    # Helper for Kruskal–Wallis across subclusters
    def kw_by_subcluster(df, value_col, group_col):
        grouped = df.groupby(group_col)[value_col]
        groups = [v.dropna().values for _, v in grouped]
        labels = list(grouped.groups.keys())
        if len(groups) < 2:
            return np.nan, np.nan, labels
        # Require at least some minimum n per group
        if any(len(g) < 10 for g in groups):
            return np.nan, np.nan, labels
        stat, p = stats.kruskal(*groups)
        return stat, p, labels

    # Global (within-population) KW tests
    for metric in ['Purity', 'UMI Count', 'Complexity']:
        stat, p, sub_labels_list = kw_by_subcluster(obs_pop, metric, col_name)
        subcluster_results.append({
            'population': pop,
            'sample_id': 'ALL',
            'metric': metric,
            'level': 'population',
            'n_cells': int(obs_pop.shape[0]),
            'n_subclusters': len(sub_labels_list),
            'kw_stat': stat,
            'kw_p': p,
        })
        print(f"Population {pop}, ALL samples, {metric}: KW stat={stat:.3f}, p={p:.3e}, n_subclusters={len(sub_labels_list)}")

    # Per-sample KW tests within each population
    for sample_id, df_sample in obs_pop.groupby('Sample_ID'):
        n_sample = df_sample.shape[0]
        if n_sample < min_cells_sample_for_kw:
            continue
        for metric in ['Purity', 'UMI Count', 'Complexity']:
            stat, p, sub_labels_list = kw_by_subcluster(df_sample, metric, col_name)
            subcluster_results.append({
                'population': pop,
                'sample_id': str(sample_id),
                'metric': metric,
                'level': 'population_sample',
                'n_cells': int(n_sample),
                'n_subclusters': len(sub_labels_list),
                'kw_stat': stat,
                'kw_p': p,
            })
            print(f"Population {pop}, Sample {sample_id}, {metric}: KW stat={stat:.3f}, p={p:.3e}, n_subclusters={len(sub_labels_list)}")

    # Identify Purity-enriched/depleted subclusters within each population
    sub_means = (
        obs_pop
        .groupby(col_name)[['Purity', 'UMI Count', 'Complexity']]
        .agg(['mean', 'std', 'count'])
    )
    print(f"\nSummary of Purity and QC metrics by subcluster in population {pop}:")
    print(sub_means)

    # Flag subclusters with Purity clearly above/below population mean while keeping QC differences modest
    pop_mean_purity = obs_pop['Purity'].mean()
    pop_sd_purity = obs_pop['Purity'].std()
    pop_mean_umi = obs_pop['UMI Count'].mean()
    pop_mean_comp = obs_pop['Complexity'].mean()

    enriched = []
    depleted = []
    for cl in obs_pop[col_name].cat.categories:
        cl_mask = obs_pop[col_name] == cl
        n_cl = int(cl_mask.sum())
        if n_cl < 50:
            continue
        cl_purity_mean = obs_pop.loc[cl_mask, 'Purity'].mean()
        cl_umi_mean = obs_pop.loc[cl_mask, 'UMI Count'].mean()
        cl_comp_mean = obs_pop.loc[cl_mask, 'Complexity'].mean()

        umi_shift = abs(cl_umi_mean - pop_mean_umi) / (pop_mean_umi + 1e-8)
        comp_shift = abs(cl_comp_mean - pop_mean_comp) / (pop_mean_comp + 1e-8)

        # Purity-enriched if > 0.5 SD above mean and QC shifts modest (|delta|/mean < 0.25)
        if cl_purity_mean >= pop_mean_purity + 0.5 * pop_sd_purity and umi_shift < 0.25 and comp_shift < 0.25:
            enriched.append(cl)
        # Purity-depleted if < 0.5 SD below mean with modest QC shifts
        if cl_purity_mean <= pop_mean_purity - 0.5 * pop_sd_purity and umi_shift < 0.25 and comp_shift < 0.25:
            depleted.append(cl)

    print(f"Purity-enriched subclusters in {pop} with modest QC shifts: {enriched}")
    print(f"Purity-depleted subclusters in {pop} with modest QC shifts: {depleted}")

    # Store flags in adata.uns for downstream DE/signature analysis
    adata.uns.setdefault('purity_subclusters', {})[pop] = {
        'enriched': enriched,
        'depleted': depleted,
    }

# Collect and store KW results
if subcluster_results:
    subcluster_results_df = pd.DataFrame(subcluster_results)
    adata.uns['purity_subcluster_kw_tests'] = subcluster_results_df
    print("\nStored Kruskal–Wallis test results in adata.uns['purity_subcluster_kw_tests'].")
    print("Kruskal–Wallis summary (first 20 rows):")
    print(subcluster_results_df.head(20).to_string(index=False))
else:
    print("No subclustering/KW results were generated (possibly due to insufficient cell counts).")


 Error:
TypeError: Cannot set a Categorical with another, without identical categories```


================================================================================
2026-05-17 12:20:07,044 - INFO
================================================================================
RESPONSE/OUTPUT: fix_attempt_failed_2_5_1

FIX ATTEMPT FAILED 1/3 - Analysis 2, Step 5: TypeError: Cannot setitem on a Categorical with a new category, set the categories first

Code:
```python

import numpy as np
import pandas as pd
import scanpy as sc
from scipy import stats

# We focus on QC-robust, spatially structured populations identified previously
qc_robust_pops = ['PD', 'PP']

# Ensure required columns are present
for col in ['Populations', 'Sample_ID', 'Purity', 'UMI Count', 'Complexity', 'leiden']:
    if col not in adata.obs.columns:
        raise ValueError(f"Required column '{col}' not found in adata.obs")

# Enforce appropriate dtypes and numeric QC metrics for robustness
adata.obs['Populations'] = adata.obs['Populations'].astype('category')
adata.obs['Sample_ID'] = adata.obs['Sample_ID'].astype('category')
for col in ['Purity', 'UMI Count', 'Complexity']:
    adata.obs[col] = pd.to_numeric(adata.obs[col], errors='coerce')

# Use existing neighbors/embedding; we assume they were computed globally already

min_cells_pop = 500  # ensure enough cells for stable subclustering
min_cells_sample_for_kw = 100  # per-population per-sample threshold for KW tests

subcluster_results = []

for pop in qc_robust_pops:
    pop_mask = adata.obs['Populations'] == pop
    n_pop = int(pop_mask.sum())
    if n_pop < min_cells_pop:
        print(f"Population {pop}: only {n_pop} cells, below subclustering threshold, skipping.")
        continue

    print(f"\n=== Subclustering population {pop} (n={n_pop}) ===")
    adata_pop = adata[pop_mask].copy()

    # Run Leiden clustering within this population using precomputed neighbors/embedding if available
    # Prefer neighbors based on the same representation as global, but recompute locally for robustness
    if 'X_pca' in adata_pop.obsm_keys():
        sc.pp.neighbors(adata_pop, use_rep='X_pca')
    else:
        sc.pp.neighbors(adata_pop)

    sc.tl.leiden(adata_pop, resolution=1.0, key_added=f'leiden_{pop}_sub')

    # Map subcluster labels back to the main AnnData (avoid categorical dtype mismatch)
    col_name = f'leiden_{pop}_sub'
    if col_name not in adata.obs.columns:
        adata.obs[col_name] = pd.Series(index=adata.obs.index, dtype='object')
    # assign as plain values (not categorical) to the corresponding cells
    adata.obs.loc[pop_mask, col_name] = adata_pop.obs[col_name].astype(str).values
    # then convert to category after assignment
    adata.obs[col_name] = adata.obs[col_name].astype('category')

    # For each population, test whether Purity and QC metrics differ across subclusters (global and per-sample)
    obs_pop = adata.obs.loc[pop_mask, ['Purity', 'UMI Count', 'Complexity', 'Sample_ID', col_name]].copy()

    # Helper for Kruskal–Wallis across subclusters
    def kw_by_subcluster(df, value_col, group_col):
        grouped = df.groupby(group_col)[value_col]
        groups = [v.dropna().values for _, v in grouped]
        labels = list(grouped.groups.keys())
        if len(groups) < 2:
            return np.nan, np.nan, labels
        # Require at least some minimum n per group
        if any(len(g) < 10 for g in groups):
            return np.nan, np.nan, labels
        stat, p = stats.kruskal(*groups)
        return stat, p, labels

    # Global (within-population) KW tests
    for metric in ['Purity', 'UMI Count', 'Complexity']:
        stat, p, sub_labels_list = kw_by_subcluster(obs_pop, metric, col_name)
        subcluster_results.append({
            'population': pop,
            'sample_id': 'ALL',
            'metric': metric,
            'level': 'population',
            'n_cells': int(obs_pop.shape[0]),
            'n_subclusters': len(sub_labels_list),
            'kw_stat': stat,
            'kw_p': p,
        })
        print(f"Population {pop}, ALL samples, {metric}: KW stat={stat:.3f}, p={p:.3e}, n_subclusters={len(sub_labels_list)}")

    # Per-sample KW tests within each population
    for sample_id, df_sample in obs_pop.groupby('Sample_ID'):
        n_sample = df_sample.shape[0]
        if n_sample < min_cells_sample_for_kw:
            continue
        for metric in ['Purity', 'UMI Count', 'Complexity']:
            stat, p, sub_labels_list = kw_by_subcluster(df_sample, metric, col_name)
            subcluster_results.append({
                'population': pop,
                'sample_id': str(sample_id),
                'metric': metric,
                'level': 'population_sample',
                'n_cells': int(n_sample),
                'n_subclusters': len(sub_labels_list),
                'kw_stat': stat,
                'kw_p': p,
            })
            print(f"Population {pop}, Sample {sample_id}, {metric}: KW stat={stat:.3f}, p={p:.3e}, n_subclusters={len(sub_labels_list)}")

    # Identify Purity-enriched/depleted subclusters within each population
    sub_means = (
        obs_pop
        .groupby(col_name)[['Purity', 'UMI Count', 'Complexity']]
        .agg(['mean', 'std', 'count'])
    )
    print(f"\nSummary of Purity and QC metrics by subcluster in population {pop}:")
    print(sub_means)

    # Flag subclusters with Purity clearly above/below population mean while keeping QC differences modest
    pop_mean_purity = obs_pop['Purity'].mean()
    pop_sd_purity = obs_pop['Purity'].std()
    pop_mean_umi = obs_pop['UMI Count'].mean()
    pop_mean_comp = obs_pop['Complexity'].mean()

    enriched = []
    depleted = []
    for cl in obs_pop[col_name].cat.categories:
        cl_mask = obs_pop[col_name] == cl
        n_cl = int(cl_mask.sum())
        if n_cl < 50:
            continue
        cl_purity_mean = obs_pop.loc[cl_mask, 'Purity'].mean()
        cl_umi_mean = obs_pop.loc[cl_mask, 'UMI Count'].mean()
        cl_comp_mean = obs_pop.loc[cl_mask, 'Complexity'].mean()

        umi_shift = abs(cl_umi_mean - pop_mean_umi) / (pop_mean_umi + 1e-8)
        comp_shift = abs(cl_comp_mean - pop_mean_comp) / (pop_mean_comp + 1e-8)

        # Purity-enriched if > 0.5 SD above mean and QC shifts modest (|delta|/mean < 0.25)
        if cl_purity_mean >= pop_mean_purity + 0.5 * pop_sd_purity and umi_shift < 0.25 and comp_shift < 0.25:
            enriched.append(cl)
        # Purity-depleted if < 0.5 SD below mean with modest QC shifts
        if cl_purity_mean <= pop_mean_purity - 0.5 * pop_sd_purity and umi_shift < 0.25 and comp_shift < 0.25:
            depleted.append(cl)

    print(f"Purity-enriched subclusters in {pop} with modest QC shifts: {enriched}")
    print(f"Purity-depleted subclusters in {pop} with modest QC shifts: {depleted}")

    # Store flags in adata.uns for downstream DE/signature analysis
    adata.uns.setdefault('purity_subclusters', {})[pop] = {
        'enriched': enriched,
        'depleted': depleted,
    }

# Collect and store KW results
if subcluster_results:
    subcluster_results_df = pd.DataFrame(subcluster_results)
    adata.uns['purity_subcluster_kw_tests'] = subcluster_results_df
    print("\nStored Kruskal–Wallis test results in adata.uns['purity_subcluster_kw_tests'].")
    print("Kruskal–Wallis summary (first 20 rows):")
    print(subcluster_results_df.head(20).to_string(index=False))
else:
    print("No subclustering/KW results were generated (possibly due to insufficient cell counts).")

```


================================================================================
2026-05-17 12:20:22,534 - INFO
================================================================================
RESPONSE/OUTPUT: fix_attempt_success_2_5_2

FIX SUCCESSFUL on attempt 2/3 - Analysis 2, Step 6


================================================================================
2026-05-17 12:20:38,923 - INFO
================================================================================
RESPONSE/OUTPUT: results_interpretation_2_5

The current step shows that PD and PP do have transcriptionally distinct subclusters with highly significant differences in Purity, but these Purity differences are tightly entangled with QC (UMI Count and Complexity). Under the strict criterion you imposed (|ΔQC|/mean < 0.25 and ≥0.5 SD shift in Purity), no subcluster qualifies as Purity-enriched or -depleted with “modest” QC shifts in either population.

Key points from the results:

- Strong substructure exists:
  - PD: 8 Leiden subclusters (n=16,624 cells).
  - PP: 10 Leiden subclusters (n=5,458 cells).
- Very strong Kruskal–Wallis signals for Purity, UMI Count, and Complexity across subclusters:
  - PD population-wide Purity: KW p ~ 10⁻¹⁴⁷; UMI and Complexity also extremely significant.
  - PP similar pattern: robust differences for all three metrics.
- Mean Purity differences between subclusters are modest in absolute terms (∼0.38–0.45), but still statistically robust.
- Crucially, subclusters that deviate in Purity almost always show noticeable shifts in UMI Count and/or Complexity—your current thresholds find zero subclusters where Purity shifts “cleanly” without QC shifts. This holds for both PD and PP.

Implications for the hypothesis

The strictest reading of your hypothesis is not yet supported:

> “Within PD and PP, there exist transcriptionally distinct subclusters whose Purity differences cannot be explained by UMI Count or Complexity…”

At the subcluster level, Purity and QC are still significantly associated: every Leiden cluster with a strong Purity deviation also tends to show non-trivial QC shifts. The KW results show that “cluster identity” explains variance in both Purity and QC, and your rule-based screen fails to find any clusters where Purity is clearly shifted but QC is “flat” by your definition.

However:

- The effect sizes in Purity are relatively small (e.g., PD mean Purity ~0.38–0.45; PP ~0.38–0.45), whereas UMI differences can be larger. It’s still possible that, at the cell level, Purity is partially independent of QC after adjustment.
- Your thresholds (0.5 SD in Purity, <25% relative QC shift, n ≥ 50) are quite stringent; relaxing them may reveal “good enough” clusters that are biologically interpretable, even if not perfectly decoupled from QC.
- Cluster-level averages may obscure substructure: cells within the same subcluster may still display Purity variation that is only weakly explained by QC.

So, this step suggests that technical variation is still strongly coupled to the Leiden-defined transcriptional structure, making it difficult to find “pure” microenvironmental states at the subcluster average level. But it does not rule out Purity capturing a meaningful microenvironmental gradient within and across these clusters.

Concrete suggestions for next steps

1. **Relax and refine the Purity/QC subcluster screen (still at this step)**

   Before moving to DE:

   - Consider milder thresholds to define candidate Purity-enriched/depleted subclusters:
     - e.g., |ΔPurity| ≥ 0.3 SD from the population mean rather than 0.5 SD, and/or allow QC shifts up to 0.35–0.4 relative instead of 0.25.
   - Compute **standardized effect sizes** per cluster:
     - z_Purity = (mean_cl – mean_pop) / sd_pop  
     - z_UMI, z_Complexity similarly.
     - Look for clusters where |z_Purity| is large relative to |z_UMI| and |z_Complexity| (e.g., |z_Purity| – max(|z_UMI|, |z_Complexity|) > 0.5).
   - Alternatively, regress Purity on UMI and Complexity within each population and look at **cluster-level residual means**; identify clusters enriched for positive vs negative residuals. That directly defines “Purity beyond QC”.

   These approaches will give you a graded ranking of subclusters by “Purity specificity” instead of a hard pass/fail list, which will be useful for downstream DE.

2. **Use cell-level models rather than cluster means to decode Purity–QC relationships**

   To address the core hypothesis, move beyond KW tests and cluster means:

   - Within PD and PP, fit per-population linear or generalized additive models:
     - Purity ~ β₀ + β₁ * log10(UMI Count) + β₂ * Complexity + batch (Sample_ID) + ε.
   - Examine **R²**: how much Purity variance is explained by QC?
   - Compute per-cell **Purity residuals** from this model; these residuals are, by construction, orthogonal to QC.
   - Redefine “high-Purity” vs “low-Purity” groups using **residual Purity** (e.g., top vs bottom quartile of residuals) when you move to DE. That directly tests whether there is expression structure associated with Purity beyond QC.

   This will be more sensitive and better aligned with the hypothesis than a purely cluster-mean-based filter.

3. **Refine the clustering step if necessary**

   The current Leiden resolution (1.0) produces 8–10 clusters; within each, there can be internal Purity gradations:

   - Explore a **range of resolutions** (e.g., 0.5, 1.0, 1.5) per population and see whether any settings yield clusters with weaker QC separation but clearer Purity separation.
   - Consider running neighbors on a representation that is **regressed for QC** (sc.pp.regress_out on log10(UMI), Complexity) before clustering, specifically for PD and PP. That might produce clusters where residual biology dominates and QC variation is dampened.

   This would make it more likely to find clusters whose Purity differences are not trivially due to depth.

4. **Plan for the next analysis step (DE and signatures)**

   For the next planned step—DE and Purity signatures—given the current results, I would adjust the design as follows:

   - Define groups based on **residual Purity** rather than raw Purity:
     - After fitting Purity ~ QC + Sample_ID, take residuals and split into top/bottom quartiles.
   - Perform DE within each population (PD and PP) comparing high vs low **residual Purity** cells, not just raw Purity.
   - If you still want to leverage subclusters:
     - For each subcluster, compute mean residual Purity; treat clusters with high vs low residual Purity as “Purity-enriched/depleted” for DE between clusters.
     - This is more faithful to “Purity independent of QC” than the current threshold rule.

   When you subsequently fit linear models relating **signature scores** to Purity while adjusting for QC and Sample_ID, pay close attention to:

   - Whether Purity coefficients remain significant after QC adjustment.
   - Whether the model using **residual Purity** better explains signature variation than QC alone.

   That will give a clearer yes/no readout on the hypothesis.

5. **Interpretation of current evidence vs hypothesis**

   - The KW tests confirm that PD and PP contain subclusters with strong differences in Purity *and* QC. So far, **Purity is not separable from QC at the cluster level** under your strict criteria.
   - The absence of any flagged clusters with both substantial Purity shifts and small QC shifts argues **against** a naïve interpretation where Purity captures purely biological microenvironmental states that are entirely independent of technical depth.
   - However, given the granularity of clustering and the strict thresholds, the more nuanced question—whether a **residual Purity component** (after adjusting for QC) has distinct transcriptional correlates—remains open and should be addressed with cell-level modeling and residual-based group definitions in the next step.

In summary: this step shows strong substructure but also strong coupling between Purity and QC at the cluster level, so the hypothesis is not supported yet. The next steps should explicitly factor QC into the modeling (via regression and residuals) and potentially re-define Purity-enriched/depleted groups using residual Purity rather than raw cluster means.


================================================================================
2026-05-17 12:20:59,308 - INFO
================================================================================
RESPONSE/OUTPUT: initial_analysis_2_5

NEXT STEP PLAN - Analysis 2, Step 6: Within PD and PP separately, construct QC-adjusted Purity residuals via linear regression on log10(UMI Count), Complexity, and Sample_ID; then, using these residuals, perform within-population differential expression (high vs low residual-Purity quartiles) with sc.tl.rank_genes_groups, build concise Purity-up and Purity-down gene signatures per population, score cells with sc.tl.score_genes, and finally fit linear models (via numpy/scipy) relating these signature scores back to raw Purity while adjusting again for QC and Sample_ID, printing regression coefficients and p-values to quantify QC-independent Purity-associated transcriptional programs.

Code:
```python
import numpy as np
import pandas as pd
import scanpy as sc
from scipy import stats

# Populations to analyze (QC-robust, spatially structured)
populations_of_interest = ['PD', 'PP']

# Ensure required columns and dtypes
required_obs = ['Populations', 'Sample_ID', 'Purity', 'UMI Count', 'Complexity']
for col in required_obs:
    if col not in adata.obs.columns:
        raise ValueError(f"Required column '{col}' not found in adata.obs")

adata.obs['Populations'] = adata.obs['Populations'].astype('category')
adata.obs['Sample_ID'] = adata.obs['Sample_ID'].astype('category')
for col in ['Purity', 'UMI Count', 'Complexity']:
    adata.obs[col] = pd.to_numeric(adata.obs[col], errors='coerce')

# Helper: fit OLS with design matrix X and response y, return coefficients and residuals
def fit_ols(X, y):
    X = np.asarray(X, float)
    y = np.asarray(y, float)
    # Remove rows with NaN
    mask = np.isfinite(X).all(axis=1) & np.isfinite(y)
    X = X[mask]
    y = y[mask]
    # Add intercept
    X_design = np.column_stack([np.ones(X.shape[0]), X])
    # Solve via least squares
    beta, _, _, _ = np.linalg.lstsq(X_design, y, rcond=None)
    y_hat = X_design @ beta
    residuals = y - y_hat
    return beta, residuals, mask

# Container for regression summaries
regression_summaries = []

for pop in populations_of_interest:
    pop_mask = adata.obs['Populations'] == pop
    n_pop = int(pop_mask.sum())
    if n_pop < 500:
        print(f"Population {pop}: only {n_pop} cells; skipping residual-Purity analysis due to low power.")
        continue

    print(f"\n=== QC-adjusted Purity and residual-based DE for population {pop} (n={n_pop}) ===")

    obs_pop = adata.obs.loc[pop_mask, ['Purity', 'UMI Count', 'Complexity', 'Sample_ID']].copy()

    # Build design matrix for Purity ~ log10(UMI) + Complexity + Sample dummies
    log_umi = np.log10(obs_pop['UMI Count'].values + 1.0)
    complexity = obs_pop['Complexity'].values
    # One-hot encode Sample_ID (drop first to avoid collinearity)
    sample_dummies = pd.get_dummies(obs_pop['Sample_ID'], drop_first=True)
    X_qc = np.column_stack([log_umi, complexity, sample_dummies.values])
    y_purity = obs_pop['Purity'].values

    beta, residuals, valid_mask = fit_ols(X_qc, y_purity)

    # Store residual Purity back to the main AnnData
    resid_series = pd.Series(np.nan, index=obs_pop.index)
    resid_series.iloc[np.where(valid_mask)[0]] = residuals
    adata.obs.loc[pop_mask, f'Purity_residual_{pop}'] = resid_series

    # Summarize QC-explained variance
    # R^2 = 1 - SSE/SST
    y_valid = y_purity[valid_mask]
    sse = np.sum((residuals) ** 2)
    sst = np.sum((y_valid - y_valid.mean()) ** 2)
    r2 = 1.0 - sse / sst if sst > 0 else np.nan
    print(f"Population {pop}: R^2 of Purity explained by log10(UMI), Complexity, and Sample_ID = {r2:.3f}")

    # Define high vs low residual-Purity groups (top/bottom quartiles among valid cells)
    resid_vals = resid_series.values
    valid_resid = np.isfinite(resid_vals)
    if valid_resid.sum() < 200:
        print(f"Population {pop}: fewer than 200 cells with valid residual Purity; skipping DE.")
        continue

    resid_in_pop = resid_vals[valid_resid]
    q25, q75 = np.percentile(resid_in_pop, [25, 75])
    high_mask_local = (resid_vals >= q75) & valid_resid
    low_mask_local = (resid_vals <= q25) & valid_resid

    n_high = int(high_mask_local.sum())
    n_low = int(low_mask_local.sum())
    print(f"Population {pop}: high-residual Purity n={n_high}, low-residual Purity n={n_low}")
    if n_high < 100 or n_low < 100:
        print(f"Population {pop}: insufficient cells in high/low residual-Purity groups; skipping DE.")
        continue

    # Create a temporary group label for DE: 'high_resid', 'low_resid', 'other'
    group_label = pd.Series('other', index=adata.obs.index)
    group_label.loc[pop_mask & high_mask_local] = 'high_resid'
    group_label.loc[pop_mask & low_mask_local] = 'low_resid'
    adata.obs[f'resid_purity_group_{pop}'] = group_label.astype('category')

    # Subset AnnData to this population for DE
    adata_pop = adata[pop_mask].copy()

    # Map group labels into the subset
    adata_pop.obs['resid_group'] = adata.obs.loc[pop_mask, f'resid_purity_group_{pop}'].values.astype('category')

    # Differential expression: high_resid vs low_resid within this population
    sc.tl.rank_genes_groups(
        adata_pop,
        groupby='resid_group',
        groups=['high_resid'],
        reference='low_resid',
        method='wilcoxon'
    )

    # Extract DE table for high_resid vs low_resid
    de = sc.get.rank_genes_groups_df(adata_pop, group='high_resid')

    # Compute BH-FDR manually on the pvals to avoid external packages
    pvals = de['pvals'].values.astype(float)
    m = pvals.size
    order = np.argsort(pvals)
    ranked = pvals[order]
    bh = ranked * m / (np.arange(m) + 1)
    bh = np.minimum.accumulate(bh[::-1])[::-1]
    fdr = np.empty_like(bh)
    fdr[order] = bh
    de['pvals_adj'] = fdr

    # Define Purity-up and Purity-down signatures using effect size and FDR cutoffs
    # Use logfoldchanges > 0.25 or < -0.25 and FDR < 0.05
    up_genes = de[(de['logfoldchanges'] > 0.25) & (de['pvals_adj'] < 0.05)]['names'].tolist()
    down_genes = de[(de['logfoldchanges'] < -0.25) & (de['pvals_adj'] < 0.05)]['names'].tolist()

    print(f"Population {pop}: {len(up_genes)} Purity-up genes, {len(down_genes)} Purity-down genes (QC-adjusted).")

    # Store signatures in adata.uns for reuse
    adata.uns.setdefault('purity_residual_signatures', {})[pop] = {
        'up_genes': up_genes,
        'down_genes': down_genes,
    }

    # Score genes in the full dataset (only if we have at least a few genes)
    if len(up_genes) > 0:
        sc.tl.score_genes(adata, gene_list=up_genes, score_name=f'Purity_up_score_{pop}')
    else:
        adata.obs[f'Purity_up_score_{pop}'] = np.nan

    if len(down_genes) > 0:
        sc.tl.score_genes(adata, gene_list=down_genes, score_name=f'Purity_down_score_{pop}')
    else:
        adata.obs[f'Purity_down_score_{pop}'] = np.nan

    # Now, within this population, regress signature scores on raw Purity with QC covariates
    for score_col in [f'Purity_up_score_{pop}', f'Purity_down_score_{pop}']:
        if score_col not in adata.obs.columns:
            continue
        obs_sc = adata.obs.loc[pop_mask, ['Purity', 'UMI Count', 'Complexity', 'Sample_ID', score_col]].copy()
        y = pd.to_numeric(obs_sc[score_col], errors='coerce').values
        if np.sum(np.isfinite(y)) < 200:
            print(f"Population {pop}, score {score_col}: insufficient valid scores for regression; skipping.")
            continue

        log_umi_sc = np.log10(obs_sc['UMI Count'].values + 1.0)
        complexity_sc = obs_sc['Complexity'].values
        sample_dummies_sc = pd.get_dummies(obs_sc['Sample_ID'], drop_first=True)
        purity_sc = obs_sc['Purity'].values
        X_sc = np.column_stack([purity_sc, log_umi_sc, complexity_sc, sample_dummies_sc.values])

        beta_sc, resid_sc, valid_sc = fit_ols(X_sc, y)

        # Compute R^2 for this model
        y_valid_sc = y[valid_sc]
        sse_sc = np.sum(resid_sc ** 2)
        sst_sc = np.sum((y_valid_sc - y_valid_sc.mean()) ** 2)
        r2_sc = 1.0 - sse_sc / sst_sc if sst_sc > 0 else np.nan

        # Approximate t-statistics and p-values for the Purity coefficient only
        # Var(beta) = sigma^2 * (X'X)^{-1}; sigma^2 = SSE/(n-k)
        X_sc_valid = np.column_stack([np.ones(X_sc[valid_sc].shape[0]), X_sc[valid_sc]])
        n_obs, n_param = X_sc_valid.shape
        XtX_inv = np.linalg.inv(XtX_inv) if False else np.linalg.inv(XtX := X_sc_valid.T @ X_sc_valid)  # placeholder to satisfy syntax

        # Recompute XtX_inv correctly
        XtX = X_sc_valid.T @ X_sc_valid
        XtX_inv = np.linalg.inv(XtX)
        sigma2 = sse_sc / max(n_obs - n_param, 1)
        var_beta = np.diag(XtX_inv) * sigma2
        se_beta = np.sqrt(np.maximum(var_beta, 1e-12))
        # beta_sc includes intercept at index 0; Purity is first covariate at index 1
        beta_purity = beta_sc[1]
        se_purity = se_beta[1]
        t_purity = beta_purity / se_purity if se_purity > 0 else np.nan
        # Use large-sample normal approximation for p-value
        p_purity = 2 * (1 - stats.norm.cdf(abs(t_purity))) if np.isfinite(t_purity) else np.nan

        print(f"Population {pop}, score {score_col}: beta_Purity={beta_purity:.4f}, SE={se_purity:.4f}, t={t_purity:.2f}, p={p_purity:.3e}, R^2={r2_sc:.3f}")

        regression_summaries.append({
            'population': pop,
            'score': score_col,
            'beta_purity': beta_purity,
            'se_purity': se_purity,
            't_purity': t_purity,
            'p_purity': p_purity,
            'r2_model': r2_sc,
            'n_obs': int(n_obs),
            'n_params': int(n_param),
        })

# Store regression summaries in adata.uns for later inspection
if regression_summaries:
    adata.uns['purity_residual_signature_regression'] = pd.DataFrame(regression_summaries)
    print("\nStored regression summaries in adata.uns['purity_residual_signature_regression'].")
else:
    print("\nNo regression summaries were generated (likely due to missing signatures or insufficient cells).")
```


================================================================================
2026-05-17 12:21:51,213 - INFO
================================================================================
RESPONSE/OUTPUT: self_critique_2_5

APPLIED SELF-CRITIQUE - Analysis 2, Step 6


================================================================================
2026-05-17 12:21:51,214 - INFO
================================================================================
RESPONSE/OUTPUT: revised_analysis_2_5

Revised Hypothesis: Within the spatially structured, QC-robust cardiac populations PD and PP, there exist transcriptionally distinct programs associated with a QC-adjusted (residual) Purity component that remain significantly linked to raw Purity after controlling for UMI Count, Complexity, and Sample_ID, indicating a genuinely microenvironmental Purity signal beyond QC and sample effects.

Revised Analysis Plan:
1. Within PD and PP, jointly perform the full residual-Purity program analysis by regressing Purity on log10(UMI Count), Complexity, and Sample_ID to obtain QC-adjusted Purity residuals, defining high vs low residual-Purity groups, running within-population DE (high vs low residual-Purity) to build Purity-up/down signatures, scoring these signatures across all cells, and finally regressing signature scores on raw Purity with QC and Sample_ID as covariates to quantify QC-independent Purity-associated transcriptional programs.

Revised Code:
import numpy as np
import pandas as pd
import scanpy as sc
from scipy import stats

# Populations to analyze (QC-robust, spatially structured)
populations_of_interest = ['PD', 'PP']

# Ensure required columns and dtypes
required_obs = ['Populations', 'Sample_ID', 'Purity', 'UMI Count', 'Complexity']
for col in required_obs:
    if col not in adata.obs.columns:
        raise ValueError(f"Required column '{col}' not found in adata.obs")

adata.obs['Populations'] = adata.obs['Populations'].astype('category')
adata.obs['Sample_ID'] = adata.obs['Sample_ID'].astype('category')
for col in ['Purity', 'UMI Count', 'Complexity']:
    adata.obs[col] = pd.to_numeric(adata.obs[col], errors='coerce')

# Ensure expression matrix is log-normalized for DE and scoring
# This assumes raw counts are in adata.X; if already log1p-normalized, this will be a no-op aside from a warning.
if not adata.raw:
    # Create a copy of raw counts before normalization if not present
    adata.raw = adata.copy()

# Heuristic: if the maximum value is large (>20), treat as counts and normalize/log1p
X_max = np.max(adata.X)
if X_max > 20:
    sc.pp.normalize_total(adata, target_sum=1e4)
    sc.pp.log1p(adata)

# Helper: fit OLS with design matrix X and response y, return coefficients and residuals
def fit_ols(X, y):
    X = np.asarray(X, float)
    y = np.asarray(y, float)
    # Remove rows with NaN
    mask = np.isfinite(X).all(axis=1) & np.isfinite(y)
    X = X[mask]
    y = y[mask]
    if X.shape[0] < X.shape[1] + 1:
        raise ValueError("Not enough valid observations to fit OLS model.")
    # Add intercept
    X_design = np.column_stack([np.ones(X.shape[0]), X])
    # Solve via least squares
    beta, _, _, _ = np.linalg.lstsq(X_design, y, rcond=None)
    y_hat = X_design @ beta
    residuals = y - y_hat
    return beta, residuals, mask

# Container for regression summaries
regression_summaries = []

for pop in populations_of_interest:
    pop_mask = adata.obs['Populations'] == pop
    n_pop = int(pop_mask.sum())
    if n_pop < 500:
        print(f"Population {pop}: only {n_pop} cells; skipping residual-Purity analysis due to low power.")
        continue

    print(f"\n=== QC-adjusted Purity and residual-based DE for population {pop} (n={n_pop}) ===")

    obs_pop = adata.obs.loc[pop_mask, ['Purity', 'UMI Count', 'Complexity', 'Sample_ID']].copy()

    # Build design matrix for Purity ~ log10(UMI) + Complexity + Sample dummies
    log_umi = np.log10(obs_pop['UMI Count'].values + 1.0)
    complexity = obs_pop['Complexity'].values
    # One-hot encode Sample_ID (drop first to avoid collinearity)
    sample_dummies = pd.get_dummies(obs_pop['Sample_ID'], drop_first=True)
    X_qc = np.column_stack([log_umi, complexity, sample_dummies.values])
    y_purity = obs_pop['Purity'].values

    beta, residuals, valid_mask = fit_ols(X_qc, y_purity)

    # Store residual Purity back to the main AnnData with explicit index alignment
    resid_series = pd.Series(np.nan, index=obs_pop.index)
    resid_series.loc[obs_pop.index[valid_mask]] = residuals
    adata.obs.loc[pop_mask, f'Purity_residual_{pop}'] = resid_series

    # Summarize QC-explained variance
    y_valid = y_purity[valid_mask]
    sse = np.sum(residuals ** 2)
    sst = np.sum((y_valid - y_valid.mean()) ** 2)
    r2 = 1.0 - sse / sst if sst > 0 else np.nan
    print(f"Population {pop}: R^2 of Purity explained by log10(UMI), Complexity, and Sample_ID = {r2:.3f}")

    # Define high vs low residual-Purity groups (top/bottom quartiles among valid cells)
    resid_vals = resid_series.values
    valid_resid = np.isfinite(resid_vals)
    if valid_resid.sum() < 200:
        print(f"Population {pop}: fewer than 200 cells with valid residual Purity; skipping DE.")
        continue

    resid_in_pop = resid_vals[valid_resid]
    q25, q75 = np.percentile(resid_in_pop, [25, 75])
    high_mask_local = (resid_vals >= q75) & valid_resid
    low_mask_local = (resid_vals <= q25) & valid_resid

    n_high = int(high_mask_local.sum())
    n_low = int(low_mask_local.sum())
    print(f"Population {pop}: high-residual Purity n={n_high}, low-residual Purity n={n_low}")
    if n_high < 100 or n_low < 100:
        print(f"Population {pop}: insufficient cells in high/low residual-Purity groups; skipping DE.")
        continue

    # Create a temporary group label for DE: 'high_resid', 'low_resid', 'other'
    group_label = pd.Series('other', index=adata.obs.index)
    group_label.loc[pop_mask & high_mask_local] = 'high_resid'
    group_label.loc[pop_mask & low_mask_local] = 'low_resid'
    adata.obs[f'resid_purity_group_{pop}'] = group_label.astype('category')

    # Subset AnnData to this population for DE
    adata_pop = adata[pop_mask].copy()

    # Map group labels into the subset
    adata_pop.obs['resid_group'] = adata.obs.loc[pop_mask, f'resid_purity_group_{pop}'].astype('category').values

    # Differential expression: high_resid vs low_resid within this population
    sc.tl.rank_genes_groups(
        adata_pop,
        groupby='resid_group',
        groups=['high_resid'],
        reference='low_resid',
        method='wilcoxon'
    )

    # Extract DE table for high_resid vs low_resid
    de = sc.get.rank_genes_groups_df(adata_pop, group='high_resid')

    # Compute BH-FDR manually on the pvals
    pvals = de['pvals'].values.astype(float)
    m = pvals.size
    order = np.argsort(pvals)
    ranked = pvals[order]
    bh = ranked * m / (np.arange(m) + 1)
    bh = np.minimum.accumulate(bh[::-1])[::-1]
    fdr = np.empty_like(bh)
    fdr[order] = bh
    de['pvals_adj'] = fdr

    # Define Purity-up and Purity-down signatures using effect size and FDR cutoffs
    up_genes = de[(de['logfoldchanges'] > 0.25) & (de['pvals_adj'] < 0.05)]['names'].tolist()
    down_genes = de[(de['logfoldchanges'] < -0.25) & (de['pvals_adj'] < 0.05)]['names'].tolist()

    print(f"Population {pop}: {len(up_genes)} Purity-up genes, {len(down_genes)} Purity-down genes (QC-adjusted).")

    # Store signatures in adata.uns for reuse
    adata.uns.setdefault('purity_residual_signatures', {})[pop] = {
        'up_genes': up_genes,
        'down_genes': down_genes,
    }

    # Score genes in the full dataset; explicitly use the normalized/log1p X, not .raw
    if len(up_genes) > 0:
        sc.tl.score_genes(adata, gene_list=up_genes, score_name=f'Purity_up_score_{pop}', use_raw=False)
    else:
        adata.obs[f'Purity_up_score_{pop}'] = np.nan

    if len(down_genes) > 0:
        sc.tl.score_genes(adata, gene_list=down_genes, score_name=f'Purity_down_score_{pop}', use_raw=False)
    else:
        adata.obs[f'Purity_down_score_{pop}'] = np.nan

    # Now, within this population, regress signature scores on raw Purity with QC covariates
    for score_col in [f'Purity_up_score_{pop}', f'Purity_down_score_{pop}']:
        if score_col not in adata.obs.columns:
            continue
        obs_sc = adata.obs.loc[pop_mask, ['Purity', 'UMI Count', 'Complexity', 'Sample_ID', score_col]].copy()
        y = pd.to_numeric(obs_sc[score_col], errors='coerce').values
        if np.sum(np.isfinite(y)) < 200:
            print(f"Population {pop}, score {score_col}: insufficient valid scores for regression; skipping.")
            continue

        log_umi_sc = np.log10(obs_sc['UMI Count'].values + 1.0)
        complexity_sc = obs_sc['Complexity'].values
        sample_dummies_sc = pd.get_dummies(obs_sc['Sample_ID'], drop_first=True)
        purity_sc = obs_sc['Purity'].values
        X_sc = np.column_stack([purity_sc, log_umi_sc, complexity_sc, sample_dummies_sc.values])

        beta_sc, resid_sc, valid_sc = fit_ols(X_sc, y)

        # Compute R^2 for this model
        y_valid_sc = y[valid_sc]
        sse_sc = np.sum(resid_sc ** 2)
        sst_sc = np.sum((y_valid_sc - y_valid_sc.mean()) ** 2)
        r2_sc = 1.0 - sse_sc / sst_sc if sst_sc > 0 else np.nan

        # Construct design matrix (with intercept) for SE/p-value computation
        X_sc_valid = np.column_stack([np.ones(X_sc[valid_sc].shape[0]), X_sc[valid_sc]])
        n_obs, n_param = X_sc_valid.shape
        try:
            XtX = X_sc_valid.T @ X_sc_valid
            XtX_inv = np.linalg.inv(XtX)
        except np.linalg.LinAlgError:
            print(f"Population {pop}, score {score_col}: singular X'X matrix; skipping SE/p-value computation.")
            regression_summaries.append({
                'population': pop,
                'score': score_col,
                'beta_purity': beta_sc[1] if len(beta_sc) > 1 else np.nan,
                'se_purity': np.nan,
                't_purity': np.nan,
                'p_purity': np.nan,
                'r2_model': r2_sc,
                'n_obs': int(n_obs),
                'n_params': int(n_param),
            })
            continue

        sigma2 = sse_sc / max(n_obs - n_param, 1)
        var_beta = np.diag(XtX_inv) * sigma2
        se_beta = np.sqrt(np.maximum(var_beta, 1e-12))
        # beta_sc includes intercept at index 0; Purity is first covariate at index 1
        beta_purity = beta_sc[1]
        se_purity = se_beta[1]
        t_purity = beta_purity / se_purity if se_purity > 0 else np.nan
        p_purity = 2 * (1 - stats.norm.cdf(abs(t_purity))) if np.isfinite(t_purity) else np.nan

        print(f"Population {pop}, score {score_col}: beta_Purity={beta_purity:.4f}, SE={se_purity:.4f}, t={t_purity:.2f}, p={p_purity:.3e}, R^2={r2_sc:.3f}")

        regression_summaries.append({
            'population': pop,
            'score': score_col,
            'beta_purity': beta_purity,
            'se_purity': se_purity,
            't_purity': t_purity,
            'p_purity': p_purity,
            'r2_model': r2_sc,
            'n_obs': int(n_obs),
            'n_params': int(n_param),
        })

# Store regression summaries in adata.uns for later inspection
if regression_summaries:
    adata.uns['purity_residual_signature_regression'] = pd.DataFrame(regression_summaries)
    print("\nStored regression summaries in adata.uns['purity_residual_signature_regression'].")
else:
    print("\nNo regression summaries were generated (likely due to missing signatures or insufficient cells).")


================================================================================
2026-05-17 12:21:51,688 - INFO
================================================================================
RESPONSE/OUTPUT: step_execution_failed_2_6

STEP 6 FAILED - Analysis 2

Code:
```python
import numpy as np
import pandas as pd
import scanpy as sc
from scipy import stats

# Populations to analyze (QC-robust, spatially structured)
populations_of_interest = ['PD', 'PP']

# Ensure required columns and dtypes
required_obs = ['Populations', 'Sample_ID', 'Purity', 'UMI Count', 'Complexity']
for col in required_obs:
    if col not in adata.obs.columns:
        raise ValueError(f"Required column '{col}' not found in adata.obs")

adata.obs['Populations'] = adata.obs['Populations'].astype('category')
adata.obs['Sample_ID'] = adata.obs['Sample_ID'].astype('category')
for col in ['Purity', 'UMI Count', 'Complexity']:
    adata.obs[col] = pd.to_numeric(adata.obs[col], errors='coerce')

# Ensure expression matrix is log-normalized for DE and scoring
# This assumes raw counts are in adata.X; if already log1p-normalized, this will be a no-op aside from a warning.
if not adata.raw:
    # Create a copy of raw counts before normalization if not present
    adata.raw = adata.copy()

# Heuristic: if the maximum value is large (>20), treat as counts and normalize/log1p
X_max = np.max(adata.X)
if X_max > 20:
    sc.pp.normalize_total(adata, target_sum=1e4)
    sc.pp.log1p(adata)

# Helper: fit OLS with design matrix X and response y, return coefficients and residuals
def fit_ols(X, y):
    X = np.asarray(X, float)
    y = np.asarray(y, float)
    # Remove rows with NaN
    mask = np.isfinite(X).all(axis=1) & np.isfinite(y)
    X = X[mask]
    y = y[mask]
    if X.shape[0] < X.shape[1] + 1:
        raise ValueError("Not enough valid observations to fit OLS model.")
    # Add intercept
    X_design = np.column_stack([np.ones(X.shape[0]), X])
    # Solve via least squares
    beta, _, _, _ = np.linalg.lstsq(X_design, y, rcond=None)
    y_hat = X_design @ beta
    residuals = y - y_hat
    return beta, residuals, mask

# Container for regression summaries
regression_summaries = []

for pop in populations_of_interest:
    pop_mask = adata.obs['Populations'] == pop
    n_pop = int(pop_mask.sum())
    if n_pop < 500:
        print(f"Population {pop}: only {n_pop} cells; skipping residual-Purity analysis due to low power.")
        continue

    print(f"\n=== QC-adjusted Purity and residual-based DE for population {pop} (n={n_pop}) ===")

    obs_pop = adata.obs.loc[pop_mask, ['Purity', 'UMI Count', 'Complexity', 'Sample_ID']].copy()

    # Build design matrix for Purity ~ log10(UMI) + Complexity + Sample dummies
    log_umi = np.log10(obs_pop['UMI Count'].values + 1.0)
    complexity = obs_pop['Complexity'].values
    # One-hot encode Sample_ID (drop first to avoid collinearity)
    sample_dummies = pd.get_dummies(obs_pop['Sample_ID'], drop_first=True)
    X_qc = np.column_stack([log_umi, complexity, sample_dummies.values])
    y_purity = obs_pop['Purity'].values

    beta, residuals, valid_mask = fit_ols(X_qc, y_purity)

    # Store residual Purity back to the main AnnData with explicit index alignment
    resid_series = pd.Series(np.nan, index=obs_pop.index)
    resid_series.loc[obs_pop.index[valid_mask]] = residuals
    adata.obs.loc[pop_mask, f'Purity_residual_{pop}'] = resid_series

    # Summarize QC-explained variance
    y_valid = y_purity[valid_mask]
    sse = np.sum(residuals ** 2)
    sst = np.sum((y_valid - y_valid.mean()) ** 2)
    r2 = 1.0 - sse / sst if sst > 0 else np.nan
    print(f"Population {pop}: R^2 of Purity explained by log10(UMI), Complexity, and Sample_ID = {r2:.3f}")

    # Define high vs low residual-Purity groups (top/bottom quartiles among valid cells)
    resid_vals = resid_series.values
    valid_resid = np.isfinite(resid_vals)
    if valid_resid.sum() < 200:
        print(f"Population {pop}: fewer than 200 cells with valid residual Purity; skipping DE.")
        continue

    resid_in_pop = resid_vals[valid_resid]
    q25, q75 = np.percentile(resid_in_pop, [25, 75])
    high_mask_local = (resid_vals >= q75) & valid_resid
    low_mask_local = (resid_vals <= q25) & valid_resid

    n_high = int(high_mask_local.sum())
    n_low = int(low_mask_local.sum())
    print(f"Population {pop}: high-residual Purity n={n_high}, low-residual Purity n={n_low}")
    if n_high < 100 or n_low < 100:
        print(f"Population {pop}: insufficient cells in high/low residual-Purity groups; skipping DE.")
        continue

    # Create a temporary group label for DE: 'high_resid', 'low_resid', 'other'
    group_label = pd.Series('other', index=adata.obs.index)
    group_label.loc[pop_mask & high_mask_local] = 'high_resid'
    group_label.loc[pop_mask & low_mask_local] = 'low_resid'
    adata.obs[f'resid_purity_group_{pop}'] = group_label.astype('category')

    # Subset AnnData to this population for DE
    adata_pop = adata[pop_mask].copy()

    # Map group labels into the subset
    adata_pop.obs['resid_group'] = adata.obs.loc[pop_mask, f'resid_purity_group_{pop}'].astype('category').values

    # Differential expression: high_resid vs low_resid within this population
    sc.tl.rank_genes_groups(
        adata_pop,
        groupby='resid_group',
        groups=['high_resid'],
        reference='low_resid',
        method='wilcoxon'
    )

    # Extract DE table for high_resid vs low_resid
    de = sc.get.rank_genes_groups_df(adata_pop, group='high_resid')

    # Compute BH-FDR manually on the pvals
    pvals = de['pvals'].values.astype(float)
    m = pvals.size
    order = np.argsort(pvals)
    ranked = pvals[order]
    bh = ranked * m / (np.arange(m) + 1)
    bh = np.minimum.accumulate(bh[::-1])[::-1]
    fdr = np.empty_like(bh)
    fdr[order] = bh
    de['pvals_adj'] = fdr

    # Define Purity-up and Purity-down signatures using effect size and FDR cutoffs
    up_genes = de[(de['logfoldchanges'] > 0.25) & (de['pvals_adj'] < 0.05)]['names'].tolist()
    down_genes = de[(de['logfoldchanges'] < -0.25) & (de['pvals_adj'] < 0.05)]['names'].tolist()

    print(f"Population {pop}: {len(up_genes)} Purity-up genes, {len(down_genes)} Purity-down genes (QC-adjusted).")

    # Store signatures in adata.uns for reuse
    adata.uns.setdefault('purity_residual_signatures', {})[pop] = {
        'up_genes': up_genes,
        'down_genes': down_genes,
    }

    # Score genes in the full dataset; explicitly use the normalized/log1p X, not .raw
    if len(up_genes) > 0:
        sc.tl.score_genes(adata, gene_list=up_genes, score_name=f'Purity_up_score_{pop}', use_raw=False)
    else:
        adata.obs[f'Purity_up_score_{pop}'] = np.nan

    if len(down_genes) > 0:
        sc.tl.score_genes(adata, gene_list=down_genes, score_name=f'Purity_down_score_{pop}', use_raw=False)
    else:
        adata.obs[f'Purity_down_score_{pop}'] = np.nan

    # Now, within this population, regress signature scores on raw Purity with QC covariates
    for score_col in [f'Purity_up_score_{pop}', f'Purity_down_score_{pop}']:
        if score_col not in adata.obs.columns:
            continue
        obs_sc = adata.obs.loc[pop_mask, ['Purity', 'UMI Count', 'Complexity', 'Sample_ID', score_col]].copy()
        y = pd.to_numeric(obs_sc[score_col], errors='coerce').values
        if np.sum(np.isfinite(y)) < 200:
            print(f"Population {pop}, score {score_col}: insufficient valid scores for regression; skipping.")
            continue

        log_umi_sc = np.log10(obs_sc['UMI Count'].values + 1.0)
        complexity_sc = obs_sc['Complexity'].values
        sample_dummies_sc = pd.get_dummies(obs_sc['Sample_ID'], drop_first=True)
        purity_sc = obs_sc['Purity'].values
        X_sc = np.column_stack([purity_sc, log_umi_sc, complexity_sc, sample_dummies_sc.values])

        beta_sc, resid_sc, valid_sc = fit_ols(X_sc, y)

        # Compute R^2 for this model
        y_valid_sc = y[valid_sc]
        sse_sc = np.sum(resid_sc ** 2)
        sst_sc = np.sum((y_valid_sc - y_valid_sc.mean()) ** 2)
        r2_sc = 1.0 - sse_sc / sst_sc if sst_sc > 0 else np.nan

        # Construct design matrix (with intercept) for SE/p-value computation
        X_sc_valid = np.column_stack([np.ones(X_sc[valid_sc].shape[0]), X_sc[valid_sc]])
        n_obs, n_param = X_sc_valid.shape
        try:
            XtX = X_sc_valid.T @ X_sc_valid
            XtX_inv = np.linalg.inv(XtX)
        except np.linalg.LinAlgError:
            print(f"Population {pop}, score {score_col}: singular X'X matrix; skipping SE/p-value computation.")
            regression_summaries.append({
                'population': pop,
                'score': score_col,
                'beta_purity': beta_sc[1] if len(beta_sc) > 1 else np.nan,
                'se_purity': np.nan,
                't_purity': np.nan,
                'p_purity': np.nan,
                'r2_model': r2_sc,
                'n_obs': int(n_obs),
                'n_params': int(n_param),
            })
            continue

        sigma2 = sse_sc / max(n_obs - n_param, 1)
        var_beta = np.diag(XtX_inv) * sigma2
        se_beta = np.sqrt(np.maximum(var_beta, 1e-12))
        # beta_sc includes intercept at index 0; Purity is first covariate at index 1
        beta_purity = beta_sc[1]
        se_purity = se_beta[1]
        t_purity = beta_purity / se_purity if se_purity > 0 else np.nan
        p_purity = 2 * (1 - stats.norm.cdf(abs(t_purity))) if np.isfinite(t_purity) else np.nan

        print(f"Population {pop}, score {score_col}: beta_Purity={beta_purity:.4f}, SE={se_purity:.4f}, t={t_purity:.2f}, p={p_purity:.3e}, R^2={r2_sc:.3f}")

        regression_summaries.append({
            'population': pop,
            'score': score_col,
            'beta_purity': beta_purity,
            'se_purity': se_purity,
            't_purity': t_purity,
            'p_purity': p_purity,
            'r2_model': r2_sc,
            'n_obs': int(n_obs),
            'n_params': int(n_param),
        })

# Store regression summaries in adata.uns for later inspection
if regression_summaries:
    adata.uns['purity_residual_signature_regression'] = pd.DataFrame(regression_summaries)
    print("\nStored regression summaries in adata.uns['purity_residual_signature_regression'].")
else:
    print("\nNo regression summaries were generated (likely due to missing signatures or insufficient cells).")

 Error:
ValueError: operands could not be broadcast together with shapes (228635,) (16624,) ```


================================================================================
2026-05-17 12:22:09,007 - INFO
================================================================================
RESPONSE/OUTPUT: fix_attempt_success_2_6_1

FIX SUCCESSFUL on attempt 1/3 - Analysis 2, Step 7


================================================================================
2026-05-17 12:22:23,496 - INFO
================================================================================
RESPONSE/OUTPUT: results_interpretation_2_6

The results support the hypothesis that, within PD and PP, there are transcriptional programs tied to a Purity-like microenvironmental signal that are not reducible to UMI depth, complexity, or sample effects.

Key points from the output:

1. **QC covariates only weakly explain Purity within PD and PP**  
   - PD: R² = 0.078 for Purity ~ log10(UMI) + Complexity + Sample_ID  
   - PP: R² = 0.123 for the same model  
   This leaves substantial residual variation in Purity after QC and sample are accounted for, so there is room for a genuine microenvironmental component.

2. **Residual-based DE finds robust Purity-linked signatures within each population**  
   - PD: 39 residual-Purity-up and 11 residual-Purity-down genes  
   - PP: 27 up and 14 down  
   These are defined strictly within-population, using residual Purity and controlling for QC/sample via the residualization step. This is conceptually well-aligned with the hypothesis.

3. **Residual-Purity programs remain strongly associated with raw Purity after QC adjustment**  
   In the regression of signature scores on raw Purity plus QC covariates:
   - PD:
     - Purity_up_score_PD: β_Purity = +0.34, t ≈ 38.7, R² = 0.088  
     - Purity_down_score_PD: β_Purity = −0.50, t ≈ −33.9, R² = 0.078  
   - PP:
     - Purity_up_score_PP: β_Purity = +0.48, t ≈ 25.7, R² = 0.127  
     - Purity_down_score_PP: β_Purity = −0.48, t ≈ −21.5, R² = 0.129  

   Effect sizes are sizable and highly significant even after including log10(UMI), Complexity, and Sample_ID. This is exactly the pattern the hypothesis anticipates: residual-defined programs that still track raw Purity in a QC-adjusted model.

Taken together, these results are **strongly consistent** with the hypothesis: in both PD and PP there are QC-adjusted, Purity-linked expression programs that reflect something beyond generic technical or sample-level effects.

To strengthen and extend this analysis in distinct ways going forward:

1. **Inspect gene content and overlap of PD vs PP residual-Purity signatures**  
   - Check overlap between PD and PP up-genes and between down-genes.  
     - If there is substantial overlap, that suggests a **shared, generalized microenvironmental purity axis** across related populations.  
     - If they’re largely distinct, it implies **population-specific Purity responses**.
   - Within each population, characterize whether up vs down genes cluster into interpretable modules: e.g. matrix/adhesion vs cell-cycle vs signaling, etc., using only within-dataset co-expression (no external databases):  
     - Correlation clustering among up-genes or down-genes.  
     - Module-level scoring and comparing modules’ Purity associations.

2. **Check residual-Purity signal is really not a hidden QC artifact**  
   Even though you explicitly controlled for UMI Count and Complexity, verify that:
   - Residual Purity is only weakly correlated with these QC metrics within PD/PP (e.g., Pearson/Spearman r between residual and log10(UMI), Complexity).  
   - Signature scores (up/down) are only weakly associated with QC within population when Purity is not included in the model (regress scores on QC+Sample_ID only, to show βs are small).  
   This will further rule out more subtle QC structure.

3. **Relate residual-Purity programs to spatial organization (new angle)**  
   To keep distinct from the paper and previous analysis, lean into spatial patterning of these residual programs:
   - Plot spatial maps of Purity_up_score_PD/PP and Purity_down_score_PD/PP and see whether high residual-Purity programs localize to particular anatomical regions or interfaces.  
   - Within PD or PP, correlate residual Purity (and the signature scores) with local neighborhood composition (e.g., fraction of neighboring cell types within a spatial radius) to see whether the residual Purity signal captures specific **local microenvironmental mixtures**.

4. **Assess within-population heterogeneity of the Purity programs**  
   - Use the Purity_up/down scores as features for within-PD and within-PP subclustering or ordering (e.g., UMAP with these scores plus a few other top genes).  
   - Test whether subclusters differ systematically in residual Purity and in proximity to certain other labeled populations in space, indicating **functional states within a population** tied to microenvironmental purity.

5. **Cross-sample robustness of the residual signatures**  
   - Evaluate, within each population, the Purity–signature relationship per Sample_ID:  
     - Refit the score ~ Purity + QC model separately in each sample, or include a Purity×Sample interaction.  
     - Consistent sign and magnitude across samples would argue that this is a robust microenvironmental axis rather than a single-sample artifact.
   - Optionally, compute a mixed-effects version conceptually (Sample_ID as random effect) by approximating: compare per-sample β_Purity distributions.

6. **Directionality and co-variation of up vs down signatures**  
   - Within PD or PP, check the correlation between Purity_up and Purity_down scores. Strong negative correlation would indicate a **single underlying axis**; weaker or more complex relationships might imply multiple independent Purity-related states.
   - Visualize both scores on the same spatial embedding to see whether up and down signatures are mutually exclusive regions or interdigitated.

7. **Quantify how much Purity variance these programs capture**  
   You’ve measured R² of score ~ Purity + QC. To tie this back to Purity itself:
   - Regress Purity on the up and down scores plus QC within each population: Purity ~ score_up + score_down + QC + Sample_ID.  
   - Compare R² with and without the scores. The increment in R² would quantify how much of the **residual Purity variation** is explained by these transcriptional programs.

In summary, the current step gives strong evidence that PD and PP harbor QC-adjusted, microenvironmental Purity programs that continue to track raw Purity after controlling for QC and sample effects. Next, you should (i) unpack gene content and shared vs distinct programs across PD/PP, (ii) anchor these programs spatially and in neighborhood context, and (iii) dissect within-population heterogeneity and cross-sample robustness to fully characterize these microenvironmental axes in a way that is clearly distinct from prior analyses.


================================================================================
2026-05-17 12:22:23,505 - INFO
================================================================================
RESPONSE/OUTPUT: analysis_complete

ANALYSIS 2 COMPLETED - Notebook saved to: /home/mingqiam/TissueAgent/data/cellvoyager_agent/run_20260517_160422/outputs/farah_anon_recovery_20260517_120428/farah_anon_recovery_analysis_2.ipynb


================================================================================
2026-05-17 12:22:35,707 - INFO
================================================================================
RESPONSE/OUTPUT: initial_analysis_3_1

Hypothesis: Within each cardiac population (Populations), there are intra-population transcriptional programs associated with local cell density (spatial crowding) that differ systematically between Samples and cannot be explained by QC metrics alone, reflecting sample-specific microenvironmental states during heart development.

Analysis Plan:
1. Compute a per-cell local spatial density metric (e.g., inverse distance–weighted neighbor count within a fixed radius) from `.obsm['spatial']`, summarize its distribution overall and by Sample_ID and Populations, and print these summaries to characterize spatial crowding across the tissue.
2. For each major Population (those with sufficient cell numbers), fit linear models of local spatial density as a function of UMI Count, Complexity, and Purity to obtain QC-adjusted density residuals, and print per-population model summaries to assess how much spatial density is independent of QC.
3. Within each major Population, stratify cells into quantiles (e.g., lowest vs highest quartile) of QC-adjusted density residuals and perform differential expression analysis (using Wilcoxon rank-sum tests) between low- and high-density cells, reporting top genes, p-values, and effect sizes without generating figures.
4. For populations showing strong density-associated transcriptional signatures, test whether the magnitude/direction of the density–expression association is consistent across Sample_ID by fitting per-sample differential tests and a simple meta-analysis (e.g., comparing log fold-changes and p-values across samples), printing concordance metrics.
5. Quantify, within each Population, the association between QC-adjusted density residuals and ranked expression programs (e.g., first 10 principal components of the population’s expression matrix) using correlation analysis, and print correlations and p-values to identify major expression axes linked to spatial crowding.
6. Summarize, for the most density-responsive populations, the subset of genes most consistently associated with high crowding, highlighting whether they are shared or distinct across Populations and Samples by printing overlap statistics and contingency-table-based enrichment p-values.

Initial Code:
import numpy as np
import pandas as pd
import scanpy as sc
from scipy.spatial import cKDTree

# Assume `adata` is already in memory

# Parameters for local density
radius = 50.0  # spatial units; can be adjusted
min_neighbors = 5  # for basic QC of density estimates

coords = adata.obsm['spatial']

# Build KD-tree for efficient neighbor search
tree = cKDTree(coords)

# Query neighbors within radius for all cells
# `idx` is a list of arrays of neighbor indices
idx = tree.query_ball_point(coords, r=radius)

# Compute local density as number of neighbors (excluding self) divided by area of circle (pi r^2)
areas = np.pi * (radius ** 2)
neighbor_counts = np.fromiter((len(neigh) - 1 for neigh in idx), dtype=float)
local_density = neighbor_counts / areas

# Basic QC: flag cells with very low neighbor counts
low_neighbor_mask = neighbor_counts < min_neighbors

# Store results in adata.obs
adata.obs['local_density'] = local_density
adata.obs['neighbor_count'] = neighbor_counts
adata.obs['low_neighbor_flag'] = low_neighbor_mask

# Summaries overall
print("Overall local_density summary:")
print(adata.obs['local_density'].describe())
print("\nOverall neighbor_count summary:")
print(adata.obs['neighbor_count'].describe())

# Summaries by Sample_ID
print("\nLocal density by Sample_ID:")
by_sample = adata.obs.groupby('Sample_ID')['local_density'].describe()
print(by_sample)

# Summaries by Populations
print("\nLocal density by Populations:")
by_pop = adata.obs.groupby('Populations')['local_density'].describe()
print(by_pop)

# Cross-tabulation of low_neighbor_flag by Sample_ID and Populations
print("\nProportion of low-neighbor cells by Sample_ID:")
low_by_sample = adata.obs.groupby('Sample_ID')['low_neighbor_flag'].mean()
print(low_by_sample)

print("\nProportion of low-neighbor cells by Populations:")
low_by_pop = adata.obs.groupby('Populations')['low_neighbor_flag'].mean()
print(low_by_pop)


================================================================================
2026-05-17 12:23:07,306 - INFO
================================================================================
RESPONSE/OUTPUT: self_critique_3_1

APPLIED INITIAL SELF-CRITIQUE - Analysis 3


================================================================================
2026-05-17 12:23:07,307 - INFO
================================================================================
RESPONSE/OUTPUT: revised_analysis_3_1

Revised Hypothesis: Within each cardiac population (Populations), there are intra-population transcriptional programs associated with local cell density (spatial crowding) that differ systematically between Samples and cannot be explained by QC metrics alone, reflecting sample-specific microenvironmental states during heart development.

Revised Analysis Plan:
1. Compute a simple per-cell local spatial density metric as unweighted neighbor count within a fixed radius normalized by area, using `.obsm['spatial']`, store the chosen radius in `adata.uns`, perform basic QC checks on the spatial coordinates, and summarize density distributions overall and by Sample_ID and Populations.
2. Within each sufficiently large Population (e.g., ≥500 cells), fit ordinary least squares linear models of local spatial density as a function of UMI Count, Complexity, Purity, and Sample_ID using NumPy-based regression to obtain QC- and sample-adjusted density residuals, and print per-population model diagnostics and variance explained.
3. Within each major Population, define low- and high-density groups as the bottom and top residual quartiles (ensuring minimum group sizes), and perform within-population differential expression between these groups (e.g., via Wilcoxon rank-sum tests using Scanpy or SciPy), reporting top genes, effect sizes, and raw and FDR-adjusted p-values using a simple Benjamini–Hochberg implementation.
4. For Populations showing strong density-associated signatures, assess sample-specificity by repeating the residual-based low vs high density differential analysis within each Sample_ID that has sufficient cells in both groups, then quantify between-sample concordance of log fold-changes and DE direction (e.g., sign concordance, correlation of logFC) and print these metrics.
5. Within each major Population, perform PCA on appropriately preprocessed expression (e.g., log1p, highly variable genes), then compute Pearson or Spearman correlations between density residuals and the first ~10 PCs, printing correlation coefficients, p-values, and a brief summary of which PCs are most density-associated.
6. For the most density-responsive Populations, define sets of density-associated genes based on consistent DE thresholds across Populations and Samples, then quantify and print overlap statistics and enrichment (e.g., Fisher’s exact test) to highlight genes and programs that are shared versus population- or sample-specific.

Revised Code:
import numpy as np
import pandas as pd
import scanpy as sc
from scipy.spatial import cKDTree

# Assume `adata` is already in memory

# Basic checks on spatial coordinates
if 'spatial' not in adata.obsm_keys():
    raise ValueError("adata.obsm['spatial'] is required but not found.")

coords = np.asarray(adata.obsm['spatial'], dtype=float)
if coords.shape[0] != adata.n_obs:
    raise ValueError(f"Spatial coordinate cell count ({coords.shape[0]}) does not match adata.n_obs ({adata.n_obs}).")
if coords.shape[1] != 2:
    raise ValueError(f"Expected 2D spatial coordinates, got shape {coords.shape}.")

# Parameters for local density
radius = 50.0  # spatial units; can be adjusted based on tissue scale
min_neighbors = 5  # for basic QC of density estimates

# Store radius for reproducibility
if 'local_density' not in adata.uns:
    adata.uns['local_density'] = {}
adata.uns['local_density']['radius'] = radius
adata.uns['local_density']['min_neighbors'] = min_neighbors

# Build KD-tree for efficient neighbor search
tree = cKDTree(coords)

# Query neighbors within radius for all cells
idx = tree.query_ball_point(coords, r=radius)

# Explicitly exclude self from neighbor lists (if present)
neighbor_counts_list = []
for i, neigh in enumerate(idx):
    # Remove self index if present
    neigh_no_self = [j for j in neigh if j != i]
    neighbor_counts_list.append(len(neigh_no_self))

neighbor_counts = np.array(neighbor_counts_list, dtype=float)

# Compute local density as unweighted neighbor count per unit area (simple crowding metric)
area = np.pi * (radius ** 2)
local_density = neighbor_counts / area

# Basic QC: flag cells with very low neighbor counts
low_neighbor_mask = neighbor_counts < min_neighbors

# Store results in adata.obs
adata.obs['neighbor_count'] = neighbor_counts
adata.obs['local_density'] = local_density
adata.obs['low_neighbor_flag'] = low_neighbor_mask.astype(bool)

# Additional simple QC summaries
zero_neighbor_frac = (neighbor_counts == 0).mean()
print(f"Fraction of cells with zero neighbors within radius {radius}: {zero_neighbor_frac:.4f}")

# Summaries overall
print("\nOverall local_density summary:")
print(adata.obs['local_density'].describe())
print("\nOverall neighbor_count summary:")
print(adata.obs['neighbor_count'].describe())

# Summaries by Sample_ID
required_cols = ['Sample_ID', 'Populations']
for col in required_cols:
    if col not in adata.obs.columns:
        raise ValueError(f"Required column '{col}' not found in adata.obs.")

print("\nLocal density by Sample_ID:")
by_sample = adata.obs.groupby('Sample_ID')['local_density'].describe()
print(by_sample)

# Summaries by Populations
print("\nLocal density by Populations:")
by_pop = adata.obs.groupby('Populations')['local_density'].describe()
print(by_pop)

# Cross-tabulation of low_neighbor_flag by Sample_ID and Populations
print("\nProportion and count of low-neighbor cells by Sample_ID:")
low_by_sample = adata.obs.groupby('Sample_ID')['low_neighbor_flag'].agg(['mean', 'count'])
print(low_by_sample)

print("\nProportion and count of low-neighbor cells by Populations:")
low_by_pop = adata.obs.groupby('Populations')['low_neighbor_flag'].agg(['mean', 'count'])
print(low_by_pop)



================================================================================
2026-05-17 12:23:12,590 - INFO
================================================================================
RESPONSE/OUTPUT: step_execution_success_3_1

STEP 1 RAN SUCCESSFULLY - Analysis 3


================================================================================
2026-05-17 12:23:31,150 - INFO
================================================================================
RESPONSE/OUTPUT: results_interpretation_3_1

The current step looks solid and gives you a reasonable, well-behaved local density metric to build on, with a few important nuances to carry forward into later steps.

Key takeaways from the results

1. **The density metric is numerically stable and not dominated by edge artifacts.**
   - Neighbor_count distribution: mean ~40, IQR ~33–48, max 105.
   - Fraction of zero-neighbor cells is extremely low (0.02%), and the fraction below the `min_neighbors=5` threshold is also very low across samples (≤0.18%) and most populations.
   - This suggests the chosen radius (50 units) is large enough that most cells have a decent number of neighbors yet small enough to preserve local variation.

2. **There is real, structured density variation across Populations.**
   - Mean local_density ranges from ~0.0031 (PU) to ~0.0066 (PV), more than a 2-fold spread.
   - Some Populations have markedly higher densities (e.g., PN, PV, PW, PA, PQ, PP, PE) and others are sparse (PH, PI, PL, PM, PS, PT, PU, PX).
   - These per-population differences are substantial compared with within-population SDs, suggesting that “baseline crowding” is cell-type–/region-specific.

3. **Between-Sample density shifts are present but modest.**
   - Mean local_density per Sample_ID: 0.00517 (R77_4C4), 0.00510 (R78_4C12), 0.00513 (R78_4C15).
   - Differences are small relative to variation across Populations, but there are subtle sample-specific shifts in low-neighbor fractions and high-density tails.
   - This is consistent with sample-level architectural differences that you’ll want to explicitly model (as planned) rather than ignore.

4. **Low-neighbor cells are unevenly distributed across Populations.**
   - Populations like PU, PZ, PM, PS, PT, PI, PH have noticeably higher proportions of low-neighbor cells (up to ~0.9–1% in PU and PZ; ~0.6% in PM; ~0.4–0.5% in PS/PT/PI/PH), versus essentially zero in some others (PJ, PR, PN).
   - These likely reflect peripheral / boundary cells or genuinely sparse niches, not global artifacts, and could carry distinct biology—but they also might behave differently in regression.

Implications for the hypothesis

Your hypothesis centers on **intra-population density-associated transcriptional programs that differ across samples beyond QC effects**. This step supports the feasibility of that plan:

- There is enough **within-population spread** in density (e.g., SDs ~0.0011–0.0017 on means ~0.004–0.0065) to define meaningful low vs high density strata **inside** each Population.
- The density metric is **not trivially explained by gross sample artifacts** (no single sample is pathological; all have similar ranges and distributions).
- However, there is clear **between-population baseline structure**, so later modeling must be *within-population*, exactly as you planned, to avoid confounding density effects with cell-type/region identity.

Concrete suggestions for the next steps

1. **Refine the density metric slightly before regression (optional but useful):**
   - Consider computing a **z-scored density per Population** for exploratory plots:
     - `adata.obs['local_density_z_within_pop'] = (local_density - mean_pop[Pop]) / sd_pop[Pop]`
   - You don’t need to use this in the regression (your plan uses raw density with QC covariates and Sample_ID, which is fine), but it will help visualize whether some Populations have skewed or multimodal density distributions.

2. **Confirm within-population variability is sufficient for regression and DE.**
   - Before fitting the models in the next step:
     - For each Population with ≥500 cells, compute the **IQR and range** of local_density and of neighbor_count.
     - If any Population is extremely tight (e.g., IQR/mean < ~0.05), residuals may be noisy and DE between quartiles unstable; you might downweight or drop those from downstream density-based DE.

3. **Explicitly handle edge/sparse cells in regression.**
   - Given the very low but non-zero fraction of low_neighbor_flag cells concentrated in some Populations (e.g., PU, PZ, PM), decide whether to:
     - (a) **Include them** but keep a categorical indicator (e.g., `is_low_neighbor`) in the regression to absorb extreme edges, or  
     - (b) **Exclude them** from the regression step only (document as “edge-trimmed” regression), then still include all cells when looking at spatial maps/visualization.
   - This will prevent a handful of ultra-sparse cells from overly influencing residuals, especially in smaller populations where 1% is still ~20–50 cells.

4. **Check for nonlinearity with QC covariates before committing to linear regression.**
   - In the upcoming OLS models (density ~ UMI + Complexity + Purity + Sample_ID), at least quickly inspect:
     - Scatter / smooths of local_density vs UMI count within a couple of big Populations (PA, PN, PV), coloring by Sample_ID.
   - If you see strong curvature (e.g., density compressed at very high UMIs), consider:
     - log-transform or rank-transform UMI/Complexity,
     - or adding a quadratic term in UMI to the regression, so that QC-adjusted residuals are not biased towards particular UMI regimes.

5. **Use Sample_ID as a categorical covariate exactly as planned.**
   - Given the subtle but consistent sample shifts, your next step’s model specification (density ~ UMI + Complexity + Purity + Sample_ID) is appropriate.
   - This will produce **per-Population density residuals that are QC- and sample-adjusted**, which are essential to test your hypothesis that differences in density-associated programs are *sample-specific* and not just due to average density offsets.

6. **When defining “low” and “high” density for DE, use the residuals, not raw density.**
   - As per your plan, low/high groups should be based on **density residuals** from the per-Population regression.
   - Ensure group sizes:
     - If bottom/top quartiles yield very small groups for some Populations/Samples, consider relaxing to quintiles or tertiles (e.g., 20% extremes vs middle 60%) while keeping thresholds consistent across Populations.
   - For Populations with very skewed residual distributions, use quantiles rather than absolute cutoffs.

7. **Plan early to compare density effects across Samples within the same Population.**
   - Because you’ll later repeat DE within each Sample_ID for “density-residual high vs low”:
     - Already now, note Populations with large, balanced sample contributions: e.g., PA, PB, PC, PD, PE, PN, PV, etc. These are good candidates where you can expect adequate cells in each density residual stratum per sample.
     - Be cautious with Populations highly concentrated in a single sample or with strong sample imbalance; they may not support within-sample DE for all three Sample_IDs.

8. **Consider radius sensitivity as a robustness check (later, not immediately).**
   - Your current radius (50 units) works well; yet to strengthen the claim that density-associated transcriptional programs are robust, later you might:
     - recompute density with a slightly smaller and larger radius (e.g., 40 and 60),
     - re-derive residuals and check whether the identity/sign of density-associated genes is broadly consistent.
   - This could be done only for the top “density-responsive” Populations to keep computation manageable and avoid overlap with prior analyses.

How this step informs the hypothesis so far

- You now have a **quantitative, stable local crowding metric** that exhibits:
  - substantial intra-population variation,
  - clear between-population structure,
  - modest but nontrivial between-sample shifts.
- Nothing in the summaries suggests that local density is purely a QC or artifact signal; it tracks spatial organization in a nuanced manner and varies across Populations in patterns consistent with anatomically distinct contexts.
- This sets the stage to test whether **within a given Population, residual density (after QC and Sample_ID adjustment) is linked to distinct transcriptional programs**, and whether those programs differ between Samples in ways not explainable by QC alone—directly addressing your hypothesis.

In the immediate next step, I’d proceed with the per-Population OLS models as planned, incorporating the above checks (edge-cell handling, quick nonlinearity check). From there, the quality and distribution of density residuals will be the key diagnostic to see whether density is decoupled from QC and sample effects in a way that can plausibly underlie microenvironment-specific expression programs.


================================================================================
2026-05-17 12:23:47,367 - INFO
================================================================================
RESPONSE/OUTPUT: initial_analysis_3_1

NEXT STEP PLAN - Analysis 3, Step 2: Within each sufficiently large Population (e.g., ≥500 cells), fit ordinary least squares linear models of local_density as a function of UMI Count, Complexity, Purity, and Sample_ID using NumPy-based regression to obtain QC- and sample-adjusted density residuals, explicitly handling low-neighbor edge cells, and print per-population model diagnostics and variance explained.

Code:
```python
import numpy as np
import pandas as pd
from scipy import stats

# Ensure required columns exist
required_cols = ['local_density', 'UMI Count', 'Complexity', 'Purity', 'Sample_ID', 'Populations']
missing = [c for c in required_cols if c not in adata.obs.columns]
if missing:
    raise ValueError(f"Missing required columns in adata.obs: {missing}")

# Basic sanity check on local_density range
if not np.isfinite(adata.obs['local_density']).all():
    raise ValueError("Non-finite values detected in adata.obs['local_density'].")

# Prepare containers for results
populations = adata.obs['Populations'].astype(str)
unique_pops = populations.unique()
min_cells = 500

residuals_list = []  # to assemble a per-cell residual vector
r2_records = []      # per-population model diagnostics

# Encode Sample_ID as one-hot (drop first to avoid collinearity)
sample_cat = adata.obs['Sample_ID'].astype('category')
sample_dummies = pd.get_dummies(sample_cat, drop_first=True)
sample_dummy_cols = sample_dummies.columns.tolist()

# We will fit: local_density ~ 1 + UMI + Complexity + Purity + Sample_ID_dummies

for pop in unique_pops:
    pop_mask = (populations == pop)
    n_cells = pop_mask.sum()
    if n_cells < min_cells:
        continue  # skip small populations for stable regression

    pop_df = adata.obs.loc[pop_mask, ['local_density', 'UMI Count', 'Complexity', 'Purity']].copy()
    pop_samples = sample_dummies.loc[pop_mask, :]

    # Design matrix X: intercept + covariates + sample dummies
    X = np.column_stack([
        np.ones(n_cells),
        pop_df['UMI Count'].values.astype(float),
        pop_df['Complexity'].values.astype(float),
        pop_df['Purity'].values.astype(float),
        pop_samples.values.astype(float)
    ])
    y = pop_df['local_density'].values.astype(float)

    # Optionally flag extremely low-neighbor cells as potential edges
    if 'low_neighbor_flag' in adata.obs.columns:
        edge_mask = adata.obs.loc[pop_mask, 'low_neighbor_flag'].values.astype(bool)
        # Here we keep them in the model but can later inspect their residual distribution
    else:
        edge_mask = np.zeros(n_cells, dtype=bool)

    # Center and scale continuous covariates to improve conditioning
    # (without changing the interpretation of residuals)
    # Rebuild X with standardized UMI, Complexity, Purity
    umi = pop_df['UMI Count'].values.astype(float)
    comp = pop_df['Complexity'].values.astype(float)
    pur = pop_df['Purity'].values.astype(float)

    umi_z = (umi - umi.mean()) / (umi.std(ddof=1) if umi.std(ddof=1) > 0 else 1.0)
    comp_z = (comp - comp.mean()) / (comp.std(ddof=1) if comp.std(ddof=1) > 0 else 1.0)
    pur_z = (pur - pur.mean()) / (pur.std(ddof=1) if pur.std(ddof=1) > 0 else 1.0)

    X = np.column_stack([
        np.ones(n_cells),
        umi_z,
        comp_z,
        pur_z,
        pop_samples.values.astype(float)
    ])

    # Solve OLS using numpy lstsq
    coef, residual_ss, rank, svals = np.linalg.lstsq(X, y, rcond=None)

    # Fitted values and residuals
    y_hat = X @ coef
    resid = y - y_hat

    # Compute R^2
    ss_tot = ((y - y.mean()) ** 2).sum()
    ss_res = ((resid) ** 2).sum()
    r2 = 1.0 - ss_res / ss_tot if ss_tot > 0 else np.nan

    # Attach residuals back to the full adata.obs index for this Population
    pop_index = adata.obs.index[pop_mask]
    residuals_list.append(pd.Series(resid, index=pop_index))

    # Basic diagnostics: standard deviation of residuals, mean, and R^2
    r2_records.append({
        'Population': pop,
        'n_cells': int(n_cells),
        'R2': float(r2),
        'resid_mean': float(resid.mean()),
        'resid_sd': float(resid.std(ddof=1)),
        'edge_frac_low_neighbor': float(edge_mask.mean())
    })

# Combine per-population residuals into a single vector aligned to adata.obs
if residuals_list:
    resid_full = pd.concat(residuals_list, axis=0)
    # Initialize column with NaN then fill where we have residuals
    adata.obs['density_residual'] = np.nan
    adata.obs.loc[resid_full.index, 'density_residual'] = resid_full.values
else:
    raise RuntimeError("No populations passed the minimum cell threshold for regression; consider lowering the threshold.")

# Summarize model diagnostics across populations
r2_df = pd.DataFrame(r2_records).sort_values('R2', ascending=False)
print("Per-population OLS model diagnostics (sorted by R^2):")
print(r2_df.to_string(index=False))

# Quick summary of residual distribution overall and by Population
print("\nOverall density_residual summary (all cells with residuals):")
print(adata.obs['density_residual'].dropna().describe())

print("\nDensity_residual summary by Population (only populations with fitted models):")
resid_by_pop = adata.obs.dropna(subset=['density_residual']).groupby('Populations')['density_residual'].describe()
print(resid_by_pop)

# Optional: compute simple correlation between local_density and QC covariates before and after adjustment
print("\nCorrelations of local_density with QC covariates (all cells):")
qc_cols = ['UMI Count', 'Complexity', 'Purity']
for col in qc_cols:
    r, p = stats.pearsonr(adata.obs['local_density'].values.astype(float), adata.obs[col].values.astype(float))
    print(f"  local_density vs {col}: r = {r:.3f}, p = {p:.2e}")

print("\nCorrelations of density_residual with QC covariates (cells with residuals only):")
mask_resid = adata.obs['density_residual'].notna()
for col in qc_cols:
    r, p = stats.pearsonr(adata.obs.loc[mask_resid, 'density_residual'].values.astype(float),
                          adata.obs.loc[mask_resid, col].values.astype(float))
    print(f"  density_residual vs {col}: r = {r:.3f}, p = {p:.2e}")

```


================================================================================
2026-05-17 12:24:34,838 - INFO
================================================================================
RESPONSE/OUTPUT: self_critique_3_1

APPLIED SELF-CRITIQUE - Analysis 3, Step 2


================================================================================
2026-05-17 12:24:34,839 - INFO
================================================================================
RESPONSE/OUTPUT: revised_analysis_3_1

Revised Hypothesis: Within each cardiac population, local spatial crowding (as quantified by a per-cell local density metric) has components that cannot be explained by standard QC metrics (UMI Count, Complexity, Purity) or Sample_ID, and these QC- and sample-adjusted density residuals capture microenvironment-specific transcriptional states during heart development.

Revised Analysis Plan:
1. Within each sufficiently large Population (e.g., ≥500 cells), fit ordinary least squares linear models of local_density as a function of UMI Count, Complexity, Purity, and Sample_ID using NumPy-based regression to obtain QC- and sample-adjusted density residuals, explicitly documenting treatment of low-neighbor edge cells, checking Sample_ID composition and design matrix rank per Population, and printing per-population model diagnostics and variance explained.
2. Within each major Population, define low- and high-density groups as the bottom and top quartiles of the density residuals (ensuring minimum per-group cell counts and dropping Populations that fail this), and perform within-population differential expression between these groups using a Wilcoxon rank-sum test, reporting top genes, effect sizes, and FDR-adjusted p-values.
3. For Populations showing strong density-associated signatures (e.g., many DE genes at FDR<0.05), repeat the residual-based low vs high density differential analysis within each Sample_ID that has sufficient cells in both groups, quantify between-sample concordance of log fold-changes (sign concordance and Spearman correlation) using a common gene set, and print these metrics.
4. Within each major Population with sufficient residual variance, perform PCA on log1p-transformed expression of highly variable genes, correlate the first 10 PCs with density residuals using Pearson and Spearman correlations, and summarize which PCs are most density-associated to link crowding to broader expression programs.
5. For the most density-responsive Populations, define sets of density-associated genes based on consistent DE thresholds across Populations and Samples (using the 238 assayed genes as the background universe), then compute overlap and enrichment statistics (Fisher’s exact test) between these gene sets to distinguish shared versus population- or sample-specific density programs.

Revised Code:
import numpy as np
import pandas as pd
from scipy import stats

# Ensure required columns exist
required_cols = ['local_density', 'UMI Count', 'Complexity', 'Purity', 'Sample_ID', 'Populations']
missing = [c for c in required_cols if c not in adata.obs.columns]
if missing:
    raise ValueError(f"Missing required columns in adata.obs: {missing}")

# Basic sanity check on local_density range
if not np.isfinite(adata.obs['local_density']).all():
    raise ValueError("Non-finite values detected in adata.obs['local_density'].")

populations = adata.obs['Populations'].astype(str)
unique_pops = populations.unique()
min_cells = 500

residuals_list = []  # per-cell residuals
r2_records = []      # per-population model diagnostics

# We will fit within each Population:
#   local_density ~ 1 + z(UMI Count) + z(Complexity) + z(Purity) + Sample_ID_dummies

for pop in unique_pops:
    pop_mask = (populations == pop)
    n_cells = int(pop_mask.sum())
    if n_cells < min_cells:
        continue  # skip small populations for stable regression

    pop_obs = adata.obs.loc[pop_mask]

    # Check Sample_ID composition within this Population
    sample_counts = pop_obs['Sample_ID'].value_counts().sort_index()

    # One-hot encode Sample_ID *within this Population* (drop_first to avoid collinearity)
    sample_dummies = pd.get_dummies(pop_obs['Sample_ID'].astype('category'), drop_first=True)

    # Explicitly handle case with only one Sample_ID (no dummies)
    if sample_dummies.shape[1] == 0:
        sample_design = np.zeros((n_cells, 0), dtype=float)
    else:
        sample_design = sample_dummies.values.astype(float)

    # Extract continuous covariates
    pop_df = pop_obs[['local_density', 'UMI Count', 'Complexity', 'Purity']].copy()

    # Optionally flag extremely low-neighbor cells as potential edges
    if 'low_neighbor_flag' not in adata.obs.columns:
        raise ValueError("Expected 'low_neighbor_flag' column in adata.obs from density computation step.")
    edge_mask = pop_obs['low_neighbor_flag'].values.astype(bool)

    # NOTE: We **include** edge / low-neighbor cells in the regression but record their fraction
    # so that downstream interpretations of residuals can account for potential boundary effects.

    # Center and scale continuous covariates within Population to improve conditioning
    umi = pop_df['UMI Count'].values.astype(float)
    comp = pop_df['Complexity'].values.astype(float)
    pur = pop_df['Purity'].values.astype(float)

    umi_std = umi.std(ddof=1)
    comp_std = comp.std(ddof=1)
    pur_std = pur.std(ddof=1)

    umi_z = (umi - umi.mean()) / (umi_std if umi_std > 0 else 1.0)
    comp_z = (comp - comp.mean()) / (comp_std if comp_std > 0 else 1.0)
    pur_z = (pur - pur.mean()) / (pur_std if pur_std > 0 else 1.0)

    # Design matrix X: intercept + standardized covariates + sample dummies
    X = np.column_stack([
        np.ones(n_cells, dtype=float),
        umi_z,
        comp_z,
        pur_z,
        sample_design,
    ])
    y = pop_df['local_density'].values.astype(float)

    # Solve OLS using numpy lstsq
    coef, residual_ss, rank, svals = np.linalg.lstsq(X, y, rcond=None)

    # Fitted values and residuals
    y_hat = X @ coef
    resid = y - y_hat

    # Compute R^2
    ss_tot = ((y - y.mean()) ** 2).sum()
    ss_res = (resid ** 2).sum()
    r2 = 1.0 - ss_res / ss_tot if ss_tot > 0 else np.nan

    # Attach residuals back to the full adata.obs index for this Population
    pop_index = pop_obs.index
    residuals_list.append(pd.Series(resid, index=pop_index))

    # Diagnostics, including rank deficiency and Sample_ID composition
    r2_records.append({
        'Population': pop,
        'n_cells': n_cells,
        'R2': float(r2),
        'resid_mean': float(resid.mean()),
        'resid_sd': float(resid.std(ddof=1)),
        'edge_frac_low_neighbor': float(edge_mask.mean()),
        'design_n_cols': int(X.shape[1]),
        'design_rank': int(rank),
        'single_sample_population': bool(sample_counts.shape[0] == 1),
        'sample_composition': ";".join(f"{k}:{v}" for k, v in sample_counts.items()),
    })

# Combine per-population residuals into a single vector aligned to adata.obs
if residuals_list:
    resid_full = pd.concat(residuals_list, axis=0)
    adata.obs['density_residual'] = np.nan
    adata.obs.loc[resid_full.index, 'density_residual'] = resid_full.values
else:
    raise RuntimeError("No populations passed the minimum cell threshold for regression; consider lowering the threshold.")

# Summarize model diagnostics across populations
r2_df = pd.DataFrame(r2_records).sort_values('R2', ascending=False)
print("Per-population OLS model diagnostics (sorted by R^2):")
print(r2_df.to_string(index=False))

# Quick summary of residual distribution overall and by Population
print("\nOverall density_residual summary (all cells with residuals):")
print(adata.obs['density_residual'].dropna().describe())

print("\nDensity_residual summary by Population (only populations with fitted models):")
resid_by_pop = adata.obs.dropna(subset=['density_residual']).groupby('Populations')['density_residual'].describe()
print(resid_by_pop)

# Optional: compute simple correlation between local_density and QC covariates before and after adjustment
print("\nCorrelations of local_density with QC covariates (all cells):")
qc_cols = ['UMI Count', 'Complexity', 'Purity']
for col in qc_cols:
    r, p = stats.pearsonr(adata.obs['local_density'].values.astype(float),
                          adata.obs[col].values.astype(float))
    print(f"  local_density vs {col}: r = {r:.3f}, p = {p:.2e}")

print("\nCorrelations of density_residual with QC covariates (cells with residuals only):")
mask_resid = adata.obs['density_residual'].notna()
for col in qc_cols:
    r, p = stats.pearsonr(adata.obs.loc[mask_resid, 'density_residual'].values.astype(float),
                          adata.obs.loc[mask_resid, col].values.astype(float))
    print(f"  density_residual vs {col}: r = {r:.3f}, p = {p:.2e}")


================================================================================
2026-05-17 12:24:35,379 - INFO
================================================================================
RESPONSE/OUTPUT: step_execution_success_3_2

STEP 2 RAN SUCCESSFULLY - Analysis 3


================================================================================
2026-05-17 12:24:54,487 - INFO
================================================================================
RESPONSE/OUTPUT: results_interpretation_3_2

The regression step is doing what you need for the hypothesis, and the diagnostics look good:

1. **QC and sample effects are effectively removed.**
   - Before adjustment, local_density is modestly correlated with QC, especially Complexity (r ≈ 0.31), so including these covariates is justified.
   - After fitting per-population OLS and defining `density_residual`, the correlations with all three QC metrics collapse to essentially zero (r ≈ 0, p ≈ 1.0 for all). That’s strong evidence that the residuals are orthogonal to the chosen QC covariates at the global level.
   - The sample dummies have full rank (design_rank = design_n_cols = 6 for all populations), and no population is single-sample, so Sample_ID is being properly controlled for.

2. **There is substantial unexplained variance in local density within populations.**
   - Per-population R² ranges from ~0.03 (PE) to ~0.33 (PQ), with most major populations in the ~0.09–0.27 range.
   - That means **70–97% of the variance in local_density within each population is *not* explained** by UMI Count, Complexity, Purity, or Sample_ID. This is exactly the residual component you want to interrogate for microenvironmental biology.
   - Residual distributions are centered very close to 0 within each population, with SD ≈ 0.001–0.0015. The interquartile ranges are narrow but symmetric enough that using quartiles for low vs high is statistically feasible.

3. **Edge / low-neighbor cells are rare and unlikely to dominate.**
   - `edge_frac_low_neighbor` is generally <1% in most populations, with a few up to ~1% (PZ ~0.85%, PU ~0.93%, etc.).
   - Including them in the regression but tracking their fraction is reasonable. For downstream steps, you might want to:
     - Check whether low-/high-residual quartile groups are enriched for edge cells in any population, and if so, either (a) re-run DE excluding flagged edge cells, or (b) stratify analyses including/excluding them to show robustness.

4. **The hypothesis remains viable at this stage.**
   - The key hypothesis hinge for Step 1 is: “density residuals capture components not explained by QC or Sample_ID.” The code plus correlation results support that; the density_residual signal is, by construction and by empirical check, QC- and sample-adjusted.
   - Whether those residuals capture **“microenvironment-specific transcriptional states”** still needs to be tested; that will come from the DE and PCA steps. But Step 1 sets up a clean, interpretable residual.

### Suggestions for the next steps

Given these results, you are well-positioned to proceed with the planned analyses, with some tweaks to maximize interpretability and novelty:

1. **Selecting populations for downstream focus**
   - All populations with n ≥ 500 have residuals, but if you want to prioritize where you expect the clearest microenvironmental signatures:
     - Start with populations that show **higher R²** (where QC+Sample explain more of the variance but still leave substantial residual structure) and/or **large cell counts** (for power in within-pop DE):
       - High-R², decent N: PQ (R² ≈ 0.33), PM (0.27), PK (0.26), PY (0.24), PJ (0.24), PW (0.23), PZ (0.21), PR/PX/PN/PL (~0.18–0.19), etc.
       - Very large, albeit lower R²: PA (N ≈ 30k, R² ≈ 0.088), PB/PC/PD/PE/PF/PG/PH/PI also have tens of thousands of cells.
   - I’d explicitly subset a list of “priority populations” that combine:
     - n_cells ≥ 2000
     - R² ≥ ~0.12  
     to ensure both power and a nontrivial role of QC/sample effects (which you now removed).

2. **Define low/high-density-residual groups carefully (next analysis step)**
   - Use **per-population** quartiles of `density_residual`:
     - `low_resid = density_residual <= Q1`
     - `high_resid = density_residual >= Q3`
   - Before DE, check:
     - Per-population counts in low/high groups (to verify ≥ ~100 per group, given your ~0.001 SD and total N, this should be fine for almost all).
     - Balance of Sample_IDs *within* low and high groups for each population (you want each Sample_ID reasonably represented in both, or at least avoid cases where one group is dominated by a single sample). If a population has severe imbalance, you can:
       - Exclude it from global within-pop DE, or
       - Include Sample_ID as a blocking factor in the DE (if you use a method that supports this), but your plan uses Wilcoxon, so at least stratify or examine sample imbalance.

3. **Check that residuals still carry *spatial* structure**
   - Before DE, it would be useful to confirm that `density_residual` is not just numerically nonzero, but spatially meaningful:
     - Plot residuals on the 2D spatial coordinates within a few populations to see whether high-residual and low-residual cells cluster spatially, or appear as gradients or micro-clusters.
   - This will help later interpretation: if high-residual zones overlap known anatomical subregions (even if coded), that supports microenvironmental meaning.

4. **DE analysis nuances**
   - Proceed as planned: within each population, low vs high `density_residual` using Wilcoxon, FDR-corrected p-values.
   - To keep the analysis distinct from the prior Purity-residual work:
     - Avoid reusing the exact same populations (PD/PP) as the only focus. You can include them, but put more emphasis on new populations (e.g. PQ/PM/PK/PN/PH etc.).
     - Explicitly compare **density_residual-based DE signatures** to the previously derived Purity-residual signatures where overlap exists, emphasizing *what’s unique* to density-residual variation.
   - For interpretation:
     - Rank genes by |logFC| and FDR.
     - For a few populations with many DE genes (FDR<0.05 and |logFC| above a reasonable threshold), visualize expression of the strongest density-associated genes over space, colored by residual group.

5. **Per-sample replication of density-associated programs**
   - Your regression has already removed global Sample_ID effects. Splitting DE by Sample_ID within each population is a clean test of **microenvironmental reproducibility**:
     - For the most significant populations from Step 2 (many DE genes; well-spread residuals), repeat low vs high DE **within each sample** that has enough cells in both groups.
     - Then compute:
       - Sign concordance of logFC across samples.
       - Spearman correlations of logFC across samples.
     - This will directly address whether density-associated transcriptional states are **sample-consistent microenvironmental programs** vs idiosyncratic local phenomena.

6. **PCA–residual correlation (program-level view)**
   - For each major population, perform PCA on HVGs, then correlate PCs 1–10 with `density_residual`.
   - Points to watch:
     - If some PCs are strongly correlated with residuals (|r| or |ρ| ≥ 0.3–0.4 with FDR-significant p-values), then:
       - Those PCs define “density-associated axes” of transcription.
       - You can inspect the loadings to identify which genes drive that variation and compare with DE hits from Step 2.
     - Compare across populations: do the same PCs (e.g. PC1 vs PC2) systematically relate to density across different populations, or is this population-specific?

7. **Gene set overlaps and enrichment**
   - Once you have per-population density-associated gene sets, define them with consistent criteria:
     - e.g., FDR < 0.05 and |logFC| ≥ some effect size threshold, using the 238 assayed genes as the background.
   - Across populations:
     - Use Fisher’s exact test to quantify overlap of gene sets.
     - This will help distinguish:
       - Shared density programs (e.g. consistent upregulation of a subset of developmental TFs or signaling ligands in high-density microenvironments across multiple cardiac populations).
       - Population-specific density programs (e.g. only certain populations show density-linked expression of particular signaling modules).
   - To keep it distinct from previous analyses, emphasize **density-residual-specific programs** that do not significantly overlap previously identified Purity-residual or generic QC-related gene sets.

8. **Potential refinements based on current step**
   - Consider computing simple **within-population correlations** between local_density and QC metrics, in addition to the global ones you already printed. You might find populations where raw density is particularly QC-driven (and see how much your regression cleans that up).
   - For populations with very low R² (PE, PB), interpret “density_residual” carefully: most of their density variance was already independent of QC/sample, so residuals there approximate centered local_density. That’s fine, but your “adjustment” is minimal; focus more on higher-R² populations where you’ve clearly isolated a QC/sample-independent component.

In summary, the regression step successfully produces a clean `density_residual` per cell that is orthogonal to QC and Sample_ID while leaving substantial within-population variance to investigate. This strongly supports moving on to the density-residual-based DE, per-sample replication, and PCA correlation steps to test whether these residuals correspond to consistent, microenvironment-specific transcriptional states during heart development.


================================================================================
2026-05-17 12:25:09,205 - INFO
================================================================================
RESPONSE/OUTPUT: initial_analysis_3_2

NEXT STEP PLAN - Analysis 3, Step 3: Within each sufficiently large Population (e.g., ≥500 cells), use the existing per-population OLS fits of local_density on UMI Count, Complexity, Purity, and Sample_ID to work with the already-computed density_residual values, summarizing per-population residual distributions and prioritizing populations with both large n_cells and moderate-to-high R² for downstream analyses.

Code:
```python
import numpy as np
import pandas as pd
import scanpy as sc
from scipy import stats

# Assume `adata` is already in memory with:
# - adata.obs['density_residual'] populated from the prior OLS step
# - adata.obs['Populations'] defining cardiac populations
# - adata.obs['Sample_ID'] available
# - expression matrix in adata.X (cells x genes)

# Basic checks
required_cols = ['density_residual', 'Populations', 'Sample_ID']
missing = [c for c in required_cols if c not in adata.obs.columns]
if missing:
    raise ValueError(f"Missing required columns in adata.obs: {missing}")

if adata.obs['density_residual'].isna().all():
    raise ValueError("density_residual is entirely NaN; ensure the regression step was run successfully.")

# Identify populations with residuals and sufficient cells
min_cells = 500
pop_counts = adata.obs.groupby('Populations')['density_residual'].apply(lambda x: x.notna().sum())
eligible_pops = pop_counts[pop_counts >= min_cells].index.tolist()

print("Eligible populations for density-residual DE (n_cells with residuals ≥ %d):" % min_cells)
for pop in eligible_pops:
    print(f"  {pop}: {int(pop_counts[pop])} cells with residuals")

# Prepare to store DE results
all_de_results = []

# We will use Scanpy's rank_genes_groups with a temporary group label (low vs high residual)
# Make sure we operate on a copy to avoid polluting the main AnnData with many temp columns

for pop in eligible_pops:
    pop_mask = (adata.obs['Populations'] == pop) & adata.obs['density_residual'].notna()
    n_pop = int(pop_mask.sum())
    if n_pop < min_cells:
        continue

    ad_pop = adata[pop_mask].copy()
    resid = ad_pop.obs['density_residual'].values.astype(float)

    # Define low/high groups by per-population quartiles
    q1 = np.quantile(resid, 0.25)
    q3 = np.quantile(resid, 0.75)

    low_mask = resid <= q1
    high_mask = resid >= q3

    n_low = int(low_mask.sum())
    n_high = int(high_mask.sum())

    # Enforce minimum group sizes (for stability)
    min_group = 100
    if n_low < min_group or n_high < min_group:
        print(f"Skipping population {pop} due to insufficient low/high group sizes (low={n_low}, high={n_high}).")
        continue

    # Create group labels within this population
    group_labels = np.array(['mid'] * ad_pop.n_obs, dtype=object)
    group_labels[low_mask] = 'low_resid'
    group_labels[high_mask] = 'high_resid'
    ad_pop.obs['density_resid_group'] = pd.Categorical(group_labels, categories=['low_resid', 'mid', 'high_resid'])

    # Restrict DE to low vs high only (exclude 'mid') for a clean comparison
    de_mask = ad_pop.obs['density_resid_group'].isin(['low_resid', 'high_resid'])
    ad_de = ad_pop[de_mask].copy()

    # Run Wilcoxon rank-sum DE: high_resid vs low_resid
    sc.tl.rank_genes_groups(
        ad_de,
        groupby='density_resid_group',
        groups=['high_resid'],
        reference='low_resid',
        method='wilcoxon',
        use_raw=False,
        n_genes=adata.n_vars
    )

    # Extract results into a tidy DataFrame
    rg = ad_de.uns['rank_genes_groups']
    genes = np.array(rg['names']['high_resid']).astype(str)
    pvals = np.array(rg['pvals']['high_resid']).astype(float)
    pvals_adj = np.array(rg['pvals_adj']['high_resid']).astype(float)
    scores = np.array(rg['scores']['high_resid']).astype(float)
    logfc = np.array(rg['logfoldchanges']['high_resid']).astype(float)

    de_df = pd.DataFrame({
        'Population': pop,
        'gene': genes,
        'score': scores,
        'logFC_high_vs_low': logfc,
        'pval': pvals,
        'pval_adj': pvals_adj,
        'n_cells_total_pop': n_pop,
        'n_low_resid': n_low,
        'n_high_resid': n_high,
    })

    # Basic per-population DE summary
    sig_mask = de_df['pval_adj'] < 0.05
    n_sig = int(sig_mask.sum())
    print(f"Population {pop}: {n_sig} genes with FDR<0.05 (high_resid vs low_resid).")

    # Sort by adjusted p-value then by |logFC|
    de_df_sorted = de_df.sort_values(['pval_adj', 'logFC_high_vs_low'], ascending=[True, False])

    # Print top 10 genes for this population
    print(f"Top 10 density-residual DE genes for population {pop} (high_resid vs low_resid):")
    print(de_df_sorted.head(10).to_string(index=False))

    all_de_results.append(de_df)

# Concatenate all DE results across populations
if all_de_results:
    all_de_df = pd.concat(all_de_results, axis=0, ignore_index=True)
    # Store in adata.uns for downstream steps
    adata.uns['density_residual_DE_low_vs_high'] = all_de_df

    # Global summary across populations
    total_sig = int((all_de_df['pval_adj'] < 0.05).sum())
    print("\nOverall summary across populations:")
    print(f"  Total DE tests (population-gene combinations): {all_de_df.shape[0]}")
    print(f"  Total significant genes at FDR<0.05: {total_sig}")

    # Per-population significant gene counts
    sig_per_pop = all_de_df[all_de_df['pval_adj'] < 0.05].groupby('Population')['gene'].nunique().sort_values(ascending=False)
    print("\nNumber of unique significant genes (FDR<0.05) per population (sorted):")
    print(sig_per_pop.to_string())
else:
    print("No populations passed filtering for DE (check min_cells or min_group thresholds).")

```


================================================================================
2026-05-17 12:25:41,503 - INFO
================================================================================
RESPONSE/OUTPUT: self_critique_3_2

APPLIED SELF-CRITIQUE - Analysis 3, Step 3


================================================================================
2026-05-17 12:25:41,504 - INFO
================================================================================
RESPONSE/OUTPUT: revised_analysis_3_2

Revised Hypothesis: Within each cardiac population, QC- and Sample_ID-adjusted local density residuals capture microenvironment-specific transcriptional programs that are reproducible across samples and align with coherent low-dimensional expression axes, rather than reflecting generic QC or sample effects.

Revised Analysis Plan:
1. Summarize per-population distributions of density_residual (including n_cells with residuals, central tendency, spread, and normality/skewness diagnostics), merge these summaries with existing per-population OLS R² and edge-cell fractions, and define a prioritized set of populations based on joint thresholds on n_cells, R², and residual variance for all downstream analyses.
2. Within each prioritized Population, define low- and high-density_residual groups using per-population quantiles (e.g., bottom/top quartiles), check per-group Sample_ID composition for severe imbalances, and perform within-population differential expression (Wilcoxon rank-sum via scanpy.rank_genes_groups) between low and high residual groups with Benjamini–Hochberg FDR correction, storing per-population DE statistics and basic summaries of density-residual–associated transcriptional change.
3. For prioritized Populations with strong density-residual–associated signatures, repeat the low vs high density_residual differential expression within each Sample_ID that has sufficient cells in both groups, and quantify between-sample reproducibility of effects by computing sign concordance and Spearman correlations of log fold-changes across samples on a shared gene universe.
4. Within the same prioritized Populations, perform PCA on log1p-transformed expression (restricted to the 238 assayed genes or a subset of HVGs), correlate the first 10 PCs with density_residual using Pearson and Spearman correlations, and report PCs significantly associated with residuals (after multiple-testing correction) along with their top-loading genes as candidate density-associated expression axes.

Revised Code:
import numpy as np
import pandas as pd
from scipy import stats

# Assumes `adata` already in memory with:
# - adata.obs['density_residual'] from prior per-population OLS
# - per-population OLS diagnostics stored in adata.uns['density_residual_ols'] (optional; handled defensively)
# - adata.obs['Populations'] and adata.obs['Sample_ID'] present

required_cols = ['density_residual', 'Populations', 'Sample_ID']
missing = [c for c in required_cols if c not in adata.obs.columns]
if missing:
    raise ValueError(f"Missing required columns in adata.obs: {missing}")

if adata.obs['density_residual'].isna().all():
    raise ValueError("density_residual is entirely NaN; ensure the regression step was run successfully.")

# Optional: load per-population OLS diagnostics (R2, edge_frac, etc.) if available
ols_df = None
if 'density_residual_ols' in adata.uns:
    # Expect a DataFrame-like structure
    try:
        ols_df = pd.DataFrame(adata.uns['density_residual_ols'])
        if 'Population' not in ols_df.columns:
            ols_df = None
    except Exception:
        ols_df = None

# Compute per-population residual summaries
pop = adata.obs['Populations'].astype(str)
resid = adata.obs['density_residual'].astype(float)

# Only consider cells with non-missing residuals
mask_resid = resid.notna()
pop_resid = pop[mask_resid]
resid_valid = resid[mask_resid]

summary_records = []
for p, vals in resid_valid.groupby(pop_resid):
    v = vals.values
    n = v.size
    mean = float(v.mean())
    std = float(v.std(ddof=1)) if n > 1 else np.nan
    q1, med, q3 = np.quantile(v, [0.25, 0.5, 0.75])
    iqr = float(q3 - q1)
    # Simple skewness and normality diagnostics
    skew = float(stats.skew(v)) if n > 2 else np.nan
    # Shapiro-Wilk not reliable for very large n; subsample if needed
    if n > 5000:
        v_test = np.random.choice(v, size=5000, replace=False)
    else:
        v_test = v
    try:
        shapiro_stat, shapiro_p = stats.shapiro(v_test)
    except Exception:
        shapiro_stat, shapiro_p = np.nan, np.nan

    rec = {
        'Population': p,
        'n_cells_with_resid': int(n),
        'resid_mean': mean,
        'resid_sd': std,
        'resid_q1': float(q1),
        'resid_median': float(med),
        'resid_q3': float(q3),
        'resid_IQR': iqr,
        'resid_skew': skew,
        'shapiro_W': float(shapiro_stat),
        'shapiro_p': float(shapiro_p),
    }
    summary_records.append(rec)

summary_df = pd.DataFrame(summary_records)

# If OLS diagnostics are available, merge them in (e.g., R2, edge_frac_low_neighbor)
if ols_df is not None:
    # Keep only relevant columns if present
    keep_cols = [c for c in ['Population', 'R2', 'edge_frac_low_neighbor', 'n_cells'] if c in ols_df.columns]
    ols_sub = ols_df[keep_cols].drop_duplicates(subset=['Population']) if 'Population' in keep_cols else None
    if ols_sub is not None:
        summary_df = summary_df.merge(ols_sub, on='Population', how='left')

# Define prioritization thresholds
min_cells = 500
min_r2 = 0.12  # moderate-to-high variance explained by QC+Sample
min_iqr = 1e-4  # require some residual spread

# If R2 not available, treat as NA and require only n_cells and IQR
if 'R2' in summary_df.columns:
    priority_mask = (
        (summary_df['n_cells_with_resid'] >= min_cells) &
        (summary_df['resid_IQR'] >= min_iqr) &
        (summary_df['R2'].fillna(0) >= min_r2)
    )
else:
    priority_mask = (
        (summary_df['n_cells_with_resid'] >= min_cells) &
        (summary_df['resid_IQR'] >= min_iqr)
    )

prioritized_pops = summary_df.loc[priority_mask, 'Population'].tolist()

# Store summaries and prioritized populations for downstream steps
adata.uns['density_residual_population_summary'] = summary_df
adata.uns['density_residual_prioritized_populations'] = prioritized_pops

print("Per-population density_residual summaries:")
print(summary_df.sort_values('n_cells_with_resid', ascending=False).to_string(index=False))

print("\nPrioritization criteria:")
print(f"  min_cells_with_resid >= {min_cells}")
print(f"  min_resid_IQR >= {min_iqr}")
if 'R2' in summary_df.columns:
    print(f"  min_R2 >= {min_r2}")
else:
    print("  R2 not available; using only n_cells_with_resid and resid_IQR for prioritization.")

print("\nPrioritized Populations for downstream density-residual analyses:")
if prioritized_pops:
    for p in prioritized_pops:
        row = summary_df.loc[summary_df['Population'] == p].iloc[0]
        r2_str = f", R2={row['R2']:.3f}" if 'R2' in summary_df.columns and pd.notnull(row.get('R2', np.nan)) else ""
        print(f"  {p}: n_cells_with_resid={int(row['n_cells_with_resid'])}, IQR={row['resid_IQR']:.4e}{r2_str}")
else:
    print("  No populations met prioritization criteria; consider relaxing thresholds.")


================================================================================
2026-05-17 12:25:41,601 - INFO
================================================================================
RESPONSE/OUTPUT: step_execution_success_3_3

STEP 3 RAN SUCCESSFULLY - Analysis 3


================================================================================
2026-05-17 12:25:56,419 - INFO
================================================================================
RESPONSE/OUTPUT: results_interpretation_3_3

The residuals look well-behaved and this step sets you up nicely for the downstream tests of the hypothesis.

Key impressions of the results

- All populations have:
  - Means effectively at 0 and very small SDs (~1e-3), which is what you want from residuals.
  - Non-trivial spread (IQR ~1.2–2.0×10⁻³), so there is enough variation within each population to stratify low vs high residual groups.
  - Strong Shapiro deviations (tiny p-values) in almost all pops, i.e., residuals are not exactly normal. With n>1k this is expected and not problematic; more important is that there are no pathological bimodalities indicated here (you’ll want to check visually in a few key populations).

- Prioritization:
  - With R² unavailable, your filter collapses to n_cells ≥500 and IQR ≥1e-4. In practice, every listed population easily surpasses these thresholds, so you are effectively taking all 27 populations forward.
  - This is good for exploratory breadth, but it means you are not yet enriching for populations where density_residual is known to be a “strong” signal in terms of QC+Sample variance explained.

How this informs the hypothesis

Your working hypothesis is about “microenvironment-specific transcriptional programs captured by QC- and Sample_ID-adjusted local density residuals.” For that to be plausible, you need:

1. Sufficient within-population residual variation (you have it).
2. Evidence that this residual is not just random noise: i.e., it should associate with coherent gene programs and low-dimensional axes within at least some populations.
3. Reproducibility across samples.

This step largely confirms (1) but does not discriminate strongly among populations in terms of (2) or (3), since R² was missing and not used.

Concrete suggestions for next steps and small refinements

1. **Augment prioritization before doing heavy DE / PCA:**
   - If possible, reconstruct or reload the OLS diagnostics to get per-population R² for the original density model. Pops where QC+Sample explain very little of density (low R²) may have more microenvironmental variation in the *raw* density, but your hypothesis is about *residual* density, so you might actually want at least moderate R²—so that residuals are explicitly QC- and Sample-adjusted.
   - In the absence of R², consider lightweight, residual-focused diagnostics to identify especially promising populations before deep analysis:
     - **Residual vs raw density correlation per population:** a moderate correlation suggests residual still tracks local density differences, not just noise, while being orthogonalized to QC+Sample.
     - **Residual vs key QC metrics per population:** confirm the residual is not re-capturing QC.
   - You can then prioritize e.g.:
     - n_cells ≥ 1000
     - top 10–15 populations by residual IQR
     - and/or populations with clear residual–raw-density correlation.

2. **Use flexible cutoffs for low vs high residual groups (next step):**
   - Given the fairly similar IQRs but very large n for many pops (e.g., PA ~30k cells), fixed quartiles (25/75%) are fine.
   - For smaller pops (e.g., PAA ~1k), quartiles still give ~250 cells per group, which is adequate.
   - I would explicitly store the actual cutpoints (per-pop q25 and q75) so you can later check if DE results are driven by a tiny absolute residual difference versus more extreme tails.

3. **Preemptively check Sample_ID balance within residual strata:**
   - Your next step already plans to examine Sample_ID composition in low vs high groups. For large populations like PA, PB, PC, you can formalize this via:
     - A chi-square test of Sample_ID × residual_group within each Population.
     - Flagging populations where >80–90% of one residual group comes from a single Sample_ID.
   - For such imbalanced populations, either:
     - Exclude them from global (pooled) DE and only do within-sample DE (step 3 of your plan), or
     - Use a design that conditions on Sample_ID (e.g., pseudo-bulk per sample, then paired tests).

4. **Plan for multiple-testing and interpretation across many populations:**
   - With 27 populations, each with DE between low and high residual groups, you will have a lot of p-values.
   - Besides BH within each population, consider a second-level summary:
     - For each population, number of genes with FDR < 0.05 and |logFC| > some threshold.
     - A “signal strength” metric per population (e.g., median |logFC| of significant genes).
   - Populations with many strong, coherent DE genes are most relevant to the hypothesis.

5. **Link to low-dimensional axes in a targeted way (future PCA step):**
   - Once you run PCA per prioritized population:
     - Focus first on pops that already show strong DE between low/high residual groups.
     - For those, correlate PCs with residual and ask:
       - Does one or a few PCs explain a substantial fraction of variance and also correlate strongly with residual?
       - Are the associated top-loadings of those PCs enriched in genes already identified by DE (particularly with direction-consistent loadings vs up/down in high residual)?
   - This will directly address the “coherent low-dimensional expression axes” part of the hypothesis.
   - For QC reassurance: correlate those PCs with UMI, complexity, etc., to check they are not simply QC axes re-emerging.

6. **Reproducibility across Sample_ID (later step):**
   - For populations that show strong global DE and PC–residual correlations:
     - Restrict to Sample_IDs with, say, ≥30–50 cells in both low and high residual groups.
     - Run per-sample DE and then compute:
       - Sign concordance of logFC across samples.
       - Spearman correlations of logFC between sample pairs.
     - Summarize at the gene set level: e.g., “top 50 high-residual-up genes in population PD show median sign-consistency of X across Y samples.” This is what will really argue for reproducible microenvironmental programs rather than sample-specific artefacts.

7. **A few additional QC-oriented checks that will help interpretation later:**
   - Within a few large pops (e.g., PA, PD, PG), plot:
     - Histograms / density plots of residuals to visually confirm unimodality and absence of severe outliers.
     - Residual vs raw density scatterplots, colored by Sample_ID.
   - These plots will make it easier to interpret DE and PCA results in terms of “microenvironmental density differences” rather than something more opaque.

Overall, this step supports the feasibility of your downstream analyses: residuals are centered, have consistent non-trivial spread in all populations, and you have many cells per population. The main refinement I’d suggest before going deep into DE/PCA is to add at least one more discriminating criterion (once R² or residual–raw-density relationships are accessible) so you can focus interpretive effort on the populations most likely to carry strong, coherent, and reproducible density-residual–linked programs.


================================================================================
2026-05-17 12:26:17,111 - INFO
================================================================================
RESPONSE/OUTPUT: initial_analysis_3_3

NEXT STEP PLAN - Analysis 3, Step 4: Within each prioritized Population, define low- and high-density_residual groups using per-population quartiles (bottom and top 25%), check per-group Sample_ID composition and balance, then perform within-population differential expression (Wilcoxon rank-sum via scanpy.rank_genes_groups with a custom grouping variable) between low and high residual groups, apply Benjamini–Hochberg FDR correction, and summarize for each Population the number and identity of density-residual–associated genes along with effect sizes and significance.

Code:
```python
import numpy as np
import pandas as pd
import scanpy as sc
from scipy import stats

# Assumptions:
# - `adata` is already in memory.
# - `adata.obs['density_residual']` exists from the prior OLS step.
# - `adata.uns['density_residual_prioritized_populations']` exists from the previous summary step.
# - `adata.obs['Populations']`, `adata.obs['Sample_ID']` are present.

# Basic checks
required_cols = ['density_residual', 'Populations', 'Sample_ID']
missing = [c for c in required_cols if c not in adata.obs.columns]
if missing:
    raise ValueError(f"Missing required columns in adata.obs: {missing}")

if 'density_residual_prioritized_populations' not in adata.uns:
    raise ValueError("adata.uns['density_residual_prioritized_populations'] not found; run the residual summary/prioritization step first.")

prioritized_pops = list(adata.uns['density_residual_prioritized_populations'])
if len(prioritized_pops) == 0:
    raise RuntimeError("No prioritized populations found; consider relaxing thresholds in the summarization step.")

# We will collect DE results per Population in a dict of DataFrames and store in adata.uns
pop_de_results = {}
pop_de_summaries = []

# Helper: simple Benjamini–Hochberg FDR implementation
def bh_fdr(pvals: np.ndarray) -> np.ndarray:
    pvals = np.asarray(pvals, dtype=float)
    n = pvals.size
    order = np.argsort(pvals)
    ranked = pvals[order]
    qvals = np.empty(n, dtype=float)
    prev_q = 1.0
    for i in range(n - 1, -1, -1):
        rank = i + 1
        q = ranked[i] * n / rank
        if q > prev_q:
            q = prev_q
        prev_q = q
        qvals[i] = q
    # re-order back
    qvals_corrected = np.empty(n, dtype=float)
    qvals_corrected[order] = qvals
    return qvals_corrected

# We will create a temporary grouping column: 'density_resid_group' with categories 'low', 'high', 'mid'
if 'density_resid_group' in adata.obs.columns:
    # Avoid overwriting something pre-existing without warning
    raise ValueError("adata.obs['density_resid_group'] already exists; please remove or rename it before running this step.")

# Work on a copy of obs indices to be safe
all_indices = adata.obs.index

for pop in prioritized_pops:
    mask_pop = (adata.obs['Populations'].astype(str) == str(pop)) & adata.obs['density_residual'].notna()
    n_pop = int(mask_pop.sum())
    if n_pop < 200:
        # Very small, skip for stability
        continue

    resid_pop = adata.obs.loc[mask_pop, 'density_residual'].astype(float)

    # Compute per-Population quartiles of density_residual
    q1, q3 = np.quantile(resid_pop.values, [0.25, 0.75])

    # Define low/high groups
    low_mask = mask_pop & (adata.obs['density_residual'] <= q1)
    high_mask = mask_pop & (adata.obs['density_residual'] >= q3)

    n_low = int(low_mask.sum())
    n_high = int(high_mask.sum())

    # Require at least a modest group size for DE
    min_group = 100
    if n_low < min_group or n_high < min_group:
        # Skip populations that cannot support stable DE
        continue

    # Check Sample_ID composition and balance in low/high groups
    sample_counts_low = adata.obs.loc[low_mask, 'Sample_ID'].value_counts().sort_index()
    sample_counts_high = adata.obs.loc[high_mask, 'Sample_ID'].value_counts().sort_index()

    # Compute fraction of the largest Sample_ID in each group for imbalance diagnostics
    frac_max_low = sample_counts_low.max() / sample_counts_low.sum()
    frac_max_high = sample_counts_high.max() / sample_counts_high.sum()

    # Simple flag for severe imbalance (not used to drop, just recorded)
    severe_imbalance = (frac_max_low > 0.9) or (frac_max_high > 0.9)

    # Create grouping variable for this Population only
    # Initialize as 'mid' for all cells, then set 'low'/'high' for the relevant ones
    group_vals = pd.Series(index=all_indices, data='mid', dtype='category')
    group_vals.loc[low_mask[low_mask].index] = 'low'
    group_vals.loc[high_mask[high_mask].index] = 'high'
    adata.obs['density_resid_group'] = group_vals

    # Restrict DE to cells in this Population (low + high only)
    de_mask = mask_pop & (adata.obs['density_resid_group'].isin(['low', 'high']))

    # Run Wilcoxon DE using scanpy.rank_genes_groups
    sc.tl.rank_genes_groups(
        adata,
        groupby='density_resid_group',
        method='wilcoxon',
        use_raw=False,
        groups=['high'],  # compare high vs all others
        reference='low',  # explicit low reference
        pts=True,
        key_added=f'density_resid_DE_{pop}'
    )

    # Extract results from adata.uns
    de_key = f'density_resid_DE_{pop}'
    de_uns = adata.uns[de_key]

    # Scanpy stores arrays under each key; we build a tidy DataFrame for the 'high' group
    gene_names = np.array(de_uns['names']['high']).astype(str)
    pvals = np.array(de_uns['pvals']['high'], dtype=float)
    pvals_adj = np.array(de_uns['pvals_adj']['high'], dtype=float)
    scores = np.array(de_uns['scores']['high'], dtype=float)
    logfc = np.array(de_uns.get('logfoldchanges', np.full_like(pvals, np.nan)), dtype=float)
    # If logfoldchanges is not present (older scanpy), approximate from scores and pvals is tricky; here we keep NaN.

    # As a robustness check, recompute BH FDR in case we want consistent behavior
    qvals_bh = bh_fdr(pvals)

    de_df = pd.DataFrame({
        'gene': gene_names,
        'score': scores,
        'pval_raw_scanpy': pvals,
        'pval_adj_scanpy': pvals_adj,
        'pval_bh_recomputed': qvals_bh,
        'logfoldchange': logfc
    })

    # Sort by recomputed BH FDR and score
    de_df = de_df.sort_values(['pval_bh_recomputed', 'score'], ascending=[True, False]).reset_index(drop=True)
    pop_de_results[pop] = de_df

    # Summarize significance using recomputed BH and a modest effect size threshold
    sig_mask = (de_df['pval_bh_recomputed'] < 0.05)
    if not np.isnan(de_df['logfoldchange']).all():
        sig_mask = sig_mask & (np.abs(de_df['logfoldchange']) >= 0.25)

    n_sig = int(sig_mask.sum())

    top_genes = de_df.loc[sig_mask, 'gene'].head(10).tolist()

    pop_de_summaries.append({
        'Population': pop,
        'n_cells_total': n_pop,
        'n_low': n_low,
        'n_high': n_high,
        'sample_counts_low': ";".join(f"{k}:{v}" for k, v in sample_counts_low.items()),
        'sample_counts_high': ";".join(f"{k}:{v}" for k, v in sample_counts_high.items()),
        'frac_max_low': float(frac_max_low),
        'frac_max_high': float(frac_max_high),
        'severe_sample_imbalance': bool(severe_imbalance),
        'n_sig_genes_FDR_lt_0.05_absLFC_ge_0.25': n_sig,
        'top_sig_genes': ",".join(top_genes)
    })

# Clean up the temporary grouping column
del adata.obs['density_resid_group']

# Store full DE and summary tables in adata.uns
adata.uns['density_residual_DE_per_population'] = {str(k): v.to_dict(orient='list') for k, v in pop_de_results.items()}
summary_df = pd.DataFrame(pop_de_summaries)
adata.uns['density_residual_DE_population_summary'] = summary_df

# Print concise summary
if summary_df.shape[0] == 0:
    print("No populations passed DE eligibility criteria (group sizes >=100). Consider lowering min_group or revisiting prioritization.")
else:
    print("Within-population density_residual DE summaries (sorted by number of significant genes):")
    print(summary_df.sort_values('n_sig_genes_FDR_lt_0.05_absLFC_ge_0.25', ascending=False).to_string(index=False))

```


================================================================================
2026-05-17 12:26:54,964 - INFO
================================================================================
RESPONSE/OUTPUT: self_critique_3_3

APPLIED SELF-CRITIQUE - Analysis 3, Step 4


================================================================================
2026-05-17 12:26:54,964 - INFO
================================================================================
RESPONSE/OUTPUT: revised_analysis_3_3

Revised Hypothesis: Within prioritized cardiac populations, QC- and Sample_ID-adjusted local density residuals stratify cells into low- and high-density microenvironments that exhibit distinct, reproducible transcriptional programs rather than random noise, with these programs aligning with coherent low-dimensional expression axes.

Revised Analysis Plan:
1. Within each prioritized Population, define low- and high-density_residual groups using per-population quartiles (bottom and top 25%), ensure DE is restricted to cells from that Population and to low/high groups only, check per-group Sample_ID composition and balance (without filtering), then perform within-population differential expression (Wilcoxon rank-sum via scanpy.rank_genes_groups on a population-restricted AnnData view) between low and high residual groups, apply Benjamini–Hochberg FDR correction, and summarize for each Population the number and identity of density-residual–associated genes along with effect sizes, significance, realized residual thresholds, and Sample_ID imbalance diagnostics.
2. For Populations with at least a modest density-residual signal (e.g., ≥5 genes at FDR<0.05 and |logFC|≥0.25), perform within-Population, per-Sample_ID differential expression comparing low- vs high-density_residual groups (restricted to Sample_IDs with sufficient cells in both strata), then quantify between-sample reproducibility by computing, for each Population, sign concordance and Spearman correlations of log fold-changes across samples on the shared gene universe, and print concise per-Population reproducibility metrics.
3. For the same signal-bearing Populations, perform PCA on log1p-transformed expression of the 238 assayed genes within each Population, using only cells belonging to that Population, compute Pearson and Spearman correlations between density_residual and the first 10 PCs, apply Benjamini–Hochberg correction across PCs per Population, and for PCs significantly associated with residuals, report variance explained, correlation statistics, and their top-loading genes, highlighting how density-residual–linked transcriptional variation aligns with low-dimensional expression axes.

Revised Code:
import numpy as np
import pandas as pd
import scanpy as sc
from scipy import stats

# Assumptions:
# - `adata` is already in memory.
# - `adata.obs['density_residual']` exists from the prior OLS step.
# - `adata.uns['density_residual_prioritized_populations']` exists from the previous summary step.
# - `adata.obs['Populations']`, `adata.obs['Sample_ID']` are present.
# - `adata.X` contains log1p-transformed expression values (not raw counts).

# Basic checks
required_cols = ['density_residual', 'Populations', 'Sample_ID']
missing = [c for c in required_cols if c not in adata.obs.columns]
if missing:
    raise ValueError(f"Missing required columns in adata.obs: {missing}")

if 'density_residual_prioritized_populations' not in adata.uns:
    raise ValueError("adata.uns['density_residual_prioritized_populations'] not found; run the residual summarization/prioritization step first.")

prioritized_pops = list(adata.uns['density_residual_prioritized_populations'])
if len(prioritized_pops) == 0:
    raise RuntimeError("No prioritized populations found; consider relaxing thresholds in the summarization step.")

# Parameters
min_group = 100  # minimum cells per low/high group for DE stability

# Collect DE results per Population
pop_de_results = {}
pop_de_summaries = []
skipped_pops = []

# Helper: simple Benjamini–Hochberg FDR implementation
def bh_fdr(pvals: np.ndarray) -> np.ndarray:
    pvals = np.asarray(pvals, dtype=float)
    n = pvals.size
    order = np.argsort(pvals)
    ranked = pvals[order]
    qvals = np.empty(n, dtype=float)
    prev_q = 1.0
    for i in range(n - 1, -1, -1):
        rank = i + 1
        q = ranked[i] * n / rank
        if q > prev_q:
            q = prev_q
        prev_q = q
        qvals[i] = q
    # re-order back
    qvals_corrected = np.empty(n, dtype=float)
    qvals_corrected[order] = qvals
    return qvals_corrected

# We will use a try/finally block to ensure any temporary columns are cleaned up
try:
    if 'density_resid_group' in adata.obs.columns:
        raise ValueError("adata.obs['density_resid_group'] already exists; please remove or rename it before running this step.")

    for pop in prioritized_pops:
        # Restrict to this Population and cells with non-missing residuals
        mask_pop = (adata.obs['Populations'].astype(str) == str(pop)) & adata.obs['density_residual'].notna()
        n_pop = int(mask_pop.sum())
        if n_pop < 2 * min_group:
            skipped_pops.append({'Population': pop, 'reason': f'n_pop<{2*min_group}', 'n_cells': n_pop})
            continue

        resid_pop = adata.obs.loc[mask_pop, 'density_residual'].astype(float)

        # Compute per-Population quartiles of density_residual
        q1, q3 = np.quantile(resid_pop.values, [0.25, 0.75])

        # Define low/high groups within this Population
        low_mask_pop = mask_pop & (adata.obs['density_residual'] <= q1)
        high_mask_pop = mask_pop & (adata.obs['density_residual'] >= q3)

        n_low = int(low_mask_pop.sum())
        n_high = int(high_mask_pop.sum())

        if n_low < min_group or n_high < min_group:
            skipped_pops.append({
                'Population': pop,
                'reason': 'group_too_small',
                'n_cells': n_pop,
                'n_low': n_low,
                'n_high': n_high
            })
            continue

        # Sample_ID composition and imbalance diagnostics within this Population and group
        sample_counts_low = adata.obs.loc[low_mask_pop, 'Sample_ID'].value_counts().sort_index()
        sample_counts_high = adata.obs.loc[high_mask_pop, 'Sample_ID'].value_counts().sort_index()

        frac_max_low = sample_counts_low.max() / sample_counts_low.sum()
        frac_max_high = sample_counts_high.max() / sample_counts_high.sum()
        severe_imbalance = (frac_max_low > 0.9) or (frac_max_high > 0.9)

        # Create grouping variable only for cells in this Population (others left as NaN and excluded)
        group_vals = pd.Series(index=adata.obs.index, data=np.nan, dtype='object')
        group_vals.loc[low_mask_pop] = 'low'
        group_vals.loc[high_mask_pop] = 'high'
        adata.obs['density_resid_group'] = group_vals.astype('category')

        # Subset AnnData to this Population and to low/high groups only
        de_mask = mask_pop & adata.obs['density_resid_group'].isin(['low', 'high'])
        if int(de_mask.sum()) != (n_low + n_high):
            raise RuntimeError(f"DE mask size mismatch in Population {pop}.")

        adata_pop = adata[de_mask].copy()

        # Sanity check: only two groups present
        grp_vals = adata_pop.obs['density_resid_group'].astype(str).unique().tolist()
        if set(grp_vals) != {'low', 'high'}:
            raise RuntimeError(f"Unexpected groups in density_resid_group for Population {pop}: {grp_vals}")

        # Run Wilcoxon DE using scanpy.rank_genes_groups on the population-restricted AnnData
        de_key = 'density_resid_DE'
        sc.tl.rank_genes_groups(
            adata_pop,
            groupby='density_resid_group',
            method='wilcoxon',
            use_raw=False,
            groups=['high'],  # compare high vs low
            reference='low',
            pts=True,
            key_added=de_key
        )

        de_uns = adata_pop.uns[de_key]

        # Extract results for the 'high' group
        gene_names = np.array(de_uns['names']['high']).astype(str)
        pvals = np.array(de_uns['pvals']['high'], dtype=float)
        pvals_adj_scanpy = np.array(de_uns['pvals_adj']['high'], dtype=float)
        scores = np.array(de_uns['scores']['high'], dtype=float)
        logfc = np.array(de_uns.get('logfoldchanges', np.full_like(pvals, np.nan)), dtype=float)

        # Recompute BH FDR for transparency and consistency
        qvals_bh = bh_fdr(pvals)

        de_df = pd.DataFrame({
            'gene': gene_names,
            'score': scores,
            'pval_raw_scanpy': pvals,
            'pval_adj_scanpy': pvals_adj_scanpy,
            'pval_bh_recomputed': qvals_bh,
            'logfoldchange': logfc
        })

        # Sort by recomputed BH FDR and score
        de_df = de_df.sort_values(['pval_bh_recomputed', 'score'], ascending=[True, False]).reset_index(drop=True)
        pop_de_results[pop] = de_df

        # Summarize significance using recomputed BH and an effect size threshold
        sig_mask = de_df['pval_bh_recomputed'] < 0.05
        if not np.isnan(de_df['logfoldchange']).all():
            sig_mask = sig_mask & (np.abs(de_df['logfoldchange']) >= 0.25)

        n_sig = int(sig_mask.sum())
        top_genes = de_df.loc[sig_mask, 'gene'].head(10).tolist()

        pop_de_summaries.append({
            'Population': pop,
            'n_cells_total': n_pop,
            'n_low': n_low,
            'n_high': n_high,
            'resid_q1': float(q1),
            'resid_q3': float(q3),
            'sample_counts_low': ";".join(f"{k}:{v}" for k, v in sample_counts_low.items()),
            'sample_counts_high': ";".join(f"{k}:{v}" for k, v in sample_counts_high.items()),
            'frac_max_low': float(frac_max_low),
            'frac_max_high': float(frac_max_high),
            'severe_sample_imbalance': bool(severe_imbalance),
            'n_sig_genes_FDR_lt_0.05_absLFC_ge_0.25': n_sig,
            'top_sig_genes': ",".join(top_genes)
        })

finally:
    # Clean up the temporary grouping column if it exists
    if 'density_resid_group' in adata.obs.columns:
        del adata.obs['density_resid_group']

# Store full DE and summary tables in adata.uns
adata.uns['density_residual_DE_per_population'] = {str(k): v.to_dict(orient='list') for k, v in pop_de_results.items()}
summary_df = pd.DataFrame(pop_de_summaries)
adata.uns['density_residual_DE_population_summary'] = summary_df
adata.uns['density_residual_DE_skipped_populations'] = pd.DataFrame(skipped_pops)

# Print concise summary
if summary_df.shape[0] == 0:
    print("No populations passed DE eligibility criteria (min_group). Consider lowering min_group or revisiting prioritization.")
else:
    print("Within-population density_residual DE summaries (sorted by number of significant genes):")
    print(summary_df.sort_values('n_sig_genes_FDR_lt_0.05_absLFC_ge_0.25', ascending=False).to_string(index=False))

    if len(skipped_pops) > 0:
        skipped_df = pd.DataFrame(skipped_pops)
        print("\nPopulations skipped for DE and reasons:")
        print(skipped_df.to_string(index=False))


================================================================================
2026-05-17 12:26:57,948 - INFO
================================================================================
RESPONSE/OUTPUT: step_execution_success_3_4

STEP 4 RAN SUCCESSFULLY - Analysis 3


================================================================================
2026-05-17 12:27:17,503 - INFO
================================================================================
RESPONSE/OUTPUT: results_interpretation_3_4

These results strongly support the core hypothesis and give you a rich set of “signal-bearing” populations to carry forward into the next steps.

Key points from this step

1. **Widespread, robust DE signal across populations**
   - Every prioritized population that passed the min_group filter shows **nontrivial numbers of genes** associated with density_residual, often very large:
     - PK: 109 significant genes  
     - PH: 95  
     - PF: 90  
     - PS: 81  
     - PM: 78  
     - …down to PJ: 8 and PY: 5
   - All use **FDR < 0.05 with |logFC| ≥ 0.25**, so these are not tiny, marginal effects.
   - This breadth and magnitude across many independent populations argues strongly against the residual being just noise: it is capturing structured transcriptional differences between low- and high-density microenvironments.

2. **Good Sample_ID balance; low risk of single-sample artifacts**
   - For all populations, `severe_sample_imbalance` is `False`, and `frac_max_low`/`frac_max_high` are mostly ~0.35–0.45.
   - This means **no single sample contributes >90%** of cells in either group; in fact, all three samples are represented.
   - This supports the idea that the detected density_residual programs are not just a single section’s idiosyncrasy and sets you up well for the planned “per-Sample_ID” reproducibility analysis.

3. **Thresholding and group sizes are reasonable**
   - Use of **per-population quartiles** (Q1 and Q3 on density_residual) is sensible and consistent with the hypothesis (low vs high microenvironmental context within each population).
   - Group sizes are large (e.g., thousands of cells per stratum for major populations; even the smallest qualifying groups ~250–600 cells), which stabilizes Wilcoxon tests and effect size estimates.
   - The realized residual thresholds (q1, q3) are close to zero but nicely symmetric within each population, as expected for residuals.

4. **Biologically coherent-looking gene sets**
   - Although gene identities can’t be externally interpreted, some themes are apparent:
     - Many populations show **overlapping “core” genes**: FN1, POSTN, FBLN2/5, IGFBP4/5, CXCL12, HAND1/2, TTN, MYH6/MYH7, TBX3/5, SOX9, HEY2, IRX family, SFRP1, BAMBI, DKK3, etc.
     - These recurrent genes likely represent **shared axes** of remodeling, ECM, patterning, or electrophysiological state that are modulated by microenvironmental density.
     - At the same time, each population also has some **distinct top genes** (e.g., neuro-like genes in PAA: PRPH, NEFL, NSG1; vascular-like genes LYVE1, NRP2 in PY; smooth muscle/contractile markers CNN1, TNNT1 in several), suggesting population-specific manifestations of the density program.
   - The presence of recurring genes across populations is exactly what you’d expect if density_residual taps into **coherent low-dimensional axes** rather than random gene-by-gene fluctuations.

How this informs the hypothesis

- The combination of:
  - Strong within-population DE signal,
  - Good sample balance,
  - Recurring, interpretable sets of genes,
supports the hypothesis that **QC- and Sample_ID-adjusted density residuals stratify cells into microenvironments with distinct transcriptional programs**.
- The next question is now not “is there signal?” but rather:
  - “Is this signal **reproducible across samples** within each population?” and
  - “Does it **align with low-dimensional expression axes** (PCs) rather than being diffuse noise?”

Both of these are exactly what your next planned steps target.

Suggestions for next steps (building directly on these results)

1. **Select “signal-bearing” populations for downstream analyses**
   - You already have a clear criterion: **≥5 genes with FDR<0.05 and |logFC|≥0.25**.
   - By that standard, essentially all populations listed here qualify; you might:
     - Focus first on high-signal groups (e.g., PK, PH, PF, PS, PM, PO, PB) for deeper characterization, and
     - Still run the reproducibility and PCA analyses for the medium/low-signal ones to see whether they show a consistent but smaller effect.

2. **Per-Sample_ID DE and reproducibility (next analysis step)**
   - For each signal-bearing population:
     - Reconstruct low/high density_residual groups **within that population and within each Sample_ID**.
     - Only keep Sample_IDs where both low and high groups have enough cells (you might use a smaller `min_group` per-sample, e.g., 50–100, since you’re just estimating logFCs here, not discovering thousands of genes).
   - Compute:
     - Per-sample logFC (high vs low) for each gene.
     - Per-population reproducibility metrics:
       - **Sign concordance** for each gene across samples,
       - **Spearman correlation** of logFC vectors between each pair of samples, then average or report the minimum.
   - Interpretation:
     - High sign concordance and strong Spearman correlations would validate that the density_residual-associated program is **sample-robust** rather than driven by a particular section.
     - You can also stratify genes into:
       - “Core density program” genes: consistent direction across all samples and significant in the pooled DE.
       - “Context-dependent” density genes: significant in pooled DE but variable direction across samples.

   - Pragmatic detail: You might want to **re-use the same BH FDR filter and |logFC| threshold** when deciding which genes to include in correlation analyses, or at least define a minimal variance filter to avoid including genes with essentially zero change.

3. **PCA and alignment with low-dimensional axes (third analysis step)**

   Implementation details to prioritize:

   - For each signal-bearing population:
     1. Subset to cells in that population.
     2. Restrict expression to the **238-gene panel** (or, even more focused: the union of “density-associated” genes within that population), then run PCA on log1p-transformed values.
     3. Compute Pearson and Spearman correlations between **density_residual** (as continuous) and the **first 10 PCs**.
     4. Apply BH correction across the 10 PCs per population.
     5. For each significant PC, report:
        - Variance explained (e.g., `%var_explained`),
        - Correlation statistics (r, rho, p, q),
        - Top positive and negative loading genes.

   - Interpretation strategy:
     - If 1–2 PCs explain a meaningful fraction of variance and show strong (positive or negative) correlation with density_residual, this directly supports the hypothesis that the density effect lies along **low-dimensional expression axes**.
     - Compare loadings of density-linked PCs with your DE gene lists:
       - Do the **top loading genes** of those PCs overlap heavily with the **top DE genes** between low/high residual groups?
       - Are these PCs recapitulating the same core gene modules repeatedly across different populations (e.g., ECM/remodeling axis, electrophysiology axis)?

   - Extra step to keep analyses distinct from the paper:
     - Rather than stopping at “PC correlated with density,” explicitly **characterize PCs by gene set composition**:
       - Cluster genes by their PC loadings and visualize whether they form coherent modules (e.g., ECM, patterning, ion-channel-like).
       - These modules could later be used to define **scores** (PC-like signatures) that can be compared across populations.

4. **Cross-population comparisons of density programs (optional but powerful)**
   - Using the DE outputs you already have, you can start to:
     - Compute **pairwise correlations of logFC vectors** between populations to see whether some populations share a similar density-linked axis (e.g., PK vs PF vs PH).
     - Identify “global density genes” (significant and consistent direction across many populations) versus “population-specific density genes”.
   - This would go beyond the paper by treating **microenvironment-linked programs as cross-cell-type phenomena** instead of only within-population effects.

5. **Quick QC/sanity checks before proceeding**
   - Inspect a few populations manually (e.g., PK, PF):
     - Check **UMAP or PCA colorings** by density_residual and by low/high group to ensure you aren’t trivially separating technical or batch axes that slipped through.
     - Confirm that QC metrics (UMI count, complexity, purity) are indeed **similar** between low and high groups within each population and sample, reaffirming that the residual is not just re-encoding QC.

Code/analysis considerations

- The DE code is generally solid and careful:
  - Proper population restriction, quartile-based grouping, BH recomputation, and temporary column cleanup.
  - Sample composition is recorded in the summary, which will help you diagnose any future sample-specific oddities.
- For the next steps, try to:
  - Reuse the **same grouping logic** to maintain consistency.
  - Cache group memberships within each `(Population, Sample_ID)` so you can easily iterate per-sample without repeatedly recomputing quartiles.
  - When doing PCA, consider using **only cells from that population** (as planned) and possibly centering genes per-population to avoid cross-pop differences contaminating axes.

In summary, this step strongly validates the presence of non-random, biologically structured density_residual-associated programs across many cardiac populations. The next essential pieces are:
1) demonstrating **per-sample reproducibility of the DE patterns**, and  
2) showing that **density_residual aligns with specific PCs** characterized by coherent gene modules.  
Both will directly test and likely reinforce your overarching hypothesis about low- vs high-density microenvironments and low-dimensional expression axes.


================================================================================
2026-05-17 12:27:45,353 - INFO
================================================================================
RESPONSE/OUTPUT: initial_analysis_3_4

NEXT STEP PLAN - Analysis 3, Step 5: For each Population with at least a modest density-residual signal (e.g., ≥5 genes with FDR<0.05 and |logFC|≥0.25 in adata.uns['density_residual_DE_population_summary']), perform per-Sample_ID differential expression between high- and low-density_residual cells restricted to that Population and Sample_ID (imposing a minimum per-group cell count), then for each Population compute per-gene sign concordance and pairwise Spearman correlations of log fold-changes across samples on the shared gene universe, summarizing per-Population reproducibility metrics and identifying a subset of 'core' density-residual genes that change consistently across all samples.

Code:
```python
import numpy as np
import pandas as pd
from scipy import stats
import scanpy as sc

# Assumptions:
# - adata is already in memory.
# - adata.obs contains: 'Populations', 'Sample_ID', 'density_residual'.
# - adata.uns['density_residual_DE_population_summary'] exists from the previous DE step.
# - adata.uns['density_residual_DE_per_population'] exists and stores per-Population DE tables
#   as dicts of lists (one dict per population) with at least 'gene' and 'logfoldchange' keys.

# Basic checks
required_obs = ['Populations', 'Sample_ID', 'density_residual']
missing_obs = [c for c in required_obs if c not in adata.obs.columns]
if missing_obs:
    raise ValueError(f"Missing required columns in adata.obs: {missing_obs}")

if 'density_residual_DE_population_summary' not in adata.uns:
    raise ValueError("Expected adata.uns['density_residual_DE_population_summary'] from prior DE step.")
if 'density_residual_DE_per_population' not in adata.uns:
    raise ValueError("Expected adata.uns['density_residual_DE_per_population'] with per-population DE tables.")

pop_summary = pd.DataFrame(adata.uns['density_residual_DE_population_summary'])

# Identify signal-bearing Populations by the same criterion used previously
sig_col = 'n_sig_genes_FDR_lt_0.05_absLFC_ge_0.25'
if sig_col not in pop_summary.columns:
    raise ValueError(f"Column '{sig_col}' not found in density_residual_DE_population_summary.")

signal_pops = pop_summary.loc[pop_summary[sig_col] >= 5, 'Population'].astype(str).tolist()
if len(signal_pops) == 0:
    raise RuntimeError("No signal-bearing populations (>=5 significant genes) found.")

print("Signal-bearing Populations for per-sample reproducibility analysis:")
print(", ".join(signal_pops))

# Helper: simple BH FDR

def bh_fdr(pvals: np.ndarray) -> np.ndarray:
    pvals = np.asarray(pvals, dtype=float)
    n = pvals.size
    order = np.argsort(pvals)
    ranked = pvals[order]
    qvals = np.empty(n, dtype=float)
    prev_q = 1.0
    for i in range(n - 1, -1, -1):
        rank = i + 1
        q = ranked[i] * n / rank
        if q > prev_q:
            q = prev_q
        prev_q = q
        qvals[i] = q
    out = np.empty(n, dtype=float)
    out[order] = qvals
    return out

# Parameters
min_group_per_sample = 50  # minimum cells per low/high group within a (Population, Sample_ID)

# Container for per-population reproducibility summaries
repro_summaries = []
per_pop_logfc = {}  # nested dict: {Population: DataFrame genes x Sample_ID logFC}

# To keep grouping consistent with the pooled DE step, we need per-Population Q1/Q3
# from the previous summary or recompute them.
resid = adata.obs['density_residual'].astype(float)
pop_all = adata.obs['Populations'].astype(str)

# Precompute per-Population quartiles on density_residual (using all cells with residuals)
q1_dict = {}
q3_dict = {}
mask_resid = resi d.notna()
for p, vals in resi d[mask_resid].groupby(pop_all[mask_resid]):
    v = vals.values
    q1, q3 = np.quantile(v, [0.25, 0.75])
    q1_dict[p] = float(q1)
    q3_dict[p] = float(q3)

# Iterate over signal-bearing Populations
for pop in signal_pops:
    pop_mask = (pop_all == pop) & resi d.notna()
    if pop not in q1_dict or pop not in q3_dict:
        print(f"Skipping Population {pop}: missing residual quartiles.")
        continue

    q1 = q1_dict[pop]
    q3 = q3_dict[pop]

    # Define low/high groups globally within this Population (as in pooled DE)
    low_mask_pop = pop_mask & (resi d <= q1)
    high_mask_pop = pop_mask & (resi d >= q3)

    if low_mask_pop.sum() == 0 or high_mask_pop.sum() == 0:
        print(f"Skipping Population {pop}: no cells in one of the residual groups.")
        continue

    # Extract full gene list from the global DE table so we have a shared universe
    de_dict = adata.uns['density_residual_DE_per_population'].get(str(pop))
    if de_dict is None:
        print(f"Skipping Population {pop}: no DE table found in density_residual_DE_per_population.")
        continue
    de_df_pop = pd.DataFrame(de_dict)
    if 'gene' not in de_df_pop.columns:
        raise ValueError(f"DE table for Population {pop} lacks 'gene' column.")
    genes = de_df_pop['gene'].astype(str).values

    # Prepare a matrix of logFC values: rows=genes, cols=Sample_IDs with usable data
    logfc_mat = pd.DataFrame(index=genes, dtype=float)

    # Iterate over Sample_IDs within this Population
    samples_in_pop = adata.obs.loc[pop_mask, 'Sample_ID'].astype(str).unique().tolist()

    for sid in samples_in_pop:
        mask_sid = (adata.obs['Sample_ID'].astype(str) == sid) & pop_mask
        low_sid = mask_sid & low_mask_pop
        high_sid = mask_sid & high_mask_pop
        n_low_sid = int(low_sid.sum())
        n_high_sid = int(high_sid.sum())

        if n_low_sid < min_group_per_sample or n_high_sid < min_group_per_sample:
            # Not enough cells in both groups for this Sample_ID; skip
            continue

        # Subset AnnData to this (Population, Sample_ID) and low/high groups
        group_vals = pd.Series(index=adata.obs.index, data=np.nan, dtype='object')
        group_vals.loc[low_sid] = 'low'
        group_vals.loc[high_sid] = 'high'
        adata.obs['density_resid_group_tmp'] = group_vals.astype('category')

        de_mask = mask_sid & adata.obs['density_resid_group_tmp'].isin(['low', 'high'])
        if int(de_mask.sum()) != (n_low_sid + n_high_sid):
            raise RuntimeError(f"Mask mismatch in Population {pop}, Sample_ID {sid}.")

        adata_sub = adata[de_mask].copy()
        grp_vals = adata_sub.obs['density_resid_group_tmp'].astype(str).unique().tolist()
        if set(grp_vals) != {'low', 'high'}:
            raise RuntimeError(f"Unexpected groups in Population {pop}, Sample_ID {sid}: {grp_vals}")

        # Run Wilcoxon DE for this (Population, Sample_ID)
        de_key_sid = 'density_resid_DE_tmp'
        sc.tl.rank_genes_groups(
            adata_sub,
            groupby='density_resid_group_tmp',
            method='wilcoxon',
            use_raw=False,
            groups=['high'],
            reference='low',
            pts=False,
            key_added=de_key_sid
        )

        de_uns_sid = adata_sub.uns[de_key_sid]
        genes_sid = np.array(de_uns_sid['names']['high']).astype(str)
        # logfoldchanges may or may not be present depending on Scanpy version
        if 'logfoldchanges' in de_uns_sid:
            logfc_sid = np.array(de_uns_sid['logfoldchanges']['high'], dtype=float)
        else:
            # approximate logFC by difference in means (log1p expression) if absent
            # This keeps everything internal to the data, no external dependencies.
            low_cells = adata_sub.obs['density_resid_group_tmp'] == 'low'
            high_cells = adata_sub.obs['density_resid_group_tmp'] == 'high'
            X = adata_sub.X
            if not isinstance(X, np.ndarray):
                X = X.toarray()
            mean_low = X[low_cells, :].mean(axis=0)
            mean_high = X[high_cells, :].mean(axis=0)
            # Map these to gene order via adata_sub.var_names
            gene_to_idx = {g: i for i, g in enumerate(adata_sub.var_names.astype(str))}
            logfc_sid = np.zeros_like(genes_sid, dtype=float)
            for i, g in enumerate(genes_sid):
                idx_g = gene_to_idx.get(g, None)
                if idx_g is None:
                    logfc_sid[i] = np.nan
                else:
                    logfc_sid[i] = float(mean_high[idx_g] - mean_low[idx_g])

        # Align this sample's logFCs to the global gene universe
        sid_series = pd.Series(index=genes_sid, data=logfc_sid)
        sid_series = sid_series.reindex(genes)  # align to full gene list, may introduce NaNs
        logfc_mat[sid] = sid_series.values

        # Clean up temporary grouping column in the view's parent
        del adata.obs['density_resid_group_tmp']

    # If fewer than 2 samples with usable groups, we cannot compute reproducibility
    usable_samples = [c for c in logfc_mat.columns if logfc_mat[c].notna().sum() > 0]
    if len(usable_samples) < 2:
        print(f"Population {pop}: fewer than 2 samples with sufficient low/high groups; skipping reproducibility metrics.")
        continue

    # Restrict to genes with at least some non-NaN variation across usable samples
    logfc_sub = logfc_mat[usable_samples]
    var_mask = logfc_sub.var(axis=1, skipna=True) > 0
    logfc_sub = logfc_sub.loc[var_mask]

    if logfc_sub.shape[0] == 0:
        print(f"Population {pop}: no variable genes across samples; skipping.")
        continue

    # Compute pairwise Spearman correlations of logFC between samples
    sample_pairs = []
    spearman_rs = []

    for i in range(len(usable_samples)):
        for j in range(i + 1, len(usable_samples)):
            s1 = usable_samples[i]
            s2 = usable_samples[j]
            v1 = logfc_sub[s1].values
            v2 = logfc_sub[s2].values
            # Restrict to genes with finite values in both samples
            mask_finite = np.isfinite(v1) & np.isfinite(v2)
            if mask_finite.sum() < 3:
                continue
            r, p = stats.spearmanr(v1[mask_finite], v2[mask_finite])
            sample_pairs.append(f"{s1} vs {s2}")
            spearman_rs.append((r, p, int(mask_finite.sum())))

    # Compute sign concordance across samples for each gene
    # We'll use only genes with at least two non-NaN logFCs
    valid_counts = logfc_sub.notna().sum(axis=1)
    multi_sample_genes = logfc_sub.index[valid_counts >= 2]
    logfc_multi = logfc_sub.loc[multi_sample_genes]

    # For each gene, sign concordance is max fraction of samples sharing the same non-zero sign
    sign_concordance = []
    for g, row in logfc_multi.iterrows():
        vals = row.values.astype(float)
        vals = vals[np.isfinite(vals)]
        signs = np.sign(vals)
        # ignore exact zeros
        nonzero = signs != 0
        if nonzero.sum() == 0:
            sign_concordance.append(np.nan)
            continue
        signs_nz = signs[nonzero]
        # proportion of the majority sign among non-zero entries
        pos_frac = (signs_nz > 0).sum() / signs_nz.size
        neg_frac = (signs_nz < 0).sum() / signs_nz.size
        sign_concordance.append(max(pos_frac, neg_frac))

    sign_concordance = np.array(sign_concordance, dtype=float)

    # Summaries
    mean_sign_conc = float(np.nanmean(sign_concordance)) if np.isfinite(sign_concordance).any() else np.nan
    median_sign_conc = float(np.nanmedian(sign_concordance)) if np.isfinite(sign_concordance).any() else np.nan

    # Identify 'core' density-residual genes: consistent direction across all usable samples and significant in pooled DE
    de_df_pop = de_df_pop.set_index('gene')
    # Use pooled DE significance mask from previous step
    if 'pval_bh_recomputed' in de_df_pop.columns and 'logfoldchange' in de_df_pop.columns:
        sig_mask_pooled = (de_df_pop['pval_bh_recomputed'] < 0.05) & (np.abs(de_df_pop['logfoldchange']) >= 0.25)
    else:
        sig_mask_pooled = pd.Series(False, index=de_df_pop.index)

    core_genes = []
    for g in multi_sample_genes:
        if not sig_mask_pooled.get(g, False):
            continue
        vals = logfc_sub.loc[g, usable_samples].values.astype(float)
        vals = vals[np.isfinite(vals)]
        if vals.size < len(usable_samples):
            # require non-NaN in all usable samples to call "core"
            continue
        signs = np.sign(vals)
        nonzero = signs != 0
        if nonzero.sum() == 0:
            continue
        # check if all non-zero signs are the same
        if (signs[nonzero] > 0).all() or (signs[nonzero] < 0).all():
            core_genes.append(g)

    per_pop_logfc[pop] = logfc_sub

    repro_summaries.append({
        'Population': pop,
        'n_genes_used_for_repro': int(logfc_sub.shape[0]),
        'usable_samples': ",".join(usable_samples),
        'n_usable_samples': len(usable_samples),
        'mean_sign_concordance_across_genes': mean_sign_conc,
        'median_sign_concordance_across_genes': median_sign_conc,
        'n_core_density_residual_genes': len(core_genes),
        'core_density_residual_genes': ",".join(core_genes)
    })

    print(f"Population {pop}: n_usable_samples={len(usable_samples)}, "
          f"n_genes_used={logfc_sub.shape[0]}, mean_sign_concordance={mean_sign_conc:.3f}, "
          f"n_core_genes={len(core_genes)}")

    if sample_pairs:
        print("  Pairwise Spearman correlations of logFC across samples (r, p, n_genes):")
        for (pair, (r, p, n_g)) in zip(sample_pairs, spearman_rs):
            print(f"    {pair}: r={r:.3f}, p={p:.2e}, n_genes={n_g}")
    else:
        print("  No sample pairs with enough overlapping genes for correlation.")

# Store results in adata.uns
adata.uns['density_residual_per_sample_logFC'] = {pop: df.to_dict(orient='list') for pop, df in per_pop_logfc.items()}
repro_df = pd.DataFrame(repro_summaries)
adata.uns['density_residual_per_sample_reproducibility'] = repro_df

print("\nPer-Population density_residual per-sample reproducibility summary (sorted by n_core_density_residual_genes):")
if not repro_df.empty:
    print(repro_df.sort_values('n_core_density_residual_genes', ascending=False).to_string(index=False))
else:
    print("No populations had sufficient per-sample data to compute reproducibility metrics.")

```


================================================================================
2026-05-17 12:28:43,834 - INFO
================================================================================
RESPONSE/OUTPUT: self_critique_3_4

APPLIED SELF-CRITIQUE - Analysis 3, Step 5


================================================================================
2026-05-17 12:28:43,835 - INFO
================================================================================
RESPONSE/OUTPUT: revised_analysis_3_4

Revised Hypothesis: Within cardiac populations that show strong density_residual-associated differential expression, the same genes and low-dimensional expression axes reproducibly track local density residuals across individual heart samples, indicating stable microenvironmental programs rather than sample-specific artifacts.

Revised Analysis Plan:
1. For each Population with at least a modest density-residual signal (e.g., ≥5 genes with FDR<0.05 and |logFC|≥0.25 in adata.uns['density_residual_DE_population_summary']), perform per-Sample_ID differential expression between high- and low-density_residual cells restricted to that Population and Sample_ID (imposing a minimum per-group cell count), then for each Population compute per-gene sign concordance and pairwise Spearman correlations of log fold-changes across samples on the shared gene universe, summarizing per-Population reproducibility metrics and identifying a subset of 'core' density-residual genes that change consistently across all samples.
2. Within the same signal-bearing Populations, perform PCA on log1p-transformed expression of the 238 assayed genes using all cells in the Population, then correlate density_residual with the first 10 principal components (Pearson and Spearman), apply Benjamini–Hochberg correction across PCs per Population, and for PCs significantly associated with density_residual, report variance explained, correlation statistics, and top-loading genes; finally, quantify overlap between these PC loadings and the previously identified density-residual DE genes to demonstrate that density-residual variation aligns with coherent, low-dimensional transcriptional axes.

Revised Code:
import numpy as np
import pandas as pd
from scipy import stats
import scanpy as sc

# Assumptions:
# - adata is already in memory.
# - adata.obs contains: 'Populations', 'Sample_ID', 'density_residual'.
# - adata.uns['density_residual_DE_population_summary'] exists from the previous DE step.
# - adata.uns['density_residual_DE_per_population'] exists and stores per-Population DE tables
#   as dicts of lists (one dict per population) with at least 'gene' and 'logfoldchange' keys.

# Basic checks
required_obs = ['Populations', 'Sample_ID', 'density_residual']
missing_obs = [c for c in required_obs if c not in adata.obs.columns]
if missing_obs:
    raise ValueError(f"Missing required columns in adata.obs: {missing_obs}")

if 'density_residual_DE_population_summary' not in adata.uns:
    raise ValueError("Expected adata.uns['density_residual_DE_population_summary'] from prior DE step.")
if 'density_residual_DE_per_population' not in adata.uns:
    raise ValueError("Expected adata.uns['density_residual_DE_per_population'] with per-population DE tables.")

pop_summary = pd.DataFrame(adata.uns['density_residual_DE_population_summary'])

# Identify signal-bearing Populations by the same criterion used previously
sig_col = 'n_sig_genes_FDR_lt_0.05_absLFC_ge_0.25'
if sig_col not in pop_summary.columns:
    raise ValueError(f"Column '{sig_col}' not found in density_residual_DE_population_summary.")

signal_pops = pop_summary.loc[pop_summary[sig_col] >= 5, 'Population'].astype(str).tolist()
if len(signal_pops) == 0:
    raise RuntimeError("No signal-bearing populations (>=5 significant genes) found.")

print("Signal-bearing Populations for per-sample reproducibility analysis:")
print(", ".join(signal_pops))

# Helper: simple BH FDR

def bh_fdr(pvals: np.ndarray) -> np.ndarray:
    pvals = np.asarray(pvals, dtype=float)
    n = pvals.size
    order = np.argsort(pvals)
    ranked = pvals[order]
    qvals = np.empty(n, dtype=float)
    prev_q = 1.0
    for i in range(n - 1, -1, -1):
        rank = i + 1
        q = ranked[i] * n / rank
        if q > prev_q:
            q = prev_q
        prev_q = q
        qvals[i] = q
    out = np.empty(n, dtype=float)
    out[order] = qvals
    return out

# Parameters
min_group_per_sample = 50  # minimum cells per low/high group within a (Population, Sample_ID)

# Container for per-population reproducibility summaries
repro_summaries = []
per_pop_logfc = {}  # nested dict: {Population: DataFrame genes x Sample_ID logFC}

# To keep grouping consistent with the pooled DE step, we need per-Population Q1/Q3
# from the previous summary or recompute them.
resid = adata.obs['density_residual'].astype(float)
pop_all = adata.obs['Populations'].astype(str)

# Precompute per-Population quartiles on density_residual (using all cells with residuals)
q1_dict = {}
q3_dict = {}
mask_resid = resid.notna()
for p, vals in resid[mask_resid].groupby(pop_all[mask_resid]):
    v = vals.values
    q1, q3 = np.quantile(v, [0.25, 0.75])
    q1_dict[p] = float(q1)
    q3_dict[p] = float(q3)

# Iterate over signal-bearing Populations
for pop in signal_pops:
    pop_mask = (pop_all == pop) & resid.notna()
    if pop not in q1_dict or pop not in q3_dict:
        print(f"Skipping Population {pop}: missing residual quartiles.")
        continue

    q1 = q1_dict[pop]
    q3 = q3_dict[pop]

    # Define low/high groups globally within this Population (as in pooled DE)
    low_mask_pop = pop_mask & (resid <= q1)
    high_mask_pop = pop_mask & (resid >= q3)

    if low_mask_pop.sum() == 0 or high_mask_pop.sum() == 0:
        print(f"Skipping Population {pop}: no cells in one of the residual groups.")
        continue

    # Extract full gene list from the global DE table so we have a shared universe
    de_dict = adata.uns['density_residual_DE_per_population'].get(str(pop))
    if de_dict is None:
        print(f"Skipping Population {pop}: no DE table found in density_residual_DE_per_population.")
        continue
    de_df_pop = pd.DataFrame(de_dict)
    if 'gene' not in de_df_pop.columns:
        raise ValueError(f"DE table for Population {pop} lacks 'gene' column.")
    genes = de_df_pop['gene'].astype(str).values

    # Prepare a matrix of logFC values: rows=genes, cols=Sample_IDs with usable data
    logfc_mat = pd.DataFrame(index=genes, dtype=float)

    # Iterate over Sample_IDs within this Population
    samples_in_pop = adata.obs.loc[pop_mask, 'Sample_ID'].astype(str).unique().tolist()

    for sid in samples_in_pop:
        # We use a try/finally to ensure temporary columns are always cleaned up
        try:
            mask_sid = (adata.obs['Sample_ID'].astype(str) == sid) & pop_mask
            low_sid = mask_sid & low_mask_pop
            high_sid = mask_sid & high_mask_pop
            n_low_sid = int(low_sid.sum())
            n_high_sid = int(high_sid.sum())

            if n_low_sid < min_group_per_sample or n_high_sid < min_group_per_sample:
                # Not enough cells in both groups for this Sample_ID; skip
                continue

            # Subset AnnData to this (Population, Sample_ID) and low/high groups
            group_vals = pd.Series(index=adata.obs.index, data=np.nan, dtype='object')
            group_vals.loc[low_sid] = 'low'
            group_vals.loc[high_sid] = 'high'
            adata.obs['density_resid_group_tmp'] = group_vals.astype('category')

            de_mask = mask_sid & adata.obs['density_resid_group_tmp'].isin(['low', 'high'])
            if int(de_mask.sum()) != (n_low_sid + n_high_sid):
                raise RuntimeError(f"Mask mismatch in Population {pop}, Sample_ID {sid}.")

            adata_sub = adata[de_mask].copy()
            grp_vals = adata_sub.obs['density_resid_group_tmp'].astype(str).unique().tolist()
            if set(grp_vals) != {'low', 'high'}:
                raise RuntimeError(f"Unexpected groups in Population {pop}, Sample_ID {sid}: {grp_vals}")

            # Run Wilcoxon DE for this (Population, Sample_ID)
            de_key_sid = 'density_resid_DE_tmp'
            sc.tl.rank_genes_groups(
                adata_sub,
                groupby='density_resid_group_tmp',
                method='wilcoxon',
                use_raw=False,
                groups=['high'],
                reference='low',
                pts=False,
                key_added=de_key_sid
            )

            de_uns_sid = adata_sub.uns[de_key_sid]
            genes_sid = np.array(de_uns_sid['names']['high']).astype(str)
            # logfoldchanges may or may not be present depending on Scanpy version
            if 'logfoldchanges' in de_uns_sid:
                logfc_sid = np.array(de_uns_sid['logfoldchanges']['high'], dtype=float)
            else:
                # approximate logFC by difference in means (log1p expression) if absent
                low_cells = adata_sub.obs['density_resid_group_tmp'] == 'low'
                high_cells = adata_sub.obs['density_resid_group_tmp'] == 'high'
                X = adata_sub.X
                if not isinstance(X, np.ndarray):
                    X = X.toarray()
                mean_low = X[low_cells, :].mean(axis=0)
                mean_high = X[high_cells, :].mean(axis=0)
                gene_to_idx = {g: i for i, g in enumerate(adata_sub.var_names.astype(str))}
                logfc_sid = np.zeros_like(genes_sid, dtype=float)
                for i, g in enumerate(genes_sid):
                    idx_g = gene_to_idx.get(g, None)
                    if idx_g is None:
                        logfc_sid[i] = np.nan
                    else:
                        logfc_sid[i] = float(mean_high[idx_g] - mean_low[idx_g])

            # Align this sample's logFCs to the global gene universe
            sid_series = pd.Series(index=genes_sid, data=logfc_sid)
            sid_series = sid_series.reindex(genes)  # align to full gene list, may introduce NaNs
            logfc_mat[sid] = sid_series.values

        finally:
            # Clean up temporary grouping column in the parent AnnData if present
            if 'density_resid_group_tmp' in adata.obs.columns:
                del adata.obs['density_resid_group_tmp']

    # If fewer than 2 samples with usable groups, we cannot compute reproducibility
    usable_samples = [c for c in logfc_mat.columns if logfc_mat[c].notna().sum() > 0]
    if len(usable_samples) < 2:
        print(f"Population {pop}: fewer than 2 samples with sufficient low/high groups; skipping reproducibility metrics.")
        continue

    # Restrict to genes with at least some non-NaN variation across usable samples
    logfc_sub = logfc_mat[usable_samples]
    var_mask = logfc_sub.var(axis=1, skipna=True) > 0
    logfc_sub = logfc_sub.loc[var_mask]

    if logfc_sub.shape[0] == 0:
        print(f"Population {pop}: no variable genes across samples; skipping.")
        continue

    # Compute pairwise Spearman correlations of logFC between samples
    sample_pairs = []
    spearman_rs = []

    for i in range(len(usable_samples)):
        for j in range(i + 1, len(usable_samples)):
            s1 = usable_samples[i]
            s2 = usable_samples[j]
            v1 = logfc_sub[s1].values
            v2 = logfc_sub[s2].values
            # Restrict to genes with finite values in both samples
            mask_finite = np.isfinite(v1) & np.isfinite(v2)
            n_genes_pair = int(mask_finite.sum())
            if n_genes_pair < 3:
                continue
            r, p = stats.spearmanr(v1[mask_finite], v2[mask_finite])
            sample_pairs.append(f"{s1} vs {s2}")
            spearman_rs.append((r, p, n_genes_pair))

    # Compute sign concordance across samples for each gene
    # We'll use only genes with at least two non-NaN logFCs
    valid_counts = logfc_sub.notna().sum(axis=1)
    multi_sample_genes = logfc_sub.index[valid_counts >= 2]
    logfc_multi = logfc_sub.loc[multi_sample_genes]

    # For each gene, sign concordance is max fraction of samples sharing the same non-zero sign
    sign_concordance = []
    for g, row in logfc_multi.iterrows():
        vals = row.values.astype(float)
        vals = vals[np.isfinite(vals)]
        signs = np.sign(vals)
        # ignore exact zeros
        nonzero = signs != 0
        if nonzero.sum() == 0:
            sign_concordance.append(np.nan)
            continue
        signs_nz = signs[nonzero]
        pos_frac = (signs_nz > 0).sum() / signs_nz.size
        neg_frac = (signs_nz < 0).sum() / signs_nz.size
        sign_concordance.append(max(pos_frac, neg_frac))

    sign_concordance = np.array(sign_concordance, dtype=float)

    # Summaries (emphasizing distributions, not only means)
    mean_sign_conc = float(np.nanmean(sign_concordance)) if np.isfinite(sign_concordance).any() else np.nan
    median_sign_conc = float(np.nanmedian(sign_concordance)) if np.isfinite(sign_concordance).any() else np.nan

    # Identify 'core' density-residual genes per Population:
    # (i) significant with |logFC|>=0.25 in pooled DE for that Population and
    # (ii) consistent direction and non-missing logFC in all usable samples.
    de_df_pop = de_df_pop.set_index('gene')
    if 'pval_bh_recomputed' in de_df_pop.columns and 'logfoldchange' in de_df_pop.columns:
        sig_mask_pooled = (de_df_pop['pval_bh_recomputed'] < 0.05) & (np.abs(de_df_pop['logfoldchange']) >= 0.25)
    else:
        sig_mask_pooled = pd.Series(False, index=de_df_pop.index)

    core_genes = []
    for g in multi_sample_genes:
        if not sig_mask_pooled.get(g, False):
            continue
        vals = logfc_sub.loc[g, usable_samples].values.astype(float)
        vals = vals[np.isfinite(vals)]
        if vals.size < len(usable_samples):
            # require non-NaN in all usable samples to call "core"
            continue
        signs = np.sign(vals)
        nonzero = signs != 0
        if nonzero.sum() == 0:
            continue
        if (signs[nonzero] > 0).all() or (signs[nonzero] < 0).all():
            core_genes.append(g)

    per_pop_logfc[pop] = logfc_sub

    repro_summaries.append({
        'Population': pop,
        'n_genes_used_for_repro': int(logfc_sub.shape[0]),
        'usable_samples': ",".join(usable_samples),
        'n_usable_samples': len(usable_samples),
        'mean_sign_concordance_across_genes': mean_sign_conc,
        'median_sign_concordance_across_genes': median_sign_conc,
        'n_core_density_residual_genes': len(core_genes),
        'core_density_residual_genes': ",".join(core_genes),
        'n_sample_pairs': len(sample_pairs)
    })

    print(f"Population {pop}: n_usable_samples={len(usable_samples)}, "
          f"n_genes_used={logfc_sub.shape[0]}, mean_sign_concordance={mean_sign_conc:.3f}, "
          f"median_sign_concordance={median_sign_conc:.3f}, n_core_genes={len(core_genes)}")

    if sample_pairs:
        print("  Pairwise Spearman correlations of logFC across samples (r, p, n_genes):")
        for (pair, (r, p, n_g)) in zip(sample_pairs, spearman_rs):
            corr_flag = " (few_genes)" if n_g < 10 else ""
            print(f"    {pair}: r={r:.3f}, p={p:.2e}, n_genes={n_g}{corr_flag}")
    else:
        print("  No sample pairs with enough overlapping genes for correlation.")

# Store results in adata.uns, using string Population keys for consistency
adata.uns['density_residual_per_sample_logFC'] = {str(pop): df.to_dict(orient='list') for pop, df in per_pop_logfc.items()}
repro_df = pd.DataFrame(repro_summaries)
adata.uns['density_residual_per_sample_reproducibility'] = repro_df

print("\nPer-Population density_residual per-sample reproducibility summary (sorted by n_core_density_residual_genes):")
if not repro_df.empty:
    print(repro_df.sort_values('n_core_density_residual_genes', ascending=False).to_string(index=False))
else:
    print("No populations had sufficient per-sample data to compute reproducibility metrics.")



================================================================================
2026-05-17 12:28:51,004 - INFO
================================================================================
RESPONSE/OUTPUT: step_execution_success_3_5

STEP 5 RAN SUCCESSFULLY - Analysis 3


================================================================================
2026-05-17 12:29:16,361 - INFO
================================================================================
RESPONSE/OUTPUT: results_interpretation_3_5

These results give strong support to your hypothesis that density_residual captures stable, reproducible microenvironmental programs within many cardiac populations, rather than sample‑idiosyncratic artifacts.

Key points and how I’d leverage them:

1. **Widespread cross‑sample reproducibility within populations**

   - For all 26 signal‑bearing populations (PA–PZ), you could compute reproducibility; each has:
     - A shared 238‑gene universe.
     - 2–3 usable samples per population (mostly 3).
     - Nontrivial numbers of “core” genes with consistent direction across samples: from 5 (PJ, PY) up to 103 (PK), with many populations in the 30–80 range.
   - **Sign concordance**:
     - Mean sign concordance across genes is high in almost all populations (∼0.76–0.88), with medians often = 1.0, meaning that for a typical gene, the majority (and often all) samples agree on whether high density_residual is up‑ or down‑regulated.
   - **Pairwise Spearman correlations of logFC**:
     - Many populations (e.g., PB, PC, PE, PG, PH, PK, PL, PM, PO, PS) show moderate to strong positive correlations (r ≈ 0.4–0.7, p ≪ 10⁻⁸) across all sample pairs, indicating highly similar per‑gene effect patterns.
     - Some populations have more heterogeneous correlations (e.g., PD, PF, PI, PN, PP, PQ, PR, PT, PU, PV, PX), where one sample pair is strongly correlated and another is weak or near zero. This likely reflects sample‑specific modulation of an underlying program rather than complete absence of a shared signal.

   Collectively this is very consistent with **stable density_residual‑linked programs that reappear in each heart sample, particularly in a subset of populations** (see below), thus supporting the hypothesis.

2. **Populations with the clearest, most robust density_residual programs**

   Based on high mean/median sign concordance, many core genes, and strong cross‑sample Spearman r, the strongest candidates are:

   - **PK**: 103 core genes, mean sign conc 0.884, r ≈ 0.70–0.73 for all 3 pairwise comparisons.
   - **PH**: 87 core genes, mean 0.849, r ≈ 0.48–0.58 across pairs.
   - **PM**: 76 core genes, mean 0.877, r ≈ 0.62–0.72.
   - **PS**: 76 core genes, mean 0.866, r ≈ 0.45–0.69.
   - **PB, PC, PE, PG, PL, PO, PQ, PZ** also have sizable core‑gene sets (40–70) with robust positive r in most sample pairs.

   These are prime targets for the next PCA / low‑dimensional axis analysis: they give you the best shot at demonstrating that density_residual aligns with coherent expression axes that are **stable across samples**.

3. **Populations with weaker or more sample‑heterogeneous reproducibility**

   - Populations like **PA, PJ, PT, PN, PU, PV, PX, PY** have:
     - Smaller core sets (5–25 genes).
     - Often weaker or inconsistent sample‑pair correlations (some r ≈ 0.05–0.2, occasionally nonsignificant).
   - Yet, even these still show mean sign concordance ≈ 0.76–0.80, and they passed the initial “≥5 DE genes” criterion. This suggests:
     - There is some shared directionality across samples, but either:
       - The effect magnitudes differ substantially by sample, or
       - Different subsets of the 238‑gene panel participate in density_residual variation in different hearts.

   These populations are suitable for **secondary analyses**: you can still examine whether a small, robust axis exists, but might want to interpret them as “more context‑dependent” microenvironmental programs.

4. **Biological signal in shared core genes**

   You now have, per population, explicit lists of core density_residual genes. Without external annotation, you still see **recurring themes across populations**:

   - Many core lists repeatedly contain:
     - Putative ECM/fibrosis/mesenchyme markers (e.g., FN1, POSTN, COL14A1, COL15A1, VCAN, DCN, FMOD, TNC, ASPN, SPON2).
     - Vascular / endothelial‑like markers (e.g., PECAM1, KDR/VEGFR proxies if present, NOS3, KCNJ8, ABCC9, PDGFRB, RGS5, CLDN5).
     - Contractile/myocyte associated genes (MYH6, MYH7, TTN, PLN, CASQ2, RYR2, SCN5A, CACNA1C).
     - Developmental/regulatory factors (HAND2, NKX2‑5, TBX3, TBX5, IRX family, OSR1, NOTCH1, HEY1/2, SOX9).
     - Secreted/signaling modulators and patterning genes (SFRP1, DKK3, BMP2, INHBA, IGFBP4/5, ADM, ANGPT1, NRP1/2, SEMA6D, RSPO3, JAG1).

   The widespread recurrence of these same genes as core density_residual responders in multiple distinct populations is a strong indication that:
   - The **same biological modules (ECM remodeling, vascularization, developmental signaling)** are being tuned with local density_residual in multiple cell types.
   - These modules have consistent directionality (e.g., POSTN, FN1, SFRP1, PDGFRB, IGFBP5 repeatedly up or down with high density_residual within many populations across hearts).

   This is exactly the pattern you’d expect if density_residual captures persistent microenvironmental niches (e.g., perivascular regions, border zones, compact vs trabecular myocardium) rather than technical or sample‑specific noise.

5. **How this informs and strengthens the upcoming PCA / axis analysis**

   The next step in your plan is to perform **PCA per Population** (on the 238 genes), and then:

   - Correlate density_residual with the first 10 PCs (Pearson, Spearman).
   - BH‑correct p‑values per Population.
   - For PCs significantly associated with density_residual:
     - Record variance explained and correlation strength.
     - Extract top loading genes and compare with DE/core genes.

   Given these reproducibility results, you should:

   **a. Prioritize high‑reproducibility populations for the core “axis” story**
   - Start with: **PK, PH, PM, PS, PB, PC, PE, PG, PL, PO, PQ, PZ**.
   - For each, look for PCs with |r| to density_residual > ~0.3–0.4 and FDR < 0.05.
   - Assess whether:
     - The loading vectors of those PCs are enriched for the population’s **core_density_residual_genes**.
     - The sign of loadings for those genes matches the sign of pooled logFC and per‑sample logFC.

   A good outcome would be: “In PK, PC1 explains ~X% of variance, correlates r ≈ 0.5 with density_residual, and its top 30 positive loadings are strongly enriched for the 103 core genes; the same directionality holds per sample.”

   **b. Explicitly quantify overlap between core genes and PC loadings**
   - For each Population and density_residual‑associated PC:
     - Rank genes by absolute loading.
     - Compute:
       - Fraction of top‑N loading genes (e.g., top 30–50) that are in the core gene set.
       - Enrichment P‑values via Fisher’s exact test, using the 238‑gene panel as background.
     - Optionally, compute correlation between per‑gene PC loadings and pooled logFC values.

   If you see consistent enrichment and positive correlation across many populations, that is strong evidence that **the differential expression is concentrated along a low‑dimensional axis** rather than scattered, again supporting the hypothesis.

   **c. Assess cross‑sample reproducibility of the PC–density_residual axis itself**
   - For each Population with 3 samples, you can:
     - Compute PCA on all cells pooled, then:
       - For each sample separately, correlate density_residual with the same PC scores (restricting to cells from that sample).
       - Check whether the sign and magnitude of PC–density_residual correlations are consistent across samples.
     - Alternatively, do PCA separately per sample and compare:
       - Gene loading vectors for PCs that correlate with density_residual in each sample.
       - Overlap with the global core gene set.
   - This analysis would go beyond per‑gene logFC reproducibility to show that **the global density_residual direction in expression space is preserved** across hearts.

6. **Ideas for additional downstream / visualization analyses distinct from the paper**

   To keep distinct from the original study and from your past analyses, you can build on this reproducibility step as follows:

   - **Meta‑program identification across populations**:
     - Using all population‑specific PC loadings or core gene sets, cluster populations based on:
       - Binary vectors (core gene present/absent).
       - Or continuous summaries (mean logFC of each gene across samples).
     - Ask whether populations that share similar density_residual programs also share spatial patterns (e.g., co‑occupy particular anatomical regions or layers).
   - **Sample‑specific modulation of shared programs**:
     - For populations with asymmetric correlations (e.g., PD, PF, PI, PN, PR), inspect whether one heart (e.g., R77_4C4 vs R78_4Cxx) systematically shows stronger or inverted density_residual effects.
     - You can then test whether the same PC axis exists but with differing strength (scaled effect) vs actual directional disagreement.
   - **Project density_residual axes into spatial maps**:
     - For each Population, take the PC most associated with density_residual and plot spatial maps colored by PC score vs density_residual.
     - This will show whether the inferred transcriptional axis corresponds to visually coherent microenvironments (e.g., rings, borders, gradients) across hearts.

7. **Caveats and things to watch**

   - Some populations have high sign concordance but low Spearman r between certain sample pairs. That can arise if:
     - Almost all genes change in the same direction but with different effect sizes, or
     - A few outlier genes flip direction in one sample.
     - When you look at PCs, it will be informative to see whether:
       - The **core** genes still dominate the density_residual‑associated PC, or
       - Different gene subsets contribute in different hearts.
   - A few populations have only 2 usable samples (PAA, PV, PW, PX). These provide weaker evidence of reproducibility but are still useful for:
     - Cross‑validation across the two hearts.
     - Checking whether similar PCs emerge in both samples.

Overall, these per‑sample DE reproducibility results are **strongly supportive** of your hypothesis: in many populations, density_residual is associated with a reproducible, directionally consistent gene program across independent heart samples, with substantial shared core genes and coherent effect patterns. The next PCA‑based step is well‑justified, and focusing on the high‑reproducibility populations (PK, PH, PM, PS, etc.) will give the clearest demonstration that density_residual aligns with robust, low‑dimensional microenvironmental axes.


================================================================================
2026-05-17 12:29:49,136 - INFO
================================================================================
RESPONSE/OUTPUT: initial_analysis_3_5

NEXT STEP PLAN - Analysis 3, Step 6: For each signal-bearing Population with adequate per-sample reproducibility (e.g., PK, PH, PM, PS, PB, PC, PE, PG, PL, PO, PQ, PZ), subset all cells belonging to that Population, perform PCA on log1p-transformed expression of the full 238-gene panel (using only that Population’s cells), compute Pearson and Spearman correlations between density_residual and the first 10 PCs, apply Benjamini–Hochberg correction across PCs per Population, and for each Population report: (i) which PCs are significantly associated with density_residual and their variance explained; (ii) their top loading genes and overlap/enrichment with the Population’s core density-residual gene set (from adata.uns['density_residual_per_sample_reproducibility']); and (iii) correlation between per-gene PC loadings and pooled logFC from adata.uns['density_residual_DE_per_population'], thereby assessing whether density_residual-associated transcriptional programs are concentrated along coherent, low-dimensional axes rather than dispersed across many orthogonal directions.

Code:
```python
import numpy as np
import pandas as pd
import scanpy as sc
from scipy import stats

# Assumptions:
# - `adata` is already in memory.
# - adata.obs contains: 'Populations', 'density_residual'.
# - adata.uns['density_residual_DE_per_population'] holds pooled DE tables per Population
#   as dicts (with at least 'gene', 'logfoldchange', 'pval_bh_recomputed').
# - adata.uns['density_residual_per_sample_reproducibility'] holds per-Population
#   reproducibility summaries including 'core_density_residual_genes'.
# - Expression in adata.X is already log1p-transformed.

# ------------------------
# Helper: Benjamini–Hochberg FDR
# ------------------------
def bh_fdr(pvals: np.ndarray) -> np.ndarray:
    pvals = np.asarray(pvals, dtype=float)
    n = pvals.size
    order = np.argsort(pvals)
    ranked = pvals[order]
    qvals = np.empty(n, dtype=float)
    prev_q = 1.0
    for i in range(n - 1, -1, -1):
        rank = i + 1
        q = ranked[i] * n / rank
        if q > prev_q:
            q = prev_q
        prev_q = q
        qvals[i] = q
    out = np.empty(n, dtype=float)
    out[order] = qvals
    return out

# ------------------------
# Identify high-reproducibility, signal-bearing Populations
# ------------------------
if 'density_residual_per_sample_reproducibility' not in adata.uns:
    raise ValueError("Expected adata.uns['density_residual_per_sample_reproducibility'] from prior reproducibility step.")
if 'density_residual_DE_per_population' not in adata.uns:
    raise ValueError("Expected adata.uns['density_residual_DE_per_population'] from prior pooled DE step.")

repro_df = pd.DataFrame(adata.uns['density_residual_per_sample_reproducibility'])
if repro_df.empty:
    raise RuntimeError("Per-sample reproducibility table is empty; cannot prioritize populations for PCA analysis.")

# Basic prioritization: require at least 3 usable samples OR 2 with many core genes, and decent mean sign concordance
min_core_genes = 20
min_mean_sign_conc = 0.75

repro_df['n_core_density_residual_genes'] = repro_df['n_core_density_residual_genes'].astype(int)
repro_df['n_usable_samples'] = repro_df['n_usable_samples'].astype(int)

priority_mask = (
    ((repro_df['n_usable_samples'] >= 3) | ((repro_df['n_usable_samples'] == 2) & (repro_df['n_core_density_residual_genes'] >= min_core_genes))) &
    (repro_df['mean_sign_concordance_across_genes'] >= min_mean_sign_conc)
)

priority_pops = repro_df.loc[priority_mask, 'Population'].astype(str).tolist()

if len(priority_pops) == 0:
    raise RuntimeError("No populations met prioritization criteria for PCA/density_residual axis analysis; consider relaxing thresholds.")

print("Prioritized Populations for PCA/density_residual axis analysis:")
print(", ".join(priority_pops))

# ------------------------
# Main loop: PCA per prioritized Population, correlation with density_residual,
# and overlap with core genes and pooled DE logFC
# ------------------------

results_per_pop = []
loadings_per_pop = {}

pop_labels = adata.obs['Populations'].astype(str)
resid = adata.obs['density_residual'].astype(float)

for pop in priority_pops:
    print(f"\nProcessing Population {pop}...")

    pop_mask = (pop_labels == pop) & resid.notna()
    n_pop = int(pop_mask.sum())
    if n_pop < 200:  # sanity lower bound; should not trigger for prioritized pops
        print(f"  Skipping {pop}: too few cells (n={n_pop}).")
        continue

    # Subset AnnData to this Population
    ad_pop = adata[pop_mask].copy()

    # Ensure we are using X for PCA (238-gene panel, log1p already assumed)
    # Center and scale genes before PCA for comparability
    X = ad_pop.X
    if not isinstance(X, np.ndarray):
        X = X.toarray()

    # Gene-wise mean/SD
    gene_means = X.mean(axis=0)
    gene_stds = X.std(axis=0, ddof=1)
    gene_stds[gene_stds == 0] = 1.0
    X_scaled = (X - gene_means) / gene_stds

    # PCA via SVD: X_scaled (cells x genes) -> U, S, Vt
    # PCs (cell scores) = U * S, loadings (genes x PCs) = V
    U, S, Vt = np.linalg.svd(X_scaled, full_matrices=False)

    n_pcs = min(10, Vt.shape[0])
    pcs = U[:, :n_pcs] * S[:n_pcs]  # cell scores (n_cells x n_pcs)
    loadings = Vt[:n_pcs, :].T      # gene loadings (n_genes x n_pcs)

    # Variance explained per PC
    total_var = (X_scaled ** 2).sum() / (X_scaled.shape[0] - 1)
    pc_vars = (S[:n_pcs] ** 2) / (X_scaled.shape[0] - 1)
    var_explained = pc_vars / total_var

    # Correlate density_residual with each PC
    dr = ad_pop.obs['density_residual'].astype(float).values

    pearson_r = []
    pearson_p = []
    spearman_r = []
    spearman_p = []

    for k in range(n_pcs):
        pc_scores = pcs[:, k]
        r_p, p_p = stats.pearsonr(dr, pc_scores)
        r_s, p_s = stats.spearmanr(dr, pc_scores)
        pearson_r.append(r_p)
        pearson_p.append(p_p)
        spearman_r.append(r_s)
        spearman_p.append(p_s)

    pearson_p = np.array(pearson_p, dtype=float)
    spearman_p = np.array(spearman_p, dtype=float)
    pearson_q = bh_fdr(pearson_p)
    spearman_q = bh_fdr(spearman_p)

    # Retrieve core genes for this Population
    row_pop = repro_df.loc[repro_df['Population'] == pop]
    if row_pop.empty:
        core_genes = []
    else:
        core_genes_str = row_pop.iloc[0]['core_density_residual_genes']
        core_genes = [] if (pd.isna(core_genes_str) or core_genes_str == '') else core_genes_str.split(',')
    core_genes = [g for g in core_genes if g != '']

    # Retrieve pooled DE info (logFC, FDR) for this Population
    de_dict = adata.uns['density_residual_DE_per_population'].get(str(pop))
    if de_dict is None:
        de_df = None
    else:
        de_df = pd.DataFrame(de_dict)
        if 'gene' not in de_df.columns:
            de_df = None
        else:
            de_df = de_df.set_index('gene')

    genes_panel = ad_pop.var_names.astype(str).values

    # For each PC significantly associated with density_residual, gather details
    for k in range(n_pcs):
        pc_name = f"PC{k+1}"
        var_k = float(var_explained[k])
        r_p = float(pearson_r[k])
        q_p = float(pearson_q[k])
        r_s = float(spearman_r[k])
        q_s = float(spearman_q[k])

        # Decide significance primarily by Spearman (robust to nonlinearity), but track both
        if (q_s >= 0.05) and (q_p >= 0.05):
            continue  # not significantly associated by either metric

        load_vec = loadings[:, k]  # length = n_genes

        # Rank genes by absolute loading
        order = np.argsort(-np.abs(load_vec))
        top_n = min(30, load_vec.size)
        top_idx = order[:top_n]
        top_genes = genes_panel[top_idx]
        top_loads = load_vec[top_idx]

        # Overlap with core genes
        core_set = set(core_genes)
        top_set = set(top_genes)
        n_core_in_top = len(core_set & top_set)

        # Enrichment test (Fisher) using 238-gene background
        # 2x2 table: [core_in_top, core_not_top; noncore_in_top, noncore_not_top]
        m = len(genes_panel)
        n_core_total = len(core_set & set(genes_panel))
        a = n_core_in_top
        b = n_core_total - a
        c = top_n - a
        d = m - (a + b + c)
        if d < 0:
            d = 0
        table = np.array([[a, b], [c, d]])
        try:
            odds, p_enr = stats.fisher_exact(table, alternative='greater')
        except Exception:
            odds, p_enr = np.nan, np.nan

        # Correlate per-gene loadings with pooled logFC (if available)
        if de_df is not None and 'logfoldchange' in de_df.columns:
            lfcs = []
            lds = []
            for g, ld in zip(genes_panel, load_vec):
                if g in de_df.index:
                    val = de_df.at[g, 'logfoldchange']
                    if pd.notna(val):
                        lfcs.append(float(val))
                        lds.append(float(ld))
            lfcs = np.array(lfcs, dtype=float)
            lds = np.array(lds, dtype=float)
            if lfcs.size >= 3:
                r_l, p_l = stats.spearmanr(lds, lfcs)
            else:
                r_l, p_l = np.nan, np.nan
        else:
            r_l, p_l = np.nan, np.nan

        results_per_pop.append({
            'Population': pop,
            'PC': pc_name,
            'var_explained_fraction': var_k,
            'pearson_r_density_residual': r_p,
            'pearson_q_density_residual': q_p,
            'spearman_r_density_residual': r_s,
            'spearman_q_density_residual': q_s,
            'top_loading_genes': ",".join(top_genes),
            'top_loading_values': ",".join([f"{x:.4f}" for x in top_loads]),
            'n_core_genes_in_top_loadings': int(n_core_in_top),
            'n_core_genes_total_in_panel': int(n_core_total),
            'fisher_enrichment_odds_core_in_top': float(odds),
            'fisher_enrichment_p_core_in_top': float(p_enr),
            'spearman_r_loadings_vs_logFC': float(r_l),
            'spearman_p_loadings_vs_logFC': float(p_l)
        })

    # Store full loading matrix per Population for potential downstream analyses
    load_df = pd.DataFrame(loadings[:, :n_pcs], index=genes_panel, columns=[f"PC{i+1}" for i in range(n_pcs)])
    loadings_per_pop[pop] = load_df

# Save results in adata.uns
res_df = pd.DataFrame(results_per_pop)
adata.uns['density_residual_PCA_density_axis_results'] = res_df
adata.uns['density_residual_PCA_loadings_per_population'] = {str(k): v.to_dict(orient='list') for k, v in loadings_per_pop.items()}

# Print concise summary
if res_df.empty:
    print("No PCs showed significant association with density_residual in prioritized populations (by both Pearson and Spearman).")
else:
    print("\nSummary of PCs significantly associated with density_residual (per Population), sorted by |Spearman r|:")
    display_cols = [
        'Population', 'PC', 'var_explained_fraction',
        'spearman_r_density_residual', 'spearman_q_density_residual',
        'pearson_r_density_residual', 'pearson_q_density_residual',
        'n_core_genes_in_top_loadings', 'n_core_genes_total_in_panel',
        'fisher_enrichment_p_core_in_top', 'spearman_r_loadings_vs_logFC'
    ]
    print(res_df.sort_values('spearman_r_density_residual', key=lambda s: np.abs(s), ascending=False)[display_cols].to_string(index=False))
```


================================================================================
2026-05-17 12:30:28,527 - INFO
================================================================================
RESPONSE/OUTPUT: self_critique_3_5

APPLIED SELF-CRITIQUE - Analysis 3, Step 6


================================================================================
2026-05-17 12:30:28,528 - INFO
================================================================================
RESPONSE/OUTPUT: revised_analysis_3_5

Revised Hypothesis: Within density-residual–signal-bearing cardiac populations, microenvironmental density_residual variation is captured by one or a few low-dimensional transcriptional axes whose principal components are significantly correlated with density_residual and whose loadings are enriched for the previously defined, cross-sample-reproducible core density-residual genes.

Revised Analysis Plan:
1. For each signal-bearing, high-reproducibility Population, use its cells’ 238-gene log1p expression to perform PCA, correlate density_residual with the first 10 PCs, BH-correct per-Population, and, for PCs significantly associated with density_residual, quantify variance explained, enrichment of core_density_residual_genes among top loadings, and correlation between per-gene loadings and pooled logFC to test whether density_residual signal aligns with coherent low-dimensional expression axes rather than many orthogonal directions.

Revised Code:
import numpy as np
import pandas as pd
import scanpy as sc
from scipy import stats

# Assumptions:
# - `adata` is already in memory.
# - adata.obs contains: 'Populations', 'density_residual'.
# - adata.uns['density_residual_DE_per_population'] holds pooled DE tables per Population
#   as dicts (with at least 'gene', 'logfoldchange', 'pval_bh_recomputed').
# - adata.uns['density_residual_per_sample_reproducibility'] holds per-Population
#   reproducibility summaries including 'core_density_residual_genes'.
# - Expression in adata.X is already log1p-transformed.

# ------------------------
# Helper: Benjamini–Hochberg FDR
# ------------------------
def bh_fdr(pvals: np.ndarray) -> np.ndarray:
    pvals = np.asarray(pvals, dtype=float)
    n = pvals.size
    order = np.argsort(pvals)
    ranked = pvals[order]
    qvals = np.empty(n, dtype=float)
    prev_q = 1.0
    for i in range(n - 1, -1, -1):
        rank = i + 1
        q = ranked[i] * n / rank
        if q > prev_q:
            q = prev_q
        prev_q = q
        qvals[i] = q
    out = np.empty(n, dtype=float)
    out[order] = qvals
    return out

# ------------------------
# Identify high-reproducibility, signal-bearing Populations
# ------------------------
if 'density_residual_per_sample_reproducibility' not in adata.uns:
    raise ValueError("Expected adata.uns['density_residual_per_sample_reproducibility'] from prior reproducibility step.")
if 'density_residual_DE_per_population' not in adata.uns:
    raise ValueError("Expected adata.uns['density_residual_DE_per_population'] from prior pooled DE step.")

repro_df = pd.DataFrame(adata.uns['density_residual_per_sample_reproducibility'])
if repro_df.empty:
    raise RuntimeError("Per-sample reproducibility table is empty; cannot prioritize populations for PCA analysis.")

# Prioritize populations with strong, reproducible density_residual programs
min_core_genes = 20
min_mean_sign_conc = 0.80

repro_df['n_core_density_residual_genes'] = repro_df['n_core_density_residual_genes'].astype(int)
repro_df['n_usable_samples'] = repro_df['n_usable_samples'].astype(int)

priority_mask = (
    (repro_df['n_usable_samples'] >= 2) &
    (repro_df['n_core_density_residual_genes'] >= min_core_genes) &
    (repro_df['mean_sign_concordance_across_genes'] >= min_mean_sign_conc)
)

priority_pops = repro_df.loc[priority_mask, 'Population'].astype(str).tolist()

if len(priority_pops) == 0:
    raise RuntimeError("No populations met prioritization criteria for PCA/density_residual axis analysis; consider relaxing thresholds.")

print("Prioritized Populations for PCA/density_residual axis analysis:")
print(", ".join(priority_pops))

# ------------------------
# Main loop: PCA per prioritized Population, correlation with density_residual,
# and overlap with core genes and pooled DE logFC
# ------------------------

results_per_pop = []
loadings_per_pop = {}

pop_labels = adata.obs['Populations'].astype(str)
resid = adata.obs['density_residual'].astype(float)

for pop in priority_pops:
    print(f"\nProcessing Population {pop}...")

    pop_mask = (pop_labels == pop) & resid.notna()
    n_pop = int(pop_mask.sum())
    if n_pop < 200:
        print(f"  Skipping {pop}: too few cells (n={n_pop}).")
        continue

    # Subset AnnData to this Population
    ad_pop = adata[pop_mask].copy()

    # Use X for PCA (238-gene panel, log1p already assumed); center and scale genes
    X = ad_pop.X
    if not isinstance(X, np.ndarray):
        X = X.toarray()

    gene_means = X.mean(axis=0)
    gene_stds = X.std(axis=0, ddof=1)
    gene_stds[gene_stds == 0] = 1.0
    X_scaled = (X - gene_means) / gene_stds

    # PCA via SVD
    U, S, Vt = np.linalg.svd(X_scaled, full_matrices=False)

    n_pcs = min(10, Vt.shape[0])
    pcs = U[:, :n_pcs] * S[:n_pcs]
    loadings = Vt[:n_pcs, :].T

    # Variance explained per PC
    total_var = (X_scaled ** 2).sum() / (X_scaled.shape[0] - 1)
    pc_vars = (S[:n_pcs] ** 2) / (X_scaled.shape[0] - 1)
    var_explained = pc_vars / total_var

    # Correlate density_residual with each PC
    dr = ad_pop.obs['density_residual'].astype(float).values

    pearson_r = []
    pearson_p = []
    spearman_r = []
    spearman_p = []

    for k in range(n_pcs):
        pc_scores = pcs[:, k]
        r_p, p_p = stats.pearsonr(dr, pc_scores)
        r_s, p_s = stats.spearmanr(dr, pc_scores)
        pearson_r.append(r_p)
        pearson_p.append(p_p)
        spearman_r.append(r_s)
        spearman_p.append(p_s)

    pearson_p = np.array(pearson_p, dtype=float)
    spearman_p = np.array(spearman_p, dtype=float)
    pearson_q = bh_fdr(pearson_p)
    spearman_q = bh_fdr(spearman_p)

    # Retrieve core genes for this Population
    row_pop = repro_df.loc[repro_df['Population'] == pop]
    if row_pop.empty:
        core_genes = []
    else:
        core_genes_str = row_pop.iloc[0]['core_density_residual_genes']
        core_genes = [] if (pd.isna(core_genes_str) or core_genes_str == '') else core_genes_str.split(',')
    core_genes = [g for g in core_genes if g != '']

    # Retrieve pooled DE info (logFC, FDR) for this Population
    de_dict = adata.uns['density_residual_DE_per_population'].get(str(pop))
    if de_dict is None:
        de_df = None
    else:
        de_df = pd.DataFrame(de_dict)
        if 'gene' not in de_df.columns:
            de_df = None
        else:
            de_df = de_df.set_index('gene')

    genes_panel = ad_pop.var_names.astype(str).values

    # For each PC significantly associated with density_residual, gather details
    for k in range(n_pcs):
        pc_name = f"PC{k+1}"
        var_k = float(var_explained[k])
        r_p = float(pearson_r[k])
        q_p = float(pearson_q[k])
        r_s = float(spearman_r[k])
        q_s = float(spearman_q[k])

        # Require Spearman FDR-significance; treat Pearson as supplementary
        if q_s >= 0.05:
            continue

        load_vec = loadings[:, k]

        # Rank genes by absolute loading
        order = np.argsort(-np.abs(load_vec))
        top_n = min(30, load_vec.size)
        top_idx = order[:top_n]
        top_genes = genes_panel[top_idx]
        top_loads = load_vec[top_idx]

        # Overlap with core genes
        core_set = set(core_genes)
        top_set = set(top_genes)
        n_core_in_top = len(core_set & top_set)

        # Enrichment test (Fisher) using 238-gene background
        m = len(genes_panel)
        n_core_total = len(core_set & set(genes_panel))
        a = n_core_in_top
        b = n_core_total - a
        c = top_n - a
        d = m - (a + b + c)
        if d < 0:
            d = 0
        table = np.array([[a, b], [c, d]])
        try:
            odds, p_enr = stats.fisher_exact(table, alternative='greater')
        except Exception:
            odds, p_enr = np.nan, np.nan

        # Correlate per-gene loadings with pooled logFC (if available)
        if de_df is not None and 'logfoldchange' in de_df.columns:
            lfcs = []
            lds = []
            for g, ld in zip(genes_panel, load_vec):
                if g in de_df.index:
                    val = de_df.at[g, 'logfoldchange']
                    if pd.notna(val):
                        lfcs.append(float(val))
                        lds.append(float(ld))
            lfcs = np.array(lfcs, dtype=float)
            lds = np.array(lds, dtype=float)
            if lfcs.size >= 3:
                r_l, p_l = stats.spearmanr(lds, lfcs)
            else:
                r_l, p_l = np.nan, np.nan
        else:
            r_l, p_l = np.nan, np.nan

        results_per_pop.append({
            'Population': pop,
            'PC': pc_name,
            'var_explained_fraction': var_k,
            'pearson_r_density_residual': r_p,
            'pearson_q_density_residual': q_p,
            'spearman_r_density_residual': r_s,
            'spearman_q_density_residual': q_s,
            'top_loading_genes': ",".join(top_genes),
            'top_loading_values': ",".join([f"{x:.4f}" for x in top_loads]),
            'n_core_genes_in_top_loadings': int(n_core_in_top),
            'n_core_genes_total_in_panel': int(n_core_total),
            'fisher_enrichment_odds_core_in_top': float(odds),
            'fisher_enrichment_p_core_in_top': float(p_enr),
            'spearman_r_loadings_vs_logFC': float(r_l),
            'spearman_p_loadings_vs_logFC': float(p_l)
        })

    # Store full loading matrix per Population for potential downstream analyses
    load_df = pd.DataFrame(loadings[:, :n_pcs], index=genes_panel, columns=[f"PC{i+1}" for i in range(n_pcs)])
    loadings_per_pop[pop] = load_df

# Save results in adata.uns
res_df = pd.DataFrame(results_per_pop)
adata.uns['density_residual_PCA_density_axis_results'] = res_df
adata.uns['density_residual_PCA_loadings_per_population'] = {str(k): v.to_dict(orient='list') for k, v in loadings_per_pop.items()}

# Print concise summary
if res_df.empty:
    print("No PCs showed significant Spearman association with density_residual in prioritized populations.")
else:
    print("\nSummary of PCs significantly associated with density_residual (per Population), sorted by |Spearman r|:")
    display_cols = [
        'Population', 'PC', 'var_explained_fraction',
        'spearman_r_density_residual', 'spearman_q_density_residual',
        'pearson_r_density_residual', 'pearson_q_density_residual',
        'n_core_genes_in_top_loadings', 'n_core_genes_total_in_panel',
        'fisher_enrichment_p_core_in_top', 'spearman_r_loadings_vs_logFC'
    ]
    print(res_df.sort_values('spearman_r_density_residual', key=lambda s: np.abs(s), ascending=False)[display_cols].to_string(index=False))


================================================================================
2026-05-17 12:30:38,293 - INFO
================================================================================
RESPONSE/OUTPUT: step_execution_success_3_6

STEP 6 RAN SUCCESSFULLY - Analysis 3


================================================================================
2026-05-17 12:31:10,079 - INFO
================================================================================
RESPONSE/OUTPUT: results_interpretation_3_6

These results are very supportive of the core hypothesis and give you a clear set of “density axes” to build on.

Key points relative to the hypothesis
------------------------------------
1. **Existence of low-dimensional density_residual axes**
   - Many prioritized Populations show at least one PC with:
     - **Moderate Spearman correlation with density_residual** (|ρ| ≈ 0.17–0.33). The strongest are:
       - PW PC1 (ρ = 0.33, 4.1% variance)
       - PK PC1 (ρ = 0.31, 3.8% variance)
       - PZ PC1 (ρ = –0.27, 4.2% variance)
       - PM PC1 (ρ = –0.26, 3.6% variance)
       - PO PC3 (ρ = –0.27, 1.9% variance)
     - **Very strong statistical significance** (q_s ≪ 1e-10 everywhere at the top).
   - In several Populations, the **density_residual-correlated PC is PC1** or another relatively high-variance PC, rather than a tiny-variance tail component:
     - PW PC1, PK PC1, PZ PC1, PM PC1, PF PC1, PH PC1, PL PC1, etc.
   - This directly supports the idea that density_residual variation is captured by a **small number of low-dimensional axes** rather than being isotropically spread.

2. **Enrichment of core density_residual genes in those axes**
   - Many of the strongly density-associated PCs have **substantial core-gene overlap among the top loadings and strong Fisher enrichment**:
     - PW PC1: 25 core genes in top 30; 54 total in panel; p_enr ≈ 2.6e-14.
     - PK PC1: 24/30; 103 total; p_enr ≈ 1.4e-05.
     - PZ PC1: 24/30; 40 total; p_enr ≈ 4.5e-17.
     - PM PC1: 29/30; 76 total; p_enr ≈ 1.2e-15.
     - PS PC1: 23/30; 76 total; p_enr ≈ 8.7e-08.
     - PC4 in PC, PC2 in PK, PC2 in PS, many others have p_enr ≪ 0.01.
   - These are exactly the populations and PCs you’d want to highlight as canonical density axes: they are both density_residual-associated and strongly enriched for previously defined core programs.

3. **Alignment with pooled DE logFC signal**
   - For many density_residual-associated PCs, **per-gene loadings correlate strongly with pooled DE logFC**, often |ρ| ≈ 0.5–0.75:
     - PW PC1: ρ(loadings, logFC) ≈ 0.75.
     - PK PC1: ≈ 0.74.
     - PZ PC1: ≈ –0.71.
     - PM PC1: ≈ –0.74.
     - PB PC2: ≈ –0.68.
     - PF PC1: ≈ –0.72.
     - Many others in 0.4–0.6 range (e.g., PS PC1, PO PC3, PC PC2, etc.).
   - This shows that the **direction in expression space that PCA identifies is almost the same direction captured by pooled DE** with respect to density_residual. So the density_residual signal is not only low-dimensional but also **coherent across methods**.

4. **Not just one-off PCs; consistent pattern across multiple populations**
   - Multiple Populations (PW, PK, PZ, PM, PO, PS, PB, PC, PF, PH, PL, PG, PE, PAA) all show:
     - At least one PC with q_s < 0.05,
     - Strong core-gene enrichment for many of them,
     - Positive/negative alignment with pooled logFC.
   - This cross-population consistency supports the idea that **density_residual is systematically organized along transcriptional axes** rather than being idiosyncratic noise.

5. **Some nuance: variance fractions are modest**
   - The variance explained by the “density PCs” in most cases is **3–6% for PC1** and **1–3% for downstream PCs**.
   - That is still quite reasonable given:
     - Only ~238 genes are in the panel.
     - Density_residual is a single microenvironmental scalar among many sources of variation (cell cycle, developmental gradients, etc.).
   - It suggests the density program is **real but not dominant**, which is biologically plausible.

What looks especially promising for deeper follow-up
----------------------------------------------------
You now have clear candidates where the hypothesis is most strongly validated and where more detailed characterization will be most informative:

**Highest-priority “canonical density axes”**
- **PW PC1**
- **PK PC1**
- **PZ PC1**
- **PM PC1**
- **PF PC1**
- Also strong: **PO PC3**, **PB PC2**, **PC PC2/PC4/PC6**, **PS PC1**, **PH PC1**.

These share:
- |ρ_density| ≳ 0.2 (top few) or ≳ 0.15.
- Strong core-gene enrichment (p_enr << 0.01).
- High |ρ(loadings, logFC)| (≳ 0.5–0.7).

They are your best evidence that:
- In each Population, a single or small number of PCs captures the core density program.
- The PC loadings closely follow the core gene signatures and pooled DE effect sizes.

Suggested next analysis steps (staying distinct from the paper and prior analyses)
----------------------------------------------------------------------------------
Building on these results, you can:

1. **Per-population axis visualization and validation**
   - For each high-priority (Population, PC):
     - Plot **PC score vs. density_residual** (scatter, with LOESS/linear fit). This gives a visual sense of effect size and any non-linearity.
     - Make **ridge/violin plots of PC scores** stratified by quantiles of density_residual (e.g., low/mid/high density_residual).
   - This will reinforce that a **single latent coordinate** tracks density_residual gradient.

2. **Gene-level characterization of the density axes**
   - For the canonical PCs (e.g., PW PC1, PK PC1, PZ PC1, PM PC1, PF PC1):
     - Extract and tabulate:
       - Top positively and negatively loaded genes.
       - Indicate which are core genes and show their pooled logFC side-by-side.
     - Compare **sign(loading) vs sign(logFC)** for core genes across these Populations.
   - This addresses: **Do different Populations use similar transcriptional programs in high vs. low density microenvironments, or do they flip / change modules?**

3. **Cross-population comparison of density axes**
   - Using `loadings_per_pop`, build a **gene × (Population, PC)** matrix only for density_residual-associated PCs with q_s < 0.05.
   - Compute:
     - **Pairwise correlations between loading vectors across Populations** (e.g., PW PC1 vs PK PC1 vs PZ PC1 vs PM PC1, etc.).
   - This will tell you:
     - Whether there is a **shared “global density axis”** that recurs across cell types.
     - Or whether density_residual organizes into **population-specific axes**.
   - This is conceptually new relative to the paper and past analyses: you are quantifying **cross-population convergence/divergence of microenvironmental axes**.

4. **Project PCs back into spatial coordinates**
   - For a subset of strong PCs (e.g., PW PC1, PK PC1, PZ PC1, PM PC1, PF PC1, PO PC3):
     - Compute PC scores per cell and **plot them in spatial coordinates** (`.obsm["spatial"]`), e.g., using a continuous color scale.
   - Compare spatial pattern of PC scores with **density_residual itself** to see:
     - Do the density axes capture microenvironmental zones (e.g., high-score bands, gradients across heart regions)?
     - Are there regions where density_residual is high but PC scores are low (suggesting different microenvironmental modes)?
   - This goes beyond the paper by focusing on **intra-population low-dimensional axes** of microenvironmental response.

5. **Quantify how “focused” the density signal is in PC-space**
   - For each Population, assess whether the density_residual signal is mostly in **one PC** or **spread across several**:
     - For each Pop, compute sum of squared correlations `Σ_k ρ(dr, PC_k)^2` over k=1..10 and the contribution of the top PC vs others.
   - If ~70–80% of that sum is in one PC, the signal is **highly low-dimensional**; if more diffuse, more complex.
   - Report per-Pop populations like:
     - PW, PK, PZ, PM likely have one **dominant** density axis.
     - Others (like PO, PS, PC) may have **two or more contributing PCs** (PC1, PC3, PC5, etc.).
   - This directly addresses the hypothesis wording about “one or a few” PCs.

6. **Compare density axes to other known latent factors**
   - Without using external biology, stay within-dataset:
     - For a few Populations, run **PCA or NMF on all 10 PCs vs. known covariates** (Sample_ID, previously derived QC-residual purity axes, spatial coordinates).
     - Correlate each density PC with:
       - Sample_ID dummy variables (to check sample-specific structure).
       - Purity residual axes (from prior work) to ensure this is **not simply re-capturing Purity**.
       - Spatial coordinates or simple embeddings (x, y, radial distance).
   - This can show that these axes specifically align with **density_residual**, distinct from previously-studied purity effects and from purely spatial coordinates.

7. **Optional: build a unified “meta-density axis”**
   - Take the union of core density_residual genes across a subset of Populations and:
     - Fit a **single supervised 1D axis** (e.g., PLS1 or ridge regression of density_residual on gene expression) per Population using just the core genes.
     - Compare that supervised axis to the PCA-based density PC:
       - Correlation of scores,
       - Overlap of top genes.
   - If PCA-based axes and supervised axes align, this strengthens the **interpretation of PCs as data-driven approximations of a single density program**.

Implications for the hypothesis
-------------------------------
- The **central hypothesis is strongly supported**:
  - Many populations show **a small number of PCs** with:
    - Significant correlations with density_residual.
    - Strong enrichment of core density genes.
    - Strong alignment with pooled DE logFC.
- Therefore, density_residual variation appears to be organized along **coherent, low-dimensional transcriptional axes** rather than many orthogonal directions.

What to emphasize in subsequent reporting
-----------------------------------------
- A few clear exemplars (e.g., PW, PK, PZ, PM, PF) where:
  - PC1 is a **“density axis”** with:
    - 3–6% variance explained.
    - |ρ(dr, PC1)| ≈ 0.25–0.33.
    - Top 30 loadings heavily enriched for core density genes.
    - |ρ(loadings, logFC)| ≈ 0.7.
- The cross-population comparison of loading vectors, which will clarify:
  - Whether there is a **shared density-residual program** across cardiac lineages vs. multiple lineage-specific density programs.
- Spatial projection of density PCs, highlighting how **microenvironmental density_residual structures the tissue** through low-dimensional transcriptional responses.

In short, the current step convincingly validates the existence of low-dimensional density_residual axes; the next steps should focus on characterizing these axes across populations, in space, and relative to other microenvironmental and QC-adjusted signals.


================================================================================
2026-05-17 12:31:10,116 - INFO
================================================================================
RESPONSE/OUTPUT: analysis_complete

ANALYSIS 3 COMPLETED - Notebook saved to: /home/mingqiam/TissueAgent/data/cellvoyager_agent/run_20260517_160422/outputs/farah_anon_recovery_20260517_120428/farah_anon_recovery_analysis_3.ipynb
