

================================================================================
2026-05-17 10:25:14,872 - INFO
================================================================================
Logging started. Log file: /home/mingqiam/TissueAgent/data/cellvoyager_agent/run_20260517_142509/logs/logs/farah_recovery_log_20260517_102514.log


================================================================================
2026-05-17 10:25:29,776 - INFO
================================================================================
RESPONSE/OUTPUT: initial_analysis_1_1

Hypothesis: Within ventricular cardiomyocytes, spatial gradients of developmental transcription factor expression form coherent, spatially localized maturation states that are associated with differences in local cellular purity (segmentation confidence) and are not captured by existing Leiden clusters or coarse cell-type labels.

Analysis Plan:
1. Confirm and summarize the distribution of ventricular cardiomyocyte subtypes and Purity values across samples, and identify key developmental transcription factor and signaling genes present in the MERFISH panel that will serve as a maturation/signaling signature.
2. Within ventricular cardiomyocyte populations only, compute per-cell standardized scores for the selected developmental TF/signaling gene set, and quantify spatial autocorrelation (Moran’s I) of these scores within each sample and subtype to test for spatially coherent gradients; assess association of the scores with Purity using correlation and regression models.
3. Define spatial neighborhoods using a k-nearest-neighbors graph on the spatial coordinates within ventricular cardiomyocytes, and compute neighborhood-averaged TF/signaling scores; test whether local neighborhood scores differ significantly between high- and low-Purity cells within each subtype and sample.
4. Cluster ventricular cardiomyocytes based on TF/signaling gene expression alone (using PCA + Leiden on this restricted gene set), and evaluate how these TF/signaling-defined states map onto spatial location and Purity distributions, including enrichment tests for high- vs low-Purity cells in each state.
5. Extend the TF/signaling scoring to non-cardiomyocyte populations (e.g., fibroblasts, endothelial cells) and test, within spatial neighborhoods, for correlations between local cardiomyocyte TF/signaling scores and neighboring non-cardiomyocyte TF/signaling scores, to assess coordinated spatial maturation across cell types.
6. Summarize statistically significant spatial gradients and cross-cell-type associations, reporting effect sizes and p-values for key tests (Moran’s I, correlations, group comparisons) in text form.

Initial Code:
import numpy as np
import pandas as pd
import scanpy as sc

# 1) Basic overview of adata and relevant metadata columns
print("AnnData shape (cells x genes):", adata.shape)
print("\n.obs columns:", list(adata.obs.columns))
print("\n.obsm keys:", list(adata.obsm.keys()))

# 2) Summarize ventricular cardiomyocyte-related populations
if 'Populations' not in adata.obs.columns:
    raise ValueError("Expected 'Populations' column in adata.obs but did not find it.")

vc_labels = [c for c in adata.obs['Populations'].unique().tolist() if isinstance(c, str) and c.startswith('vCM')]
print("\nVentricular CM-related Populations:")
for lab in vc_labels:
    n_cells = (adata.obs['Populations'] == lab).sum()
    print(f"  {lab}: {n_cells} cells")

# 3) Purity distribution overall and within ventricular CM populations
if 'Purity' not in adata.obs.columns:
    raise ValueError("Expected 'Purity' column in adata.obs but did not find it.")

print("\nOverall Purity summary:")
print(adata.obs['Purity'].describe())

print("\nPurity summary by Sample_ID:")
if 'Sample_ID' in adata.obs.columns:
    print(adata.obs.groupby('Sample_ID')['Purity'].describe())
else:
    print("Sample_ID column not found; skipping per-sample Purity summary.")

print("\nPurity summary within ventricular CM Populations:")
vc_mask = adata.obs['Populations'].isin(vc_labels)
if vc_mask.sum() == 0:
    print("No ventricular cardiomyocyte cells found based on 'vCM' prefix.")
else:
    vc_df = adata.obs.loc[vc_mask, ['Populations', 'Purity']]
    print(vc_df.groupby('Populations')['Purity'].describe())

# 4) Identify candidate developmental TF / signaling genes present in the panel
candidate_keywords = ['TBX', 'NKX', 'GATA', 'HAND', 'HEY', 'BMP', 'FGF', 'WNT', 'NOTCH', 'HES', 'SOX', 'MEF2', 'ISL', 'ID', 'PDGF']
var_names = pd.Index(adata.var_names.astype(str))

candidate_genes = []
for g in var_names:
    upper_g = g.upper()
    if any(kw in upper_g for kw in candidate_keywords):
        candidate_genes.append(g)

candidate_genes = sorted(set(candidate_genes))

print("\nCandidate developmental TF/signaling genes found in panel (based on name keywords):")
if len(candidate_genes) == 0:
    print("  None detected with the given keyword heuristics.")
else:
    for g in candidate_genes:
        print("  ", g)

# 5) Basic expression summary of candidate genes within ventricular cardiomyocytes
if len(candidate_genes) > 0 and vc_mask.sum() > 0:
    sub = adata[vc_mask, candidate_genes]
    # Convert to dense for summary statistics (panel is small)
    X = sub.X.A if hasattr(sub.X, 'A') else sub.X
    expr_df = pd.DataFrame(X, columns=candidate_genes)
    print("\nPer-gene expression summary within ventricular cardiomyocytes (mean, std, fraction > 0):")
    for g in candidate_genes:
        vals = expr_df[g].values
        frac_pos = np.mean(vals > 0)
        print(f"  {g}: mean={vals.mean():.3f}, std={vals.std(ddof=1):.3f}, frac_expressing={frac_pos:.3f}")
else:
    print("\nSkipping candidate gene expression summaries (no candidate genes or no ventricular CM cells).")


================================================================================
2026-05-17 10:26:03,046 - INFO
================================================================================
RESPONSE/OUTPUT: self_critique_1_1

APPLIED INITIAL SELF-CRITIQUE - Analysis 1


================================================================================
2026-05-17 10:26:03,047 - INFO
================================================================================
RESPONSE/OUTPUT: revised_analysis_1_1

Revised Hypothesis: Within ventricular cardiomyocytes, spatial gradients of developmental transcription factor expression form coherent, spatially localized maturation states that are associated with differences in local cellular purity (segmentation confidence) and are not captured by existing Leiden clusters or coarse cell-type labels.

Revised Analysis Plan:
1. Confirm and summarize the distribution of ventricular cardiomyocyte subtypes and Purity values across samples and Leiden clusters, and identify key developmental transcription factor and signaling genes present in the MERFISH panel that will serve as a maturation/signaling signature, storing this gene set in adata.uns for reuse.
2. Within ventricular cardiomyocyte populations only, compute per-cell standardized TF/signaling scores (e.g. z-scored gene expressions averaged into a signature), quantify spatial autocorrelation (Moran’s I) of these scores within each sample and subtype using spatial coordinates, and assess association of the scores with Purity using correlation and regression models.
3. Define spatial neighborhoods for ventricular cardiomyocytes using a k-nearest-neighbors graph on spatial coordinates, compute neighborhood-averaged TF/signaling scores, and test whether local neighborhood scores differ significantly between high- and low-Purity cells within each subtype and sample, reporting effect sizes and p-values.
4. Cluster ventricular cardiomyocytes based on TF/signaling gene expression alone (e.g. PCA + Leiden on this restricted gene set), and evaluate how these TF/signaling-defined states map onto spatial location, Purity distributions, and existing Leiden clusters/Populations via contingency tables and enrichment tests.
5. Extend TF/signaling scoring to selected non-cardiomyocyte populations (e.g., fibroblasts, endothelial cells) and, within shared spatial neighborhoods, test for correlations between local cardiomyocyte TF/signaling scores and neighboring non-cardiomyocyte TF/signaling scores to assess coordinated spatial maturation across cell types.
6. Summarize statistically significant spatial gradients, TF-defined maturation states, and cross-cell-type associations, reporting effect sizes and p-values for key tests (Moran’s I, correlations, regressions, and group comparisons) in text form without figures.

Revised Code:
import numpy as np
import pandas as pd
import scanpy as sc

# 1) Basic overview of adata and relevant metadata columns
print("AnnData shape (cells x genes):", adata.shape)
print("\n.obs columns:", list(adata.obs.columns))
print("\n.obsm keys:", list(adata.obsm.keys()))

# 2) Summarize ventricular cardiomyocyte-related populations
if 'Populations' not in adata.obs.columns:
    raise ValueError("Expected 'Populations' column in adata.obs but did not find it.")

vc_labels = [c for c in adata.obs['Populations'].unique().tolist() if isinstance(c, str) and c.startswith('vCM')]
print("\nVentricular CM-related Populations:")
for lab in vc_labels:
    n_cells = (adata.obs['Populations'] == lab).sum()
    print(f"  {lab}: {n_cells} cells")
if len(vc_labels) == 0:
    print("  No Populations entries starting with 'vCM' were found.")

# 3) Purity distribution overall, by sample, by Leiden, and within ventricular CM populations
if 'Purity' not in adata.obs.columns:
    raise ValueError("Expected 'Purity' column in adata.obs but did not find it.")

print("\nOverall Purity summary:")
print(adata.obs['Purity'].describe())

print("\nPurity summary by Sample_ID:")
if 'Sample_ID' in adata.obs.columns:
    print(adata.obs.groupby('Sample_ID')['Purity'].describe())
else:
    print("Sample_ID column not found; skipping per-sample Purity summary.")

print("\nPurity summary by Leiden cluster (all cells):")
if 'leiden' in adata.obs.columns:
    print(adata.obs.groupby('leiden')['Purity'].describe())
else:
    print("leiden column not found; skipping Purity by Leiden summary.")

print("\nPurity summary within ventricular CM Populations:")
vc_mask = adata.obs['Populations'].isin(vc_labels)
if vc_mask.sum() == 0:
    print("No ventricular cardiomyocyte cells found based on 'vCM' prefix.")
else:
    vc_df = adata.obs.loc[vc_mask, ['Populations', 'Purity']]
    print(vc_df.groupby('Populations')['Purity'].describe())

    # Cross-tabulate ventricular CM Populations with Leiden clusters
    if 'leiden' in adata.obs.columns:
        print("\nContingency table of ventricular CM Populations vs Leiden clusters:")
        ct = pd.crosstab(adata.obs.loc[vc_mask, 'Populations'], adata.obs.loc[vc_mask, 'leiden'])
        print(ct)
    else:
        print("\nleiden column not found; skipping Populations vs Leiden contingency table.")

    # Optional: summarize Purity by Leiden within vCMs
    if 'leiden' in adata.obs.columns:
        print("\nPurity summary by Leiden within ventricular CM cells:")
        print(adata.obs.loc[vc_mask].groupby('leiden')['Purity'].describe())

# 4) Identify candidate developmental TF / signaling genes present in the panel
candidate_keywords = ['TBX', 'NKX', 'GATA', 'HAND', 'HEY', 'BMP', 'FGF', 'WNT', 'NOTCH', 'HES', 'SOX', 'MEF2', 'ISL', 'ID', 'PDGF']
var_names = pd.Index(adata.var_names.astype(str))

candidate_genes = []
for g in var_names:
    upper_g = g.upper()
    if any(kw in upper_g for kw in candidate_keywords):
        candidate_genes.append(g)

candidate_genes = sorted(set(candidate_genes))

print("\nCandidate developmental TF/signaling genes found in panel (based on name keywords):")
print(f"  Total candidate genes: {len(candidate_genes)}")
if len(candidate_genes) == 0:
    print("  None detected with the given keyword heuristics.")
else:
    for g in candidate_genes:
        print("  ", g)

# Store candidate gene list in adata.uns for reuse in downstream steps
adata.uns['vc_tf_signaling_genes'] = candidate_genes

# 5) Basic expression summary of candidate genes within ventricular cardiomyocytes
if len(candidate_genes) > 0 and vc_mask.sum() > 0:
    sub = adata[vc_mask, candidate_genes]
    # Convert to dense for summary statistics (panel is small)
    X = sub.X.A if hasattr(sub.X, 'A') else sub.X
    expr_df = pd.DataFrame(X, columns=candidate_genes)
    print("\nVentricular CM cells: ", vc_mask.sum())
    print("Candidate TF/signaling genes: ", len(candidate_genes))
    print("\nPer-gene expression summary within ventricular cardiomyocytes (mean, std, fraction > 0):")
    for g in candidate_genes:
        vals = expr_df[g].values
        frac_pos = np.mean(vals > 0)
        print(f"  {g}: mean={vals.mean():.3f}, std={vals.std(ddof=1):.3f}, frac_expressing={frac_pos:.3f}")
else:
    print("\nSkipping candidate gene expression summaries (no candidate genes or no ventricular CM cells).")


================================================================================
2026-05-17 10:26:09,271 - INFO
================================================================================
RESPONSE/OUTPUT: step_execution_failed_1_1

STEP 1 FAILED - Analysis 1

Code:
```python
import numpy as np
import pandas as pd
import scanpy as sc

# 1) Basic overview of adata and relevant metadata columns
print("AnnData shape (cells x genes):", adata.shape)
print("\n.obs columns:", list(adata.obs.columns))
print("\n.obsm keys:", list(adata.obsm.keys()))

# 2) Summarize ventricular cardiomyocyte-related populations
if 'Populations' not in adata.obs.columns:
    raise ValueError("Expected 'Populations' column in adata.obs but did not find it.")

vc_labels = [c for c in adata.obs['Populations'].unique().tolist() if isinstance(c, str) and c.startswith('vCM')]
print("\nVentricular CM-related Populations:")
for lab in vc_labels:
    n_cells = (adata.obs['Populations'] == lab).sum()
    print(f"  {lab}: {n_cells} cells")
if len(vc_labels) == 0:
    print("  No Populations entries starting with 'vCM' were found.")

# 3) Purity distribution overall, by sample, by Leiden, and within ventricular CM populations
if 'Purity' not in adata.obs.columns:
    raise ValueError("Expected 'Purity' column in adata.obs but did not find it.")

print("\nOverall Purity summary:")
print(adata.obs['Purity'].describe())

print("\nPurity summary by Sample_ID:")
if 'Sample_ID' in adata.obs.columns:
    print(adata.obs.groupby('Sample_ID')['Purity'].describe())
else:
    print("Sample_ID column not found; skipping per-sample Purity summary.")

print("\nPurity summary by Leiden cluster (all cells):")
if 'leiden' in adata.obs.columns:
    print(adata.obs.groupby('leiden')['Purity'].describe())
else:
    print("leiden column not found; skipping Purity by Leiden summary.")

print("\nPurity summary within ventricular CM Populations:")
vc_mask = adata.obs['Populations'].isin(vc_labels)
if vc_mask.sum() == 0:
    print("No ventricular cardiomyocyte cells found based on 'vCM' prefix.")
else:
    vc_df = adata.obs.loc[vc_mask, ['Populations', 'Purity']]
    print(vc_df.groupby('Populations')['Purity'].describe())

    # Cross-tabulate ventricular CM Populations with Leiden clusters
    if 'leiden' in adata.obs.columns:
        print("\nContingency table of ventricular CM Populations vs Leiden clusters:")
        ct = pd.crosstab(adata.obs.loc[vc_mask, 'Populations'], adata.obs.loc[vc_mask, 'leiden'])
        print(ct)
    else:
        print("\nleiden column not found; skipping Populations vs Leiden contingency table.")

    # Optional: summarize Purity by Leiden within vCMs
    if 'leiden' in adata.obs.columns:
        print("\nPurity summary by Leiden within ventricular CM cells:")
        print(adata.obs.loc[vc_mask].groupby('leiden')['Purity'].describe())

# 4) Identify candidate developmental TF / signaling genes present in the panel
candidate_keywords = ['TBX', 'NKX', 'GATA', 'HAND', 'HEY', 'BMP', 'FGF', 'WNT', 'NOTCH', 'HES', 'SOX', 'MEF2', 'ISL', 'ID', 'PDGF']
var_names = pd.Index(adata.var_names.astype(str))

candidate_genes = []
for g in var_names:
    upper_g = g.upper()
    if any(kw in upper_g for kw in candidate_keywords):
        candidate_genes.append(g)

candidate_genes = sorted(set(candidate_genes))

print("\nCandidate developmental TF/signaling genes found in panel (based on name keywords):")
print(f"  Total candidate genes: {len(candidate_genes)}")
if len(candidate_genes) == 0:
    print("  None detected with the given keyword heuristics.")
else:
    for g in candidate_genes:
        print("  ", g)

# Store candidate gene list in adata.uns for reuse in downstream steps
adata.uns['vc_tf_signaling_genes'] = candidate_genes

# 5) Basic expression summary of candidate genes within ventricular cardiomyocytes
if len(candidate_genes) > 0 and vc_mask.sum() > 0:
    sub = adata[vc_mask, candidate_genes]
    # Convert to dense for summary statistics (panel is small)
    X = sub.X.A if hasattr(sub.X, 'A') else sub.X
    expr_df = pd.DataFrame(X, columns=candidate_genes)
    print("\nVentricular CM cells: ", vc_mask.sum())
    print("Candidate TF/signaling genes: ", len(candidate_genes))
    print("\nPer-gene expression summary within ventricular cardiomyocytes (mean, std, fraction > 0):")
    for g in candidate_genes:
        vals = expr_df[g].values
        frac_pos = np.mean(vals > 0)
        print(f"  {g}: mean={vals.mean():.3f}, std={vals.std(ddof=1):.3f}, frac_expressing={frac_pos:.3f}")
else:
    print("\nSkipping candidate gene expression summaries (no candidate genes or no ventricular CM cells).")

 Error:
ValueError: Shape of passed values is (100637, 1), indices imply (100637, 16)```


================================================================================
2026-05-17 10:26:17,148 - INFO
================================================================================
RESPONSE/OUTPUT: fix_attempt_failed_1_1_1

FIX ATTEMPT FAILED 1/3 - Analysis 1, Step 1: ValueError: Shape of passed values is (100637, 1), indices imply (100637, 16)

Code:
```python

import numpy as np
import pandas as pd
import scanpy as sc

# 1) Basic overview of adata and relevant metadata columns
print("AnnData shape (cells x genes):", adata.shape)
print("\n.obs columns:", list(adata.obs.columns))
print("\n.obsm keys:", list(adata.obsm.keys()))

# 2) Summarize ventricular cardiomyocyte-related populations
if 'Populations' not in adata.obs.columns:
    raise ValueError("Expected 'Populations' column in adata.obs but did not find it.")

vc_labels = [c for c in adata.obs['Populations'].unique().tolist() if isinstance(c, str) and c.startswith('vCM')]
print("\nVentricular CM-related Populations:")
for lab in vc_labels:
    n_cells = (adata.obs['Populations'] == lab).sum()
    print(f"  {lab}: {n_cells} cells")
if len(vc_labels) == 0:
    print("  No Populations entries starting with 'vCM' were found.")

# 3) Purity distribution overall, by sample, by Leiden, and within ventricular CM populations
if 'Purity' not in adata.obs.columns:
    raise ValueError("Expected 'Purity' column in adata.obs but did not find it.")

print("\nOverall Purity summary:")
print(adata.obs['Purity'].describe())

print("\nPurity summary by Sample_ID:")
if 'Sample_ID' in adata.obs.columns:
    print(adata.obs.groupby('Sample_ID')['Purity'].describe())
else:
    print("Sample_ID column not found; skipping per-sample Purity summary.")

print("\nPurity summary by Leiden cluster (all cells):")
if 'leiden' in adata.obs.columns:
    print(adata.obs.groupby('leiden')['Purity'].describe())
else:
    print("leiden column not found; skipping Purity by Leiden summary.")

print("\nPurity summary within ventricular CM Populations:")
vc_mask = adata.obs['Populations'].isin(vc_labels)
if vc_mask.sum() == 0:
    print("No ventricular cardiomyocyte cells found based on 'vCM' prefix.")
else:
    vc_df = adata.obs.loc[vc_mask, ['Populations', 'Purity']]
    print(vc_df.groupby('Populations')['Purity'].describe())

    # Cross-tabulate ventricular CM Populations with Leiden clusters
    if 'leiden' in adata.obs.columns:
        print("\nContingency table of ventricular CM Populations vs Leiden clusters:")
        ct = pd.crosstab(adata.obs.loc[vc_mask, 'Populations'], adata.obs.loc[vc_mask, 'leiden'])
        print(ct)
    else:
        print("\nleiden column not found; skipping Populations vs Leiden contingency table.")

    # Optional: summarize Purity by Leiden within vCMs
    if 'leiden' in adata.obs.columns:
        print("\nPurity summary by Leiden within ventricular CM cells:")
        print(adata.obs.loc[vc_mask].groupby('leiden')['Purity'].describe())

# 4) Identify candidate developmental TF / signaling genes present in the panel
candidate_keywords = ['TBX', 'NKX', 'GATA', 'HAND', 'HEY', 'BMP', 'FGF', 'WNT', 'NOTCH', 'HES', 'SOX', 'MEF2', 'ISL', 'ID', 'PDGF']
var_names = pd.Index(adata.var_names.astype(str))

candidate_genes = []
for g in var_names:
    upper_g = g.upper()
    if any(kw in upper_g for kw in candidate_keywords):
        candidate_genes.append(g)

candidate_genes = sorted(set(candidate_genes))

print("\nCandidate developmental TF/signaling genes found in panel (based on name keywords):")
print(f"  Total candidate genes: {len(candidate_genes)}")
if len(candidate_genes) == 0:
    print("  None detected with the given keyword heuristics.")
else:
    for g in candidate_genes:
        print("  ", g)

# Store candidate gene list in adata.uns for reuse in downstream steps
adata.uns['vc_tf_signaling_genes'] = candidate_genes

# 5) Basic expression summary of candidate genes within ventricular cardiomyocytes
if len(candidate_genes) > 0 and vc_mask.sum() > 0:
    sub = adata[vc_mask, candidate_genes]
    # Convert to dense for summary statistics (panel is small)
    X = sub.X.A if hasattr(sub.X, 'A') else sub.X
    # Ensure X is 2D
    if X.ndim == 1:
        X = X.reshape(-1, 1)
    expr_df = pd.DataFrame(X, columns=sub.var_names.tolist())
    print("\nVentricular CM cells: ", vc_mask.sum())
    print("Candidate TF/signaling genes: ", len(candidate_genes))
    print("\nPer-gene expression summary within ventricular cardiomyocytes (mean, std, fraction > 0):")
    for g in sub.var_names:
        vals = expr_df[g].values
        frac_pos = np.mean(vals > 0)
        print(f"  {g}: mean={vals.mean():.3f}, std={vals.std(ddof=1):.3f}, frac_expressing={frac_pos:.3f}")
else:
    print("\nSkipping candidate gene expression summaries (no candidate genes or no ventricular CM cells).")

```


================================================================================
2026-05-17 10:26:25,942 - INFO
================================================================================
RESPONSE/OUTPUT: fix_attempt_failed_1_1_2

FIX ATTEMPT FAILED 2/3 - Analysis 1, Step 1: ValueError: Shape of passed values is (100637, 1), indices imply (100637, 16)

Code:
```python

import numpy as np
import pandas as pd
import scanpy as sc

# 1) Basic overview of adata and relevant metadata columns
print("AnnData shape (cells x genes):", adata.shape)
print("\n.obs columns:", list(adata.obs.columns))
print("\n.obsm keys:", list(adata.obsm.keys()))

# 2) Summarize ventricular cardiomyocyte-related populations
if 'Populations' not in adata.obs.columns:
    raise ValueError("Expected 'Populations' column in adata.obs but did not find it.")

vc_labels = [c for c in adata.obs['Populations'].unique().tolist() if isinstance(c, str) and c.startswith('vCM')]
print("\nVentricular CM-related Populations:")
for lab in vc_labels:
    n_cells = (adata.obs['Populations'] == lab).sum()
    print(f"  {lab}: {n_cells} cells")
if len(vc_labels) == 0:
    print("  No Populations entries starting with 'vCM' were found.")

# 3) Purity distribution overall, by sample, by Leiden, and within ventricular CM populations
if 'Purity' not in adata.obs.columns:
    raise ValueError("Expected 'Purity' column in adata.obs but did not find it.")

print("\nOverall Purity summary:")
print(adata.obs['Purity'].describe())

print("\nPurity summary by Sample_ID:")
if 'Sample_ID' in adata.obs.columns:
    print(adata.obs.groupby('Sample_ID')['Purity'].describe())
else:
    print("Sample_ID column not found; skipping per-sample Purity summary.")

print("\nPurity summary by Leiden cluster (all cells):")
if 'leiden' in adata.obs.columns:
    print(adata.obs.groupby('leiden')['Purity'].describe())
else:
    print("leiden column not found; skipping Purity by Leiden summary.")

print("\nPurity summary within ventricular CM Populations:")
vc_mask = adata.obs['Populations'].isin(vc_labels)
if vc_mask.sum() == 0:
    print("No ventricular cardiomyocyte cells found based on 'vCM' prefix.")
else:
    vc_df = adata.obs.loc[vc_mask, ['Populations', 'Purity']]
    print(vc_df.groupby('Populations')['Purity'].describe())

    # Cross-tabulate ventricular CM Populations with Leiden clusters
    if 'leiden' in adata.obs.columns:
        print("\nContingency table of ventricular CM Populations vs Leiden clusters:")
        ct = pd.crosstab(adata.obs.loc[vc_mask, 'Populations'], adata.obs.loc[vc_mask, 'leiden'])
        print(ct)
    else:
        print("\nleiden column not found; skipping Populations vs Leiden contingency table.")

    # Optional: summarize Purity by Leiden within vCMs
    if 'leiden' in adata.obs.columns:
        print("\nPurity summary by Leiden within ventricular CM cells:")
        print(adata.obs.loc[vc_mask].groupby('leiden')['Purity'].describe())

# 4) Identify candidate developmental TF / signaling genes present in the panel
candidate_keywords = ['TBX', 'NKX', 'GATA', 'HAND', 'HEY', 'BMP', 'FGF', 'WNT', 'NOTCH', 'HES', 'SOX', 'MEF2', 'ISL', 'ID', 'PDGF']
var_names = pd.Index(adata.var_names.astype(str))

candidate_genes = []
for g in var_names:
    upper_g = g.upper()
    if any(kw in upper_g for kw in candidate_keywords):
        candidate_genes.append(g)

candidate_genes = sorted(set(candidate_genes))

print("\nCandidate developmental TF/signaling genes found in panel (based on name keywords):")
print(f"  Total candidate genes: {len(candidate_genes)}")
if len(candidate_genes) == 0:
    print("  None detected with the given keyword heuristics.")
else:
    for g in candidate_genes:
        print("  ", g)

# Store candidate gene list in adata.uns for reuse in downstream steps
adata.uns['vc_tf_signaling_genes'] = candidate_genes

# 5) Basic expression summary of candidate genes within ventricular cardiomyocytes
if len(candidate_genes) > 0 and vc_mask.sum() > 0:
    sub = adata[vc_mask, candidate_genes]
    # Convert to dense for summary statistics (panel is small)
    X = sub.X.A if hasattr(sub.X, 'A') else sub.X
    # Ensure X is 2D and matches number of genes
    if X.ndim == 1:
        if len(sub.var_names) == 1:
            X = X.reshape(-1, 1)
        else:
            X = X.reshape(X.shape[0], -1)
    expr_df = pd.DataFrame(X, columns=list(sub.var_names))
    print("\nVentricular CM cells: ", vc_mask.sum())
    print("Candidate TF/signaling genes: ", len(candidate_genes))
    print("\nPer-gene expression summary within ventricular cardiomyocytes (mean, std, fraction > 0):")
    for g in sub.var_names:
        vals = expr_df[g].values
        frac_pos = np.mean(vals > 0)
        print(f"  {g}: mean={vals.mean():.3f}, std={vals.std(ddof=1):.3f}, frac_expressing={frac_pos:.3f}")
else:
    print("\nSkipping candidate gene expression summaries (no candidate genes or no ventricular CM cells).")

```


================================================================================
2026-05-17 10:26:36,112 - INFO
================================================================================
RESPONSE/OUTPUT: fix_attempt_failed_1_1_3

FIX ATTEMPT FAILED 3/3 - Analysis 1, Step 1: ValueError: Shape of passed values is (100637, 1), indices imply (100637, 16)

Code:
```python

import numpy as np
import pandas as pd
import scanpy as sc

# 1) Basic overview of adata and relevant metadata columns
print("AnnData shape (cells x genes):", adata.shape)
print("\n.obs columns:", list(adata.obs.columns))
print("\n.obsm keys:", list(adata.obsm.keys()))

# 2) Summarize ventricular cardiomyocyte-related populations
if 'Populations' not in adata.obs.columns:
    raise ValueError("Expected 'Populations' column in adata.obs but did not find it.")

vc_labels = [c for c in adata.obs['Populations'].unique().tolist() if isinstance(c, str) and c.startswith('vCM')]
print("\nVentricular CM-related Populations:")
for lab in vc_labels:
    n_cells = (adata.obs['Populations'] == lab).sum()
    print(f"  {lab}: {n_cells} cells")
if len(vc_labels) == 0:
    print("  No Populations entries starting with 'vCM' were found.")

# 3) Purity distribution overall, by sample, by Leiden, and within ventricular CM populations
if 'Purity' not in adata.obs.columns:
    raise ValueError("Expected 'Purity' column in adata.obs but did not find it.")

print("\nOverall Purity summary:")
print(adata.obs['Purity'].describe())

print("\nPurity summary by Sample_ID:")
if 'Sample_ID' in adata.obs.columns:
    print(adata.obs.groupby('Sample_ID')['Purity'].describe())
else:
    print("Sample_ID column not found; skipping per-sample Purity summary.")

print("\nPurity summary by Leiden cluster (all cells):")
if 'leiden' in adata.obs.columns:
    print(adata.obs.groupby('leiden')['Purity'].describe())
else:
    print("leiden column not found; skipping Purity by Leiden summary.")

print("\nPurity summary within ventricular CM Populations:")
vc_mask = adata.obs['Populations'].isin(vc_labels)
if vc_mask.sum() == 0:
    print("No ventricular cardiomyocyte cells found based on 'vCM' prefix.")
else:
    vc_df = adata.obs.loc[vc_mask, ['Populations', 'Purity']]
    print(vc_df.groupby('Populations')['Purity'].describe())

    # Cross-tabulate ventricular CM Populations with Leiden clusters
    if 'leiden' in adata.obs.columns:
        print("\nContingency table of ventricular CM Populations vs Leiden clusters:")
        ct = pd.crosstab(adata.obs.loc[vc_mask, 'Populations'], adata.obs.loc[vc_mask, 'leiden'])
        print(ct)
    else:
        print("\nleiden column not found; skipping Populations vs Leiden contingency table.")

    # Optional: summarize Purity by Leiden within vCMs
    if 'leiden' in adata.obs.columns:
        print("\nPurity summary by Leiden within ventricular CM cells:")
        print(adata.obs.loc[vc_mask].groupby('leiden')['Purity'].describe())

# 4) Identify candidate developmental TF / signaling genes present in the panel
candidate_keywords = ['TBX', 'NKX', 'GATA', 'HAND', 'HEY', 'BMP', 'FGF', 'WNT', 'NOTCH', 'HES', 'SOX', 'MEF2', 'ISL', 'ID', 'PDGF']
var_names = pd.Index(adata.var_names.astype(str))

candidate_genes = []
for g in var_names:
    upper_g = g.upper()
    if any(kw in upper_g for kw in candidate_keywords):
        candidate_genes.append(g)

candidate_genes = sorted(set(candidate_genes))

print("\nCandidate developmental TF/signaling genes found in panel (based on name keywords):")
print(f"  Total candidate genes: {len(candidate_genes)}")
if len(candidate_genes) == 0:
    print("  None detected with the given keyword heuristics.")
else:
    for g in candidate_genes:
        print("  ", g)

# Store candidate gene list in adata.uns for reuse in downstream steps
adata.uns['vc_tf_signaling_genes'] = candidate_genes

# 5) Basic expression summary of candidate genes within ventricular cardiomyocytes
if len(candidate_genes) > 0 and vc_mask.sum() > 0:
    sub = adata[vc_mask, candidate_genes]
    # Convert to dense for summary statistics (panel is small)
    X = sub.X.A if hasattr(sub.X, 'A') else sub.X
    # Ensure X is 2D and matches number of genes
    if X.ndim == 1:
        X = X.reshape(-1, 1)
    # Ensure the number of columns matches the number of genes
    if X.shape[1] != len(sub.var_names):
        X = X.reshape(X.shape[0], len(sub.var_names))
    expr_df = pd.DataFrame(X, columns=list(sub.var_names))
    print("\nVentricular CM cells: ", vc_mask.sum())
    print("Candidate TF/signaling genes: ", len(candidate_genes))
    print("\nPer-gene expression summary within ventricular cardiomyocytes (mean, std, fraction > 0):")
    for g in sub.var_names:
        vals = expr_df[g].values
        frac_pos = np.mean(vals > 0)
        print(f"  {g}: mean={vals.mean():.3f}, std={vals.std(ddof=1):.3f}, frac_expressing={frac_pos:.3f}")
else:
    print("\nSkipping candidate gene expression summaries (no candidate genes or no ventricular CM cells).")

```


================================================================================
2026-05-17 10:26:36,112 - INFO
================================================================================
RESPONSE/OUTPUT: fix_attempt_exhausted_1_1

ALL FIX ATTEMPTS EXHAUSTED - Analysis 1, Step 1. Failed after 3 attempts.


================================================================================
2026-05-17 10:26:56,766 - INFO
================================================================================
RESPONSE/OUTPUT: initial_analysis_1_1

NEXT STEP PLAN - Analysis 1, Step 2: Recreate a robust version of the initial summary step without re-loading the AnnData object: verify ventricular cardiomyocyte population definitions, summarize Purity across these populations and Leiden clusters, and recompute/validate the developmental TF/signaling gene set in adata.uns['vc_tf_signaling_genes'], handling potential edge cases that may have caused the previous failure.

Code:
```python
import numpy as np
import pandas as pd
import scanpy as sc

# 1) Basic checks and inventory (without re-loading adata)
print('AnnData shape (cells x genes):', adata.shape)
print('\n.obs columns:', list(adata.obs.columns))
print('\n.obsm keys:', list(adata.obsm.keys()))

# Ensure required obs columns exist
required_obs = ['Populations', 'Purity']
for col in required_obs:
    if col not in adata.obs.columns:
        raise ValueError(f"Expected '{col}' column in adata.obs but did not find it.")

# 2) Define ventricular cardiomyocyte populations robustly
pop_series = adata.obs['Populations'].astype(str)
unique_pops = pop_series.unique().tolist()
print('\nUnique Populations (first 30 shown):', unique_pops[:30])

# Use a robust pattern: any population starting with 'vCM' (case-insensitive)
vc_labels = [p for p in unique_pops if isinstance(p, str) and p.upper().startswith('VCM')]

print('\nVentricular CM-related Populations detected:')
if len(vc_labels) == 0:
    print('  No Populations entries starting with "vCM" (case-insensitive) were found.')
else:
    for lab in sorted(vc_labels):
        n_cells = (pop_series == lab).sum()
        print(f'  {lab}: {n_cells} cells')

# Ventricular CM mask
vc_mask = pop_series.isin(vc_labels)
print(f"\nTotal ventricular CM cells identified: {int(vc_mask.sum())}")

# 3) Purity distribution overall, by Sample_ID (if present), and by Leiden (if present)
print('\nOverall Purity summary:')
print(adata.obs['Purity'].describe())

if 'Sample_ID' in adata.obs.columns:
    print('\nPurity summary by Sample_ID:')
    print(adata.obs.groupby('Sample_ID')['Purity'].describe())
else:
    print('\nSample_ID column not found; skipping per-sample Purity summary.')

if 'leiden' in adata.obs.columns:
    print('\nPurity summary by Leiden cluster (all cells):')
    print(adata.obs.groupby('leiden')['Purity'].describe())
else:
    print('\nleiden column not found; skipping Purity by Leiden summary.')

# 4) Purity within ventricular cardiomyocytes and association with Leiden
if vc_mask.sum() > 0:
    vc_obs = adata.obs.loc[vc_mask, :]
    print('\nPurity summary within ventricular CM Populations:')
    print(vc_obs.groupby('Populations')['Purity'].describe())

    if 'leiden' in vc_obs.columns:
        print('\nContingency table of ventricular CM Populations vs Leiden clusters:')
        ct = pd.crosstab(vc_obs['Populations'], vc_obs['leiden'])
        print(ct)

        print('\nPurity summary by Leiden within ventricular CM cells:')
        print(vc_obs.groupby('leiden')['Purity'].describe())
    else:
        print('\nleiden column not found; skipping Populations vs Leiden contingency table within vCMs.')
else:
    print('\nNo ventricular cardiomyocyte cells found based on Populations pattern; downstream steps will need to be adapted.')

# 5) Robust identification of developmental TF / signaling genes
candidate_keywords = ['TBX', 'NKX', 'GATA', 'HAND', 'HEY', 'BMP', 'FGF', 'WNT', 'NOTCH', 'HES', 'SOX', 'MEF2', 'ISL', 'ID', 'PDGF']

var_names = pd.Index(adata.var_names.astype(str))

candidate_genes = []
for g in var_names:
    upper_g = g.upper()
    if any(kw in upper_g for kw in candidate_keywords):
        candidate_genes.append(g)

candidate_genes = sorted(set(candidate_genes))

print('\nCandidate developmental TF/signaling genes found in panel (based on name keywords):')
print(f'  Total candidate genes: {len(candidate_genes)}')
if len(candidate_genes) == 0:
    print('  None detected with the given keyword heuristics. Downstream TF/signaling analyses will need to be reconsidered.')
else:
    for g in candidate_genes:
        print('  ', g)

# Store candidate gene list in adata.uns for reuse; if none found, store empty list for explicitness
if 'uns' not in dir(adata):
    raise AttributeError('AnnData object missing .uns attribute, which is required for storing TF/signaling genes.')

adata.uns['vc_tf_signaling_genes'] = candidate_genes

# 6) Basic expression summary of candidate genes within ventricular cardiomyocytes (if both exist)
if len(candidate_genes) > 0 and vc_mask.sum() > 0:
    sub = adata[vc_mask, candidate_genes].copy()
    X = sub.X
    # Convert to dense for summary statistics if sparse
    if hasattr(X, 'A'):
        X = X.A
    X = np.asarray(X)
    if X.ndim == 1:
        X = X.reshape(-1, 1)
    if X.shape[1] != len(sub.var_names):
        # As a fallback, reshape to (n_cells, n_genes) if dimensions mismatch
        X = X.reshape(X.shape[0], len(sub.var_names))

    expr_df = pd.DataFrame(X, columns=list(sub.var_names))

    print(f"\nVentricular CM cells: {int(vc_mask.sum())}")
    print(f"Candidate TF/signaling genes: {len(candidate_genes)}")
    print('\nPer-gene expression summary within ventricular cardiomyocytes (mean, std, fraction > 0):')
    for g in sub.var_names:
        vals = expr_df[g].values
        frac_pos = np.mean(vals > 0)
        mean_val = float(np.mean(vals))
        std_val = float(np.std(vals, ddof=1)) if vals.size > 1 else 0.0
        print(f'  {g}: mean={mean_val:.3f}, std={std_val:.3f}, frac_expressing={frac_pos:.3f}')
else:
    print('\nSkipping candidate gene expression summaries (no candidate genes detected or no ventricular CM cells identified).')

print('\nStep 1 summary complete: ventricular CM distribution, Purity patterns, and TF/signaling gene set curated into adata.uns["vc_tf_signaling_genes"].')

```


================================================================================
2026-05-17 10:27:29,562 - INFO
================================================================================
RESPONSE/OUTPUT: self_critique_1_1

APPLIED SELF-CRITIQUE - Analysis 1, Step 2


================================================================================
2026-05-17 10:27:29,563 - INFO
================================================================================
RESPONSE/OUTPUT: revised_analysis_1_1

Revised Hypothesis: Within ventricular cardiomyocytes, spatial gradients of developmental transcription factor expression form coherent, spatially localized maturation states that are associated with differences in local cellular purity (segmentation confidence) and are not captured by existing Leiden clusters or coarse cell-type labels.

Revised Analysis Plan:
1. Robustly verify ventricular cardiomyocyte population definitions and Purity distributions across samples and Leiden clusters, and curate a ventricular developmental TF/signaling gene set into adata.uns['vc_tf_signaling_genes'], avoiding redundant summaries and over-defensive reshaping while ensuring clear failure modes.
2. Within ventricular cardiomyocytes, compute per-cell TF/signaling scores using adata.uns['vc_tf_signaling_genes'], then quantify spatial structure of these scores per sample and vCM subtype by correlating each cell’s score with its spatial kNN-neighborhood mean score (via sc.pp.neighbors on obsm['spatial']) and assessing associations with Purity using Pearson/Spearman correlations and scipy.stats.linregress.
3. Construct spatial kNN neighborhoods among ventricular cardiomyocytes, compute neighborhood-averaged TF/signaling scores, and within each major vCM subtype and sample compare neighborhood scores between high- and low-Purity cells (e.g. per-subtype+sample median split) using effect sizes and Mann–Whitney U or t-tests, with permutation-based p-values where needed.
4. Cluster ventricular cardiomyocytes using only TF/signaling gene expression (PCA + sc.pp.neighbors + sc.tl.leiden on the restricted gene set) and quantitatively compare these TF-defined states to existing Leiden clusters and Populations via contingency tables, chi-squared enrichment tests, and Purity distribution comparisons (Kruskal–Wallis and pairwise Mann–Whitney tests).
5. Extend TF/signaling scoring to key non-cardiomyocyte populations (e.g. ventricular fibroblasts, endothelial cells), and within shared spatial neighborhoods quantify cross-cell-type coordination by correlating local vCM neighborhood TF/signaling scores with neighboring non-CM scores using Pearson/Spearman correlations and simple permutation tests, stratified by Sample_ID.

Revised Code:
import numpy as np
import pandas as pd
import scanpy as sc

# 1) Basic checks and inventory (without re-loading adata)
print('AnnData shape (cells x genes):', adata.shape)
print('\n.obs columns:', list(adata.obs.columns))
print('\n.obsm keys:', list(adata.obsm.keys()))

# Ensure required obs columns exist
required_obs = ['Populations', 'Purity']
for col in required_obs:
    if col not in adata.obs.columns:
        raise ValueError(f"Expected '{col}' column in adata.obs but did not find it.")

# 2) Define ventricular cardiomyocyte populations robustly
pop_series = adata.obs['Populations'].astype(str)
unique_pops = pop_series.unique().tolist()
print('\nUnique Populations (first 30 shown):', unique_pops[:30])

# Use a robust pattern: any population starting with 'vCM' (case-insensitive)
vc_labels = [p for p in unique_pops if isinstance(p, str) and p.upper().startswith('VCM')]

print('\nVentricular CM-related Populations detected:')
if len(vc_labels) == 0:
    print('  No Populations entries starting with "vCM" (case-insensitive) were found.')
else:
    for lab in sorted(vc_labels):
        n_cells = (pop_series == lab).sum()
        print(f'  {lab}: {n_cells} cells')

# Ventricular CM mask
vc_mask = pop_series.isin(vc_labels)
print(f"\nTotal ventricular CM cells identified: {int(vc_mask.sum())}")

# 3) Purity distribution overall, by Sample_ID (if present), and by Leiden (if present)
print('\nOverall Purity summary:')
print(adata.obs['Purity'].describe())

if 'Sample_ID' in adata.obs.columns:
    print('\nPurity summary by Sample_ID:')
    print(adata.obs.groupby('Sample_ID')['Purity'].describe())
else:
    print('\nSample_ID column not found; skipping per-sample Purity summary.')

if 'leiden' in adata.obs.columns:
    print('\nPurity summary by Leiden cluster (all cells):')
    print(adata.obs.groupby('leiden')['Purity'].describe())
else:
    print('\nleiden column not found; skipping Purity by Leiden summary.')

# 4) Purity within ventricular cardiomyocytes and association with Leiden
if vc_mask.sum() > 0:
    vc_obs = adata.obs.loc[vc_mask, :]
    print('\nPurity summary within ventricular CM Populations:')
    print(vc_obs.groupby('Populations')['Purity'].describe())

    if 'leiden' in vc_obs.columns:
        print('\nContingency table of ventricular CM Populations vs Leiden clusters:')
        ct = pd.crosstab(vc_obs['Populations'], vc_obs['leiden'])
        print(ct)

        print('\nPurity summary by Leiden within ventricular CM cells:')
        print(vc_obs.groupby('leiden')['Purity'].describe())
    else:
        print('\nleiden column not found; skipping Populations vs Leiden contingency table within vCMs.')
else:
    print('\nNo ventricular cardiomyocyte cells found based on Populations pattern; downstream steps will need to be adapted.')

# 5) Robust identification of developmental TF / signaling genes
candidate_keywords = ['TBX', 'NKX', 'GATA', 'HAND', 'HEY', 'BMP', 'FGF', 'WNT', 'NOTCH', 'HES', 'SOX', 'MEF2', 'ISL', 'ID', 'PDGF']

var_names = pd.Index(adata.var_names.astype(str))

candidate_genes = []
for g in var_names:
    upper_g = g.upper()
    if any(kw in upper_g for kw in candidate_keywords):
        candidate_genes.append(g)

candidate_genes = sorted(set(candidate_genes))

print('\nCandidate developmental TF/signaling genes found in panel (based on name keywords):')
print(f'  Total candidate genes: {len(candidate_genes)}')
if len(candidate_genes) == 0:
    print('  None detected with the given keyword heuristics. Downstream TF/signaling analyses will need to be reconsidered.')
else:
    for g in candidate_genes:
        print('  ', g)

# Store candidate gene list in adata.uns for reuse; if none found, store empty list for explicitness
adata.uns['vc_tf_signaling_genes'] = candidate_genes

# 6) Basic expression summary of candidate genes within ventricular cardiomyocytes (if both exist)
if len(candidate_genes) > 0 and vc_mask.sum() > 0:
    sub = adata[vc_mask, candidate_genes].copy()
    X = sub.X
    # Convert to dense for summary statistics if sparse
    if hasattr(X, 'A'):
        X = X.A
    X = np.asarray(X)
    if X.ndim == 1:
        X = X.reshape(-1, 1)
    # At this point, X.shape[1] should equal len(sub.var_names); if not, raise to avoid masking issues
    if X.shape[1] != len(sub.var_names):
        raise ValueError(
            f"Expression matrix second dimension (n_var={X.shape[1]}) does not match number of genes (len(var_names)={len(sub.var_names)})."
        )

    expr_df = pd.DataFrame(X, columns=list(sub.var_names))

    print(f"\nVentricular CM cells: {int(vc_mask.sum())}")
    print(f"Candidate TF/signaling genes: {len(candidate_genes)}")
    print('\nPer-gene expression summary within ventricular cardiomyocytes (mean, std, fraction > 0):')
    for g in sub.var_names:
        vals = expr_df[g].values
        frac_pos = np.mean(vals > 0)
        mean_val = float(np.mean(vals))
        std_val = float(np.std(vals, ddof=1)) if vals.size > 1 else 0.0
        print(f'  {g}: mean={mean_val:.3f}, std={std_val:.3f}, frac_expressing={frac_pos:.3f}')
else:
    print('\nSkipping candidate gene expression summaries (no candidate genes detected or no ventricular CM cells identified).')

print('\nStep 1 summary complete: ventricular CM distribution, Purity patterns, and TF/signaling gene set curated into adata.uns["vc_tf_signaling_genes"].')


================================================================================
2026-05-17 10:27:30,081 - INFO
================================================================================
RESPONSE/OUTPUT: step_execution_failed_1_2

STEP 2 FAILED - Analysis 1

Code:
```python
import numpy as np
import pandas as pd
import scanpy as sc

# 1) Basic checks and inventory (without re-loading adata)
print('AnnData shape (cells x genes):', adata.shape)
print('\n.obs columns:', list(adata.obs.columns))
print('\n.obsm keys:', list(adata.obsm.keys()))

# Ensure required obs columns exist
required_obs = ['Populations', 'Purity']
for col in required_obs:
    if col not in adata.obs.columns:
        raise ValueError(f"Expected '{col}' column in adata.obs but did not find it.")

# 2) Define ventricular cardiomyocyte populations robustly
pop_series = adata.obs['Populations'].astype(str)
unique_pops = pop_series.unique().tolist()
print('\nUnique Populations (first 30 shown):', unique_pops[:30])

# Use a robust pattern: any population starting with 'vCM' (case-insensitive)
vc_labels = [p for p in unique_pops if isinstance(p, str) and p.upper().startswith('VCM')]

print('\nVentricular CM-related Populations detected:')
if len(vc_labels) == 0:
    print('  No Populations entries starting with "vCM" (case-insensitive) were found.')
else:
    for lab in sorted(vc_labels):
        n_cells = (pop_series == lab).sum()
        print(f'  {lab}: {n_cells} cells')

# Ventricular CM mask
vc_mask = pop_series.isin(vc_labels)
print(f"\nTotal ventricular CM cells identified: {int(vc_mask.sum())}")

# 3) Purity distribution overall, by Sample_ID (if present), and by Leiden (if present)
print('\nOverall Purity summary:')
print(adata.obs['Purity'].describe())

if 'Sample_ID' in adata.obs.columns:
    print('\nPurity summary by Sample_ID:')
    print(adata.obs.groupby('Sample_ID')['Purity'].describe())
else:
    print('\nSample_ID column not found; skipping per-sample Purity summary.')

if 'leiden' in adata.obs.columns:
    print('\nPurity summary by Leiden cluster (all cells):')
    print(adata.obs.groupby('leiden')['Purity'].describe())
else:
    print('\nleiden column not found; skipping Purity by Leiden summary.')

# 4) Purity within ventricular cardiomyocytes and association with Leiden
if vc_mask.sum() > 0:
    vc_obs = adata.obs.loc[vc_mask, :]
    print('\nPurity summary within ventricular CM Populations:')
    print(vc_obs.groupby('Populations')['Purity'].describe())

    if 'leiden' in vc_obs.columns:
        print('\nContingency table of ventricular CM Populations vs Leiden clusters:')
        ct = pd.crosstab(vc_obs['Populations'], vc_obs['leiden'])
        print(ct)

        print('\nPurity summary by Leiden within ventricular CM cells:')
        print(vc_obs.groupby('leiden')['Purity'].describe())
    else:
        print('\nleiden column not found; skipping Populations vs Leiden contingency table within vCMs.')
else:
    print('\nNo ventricular cardiomyocyte cells found based on Populations pattern; downstream steps will need to be adapted.')

# 5) Robust identification of developmental TF / signaling genes
candidate_keywords = ['TBX', 'NKX', 'GATA', 'HAND', 'HEY', 'BMP', 'FGF', 'WNT', 'NOTCH', 'HES', 'SOX', 'MEF2', 'ISL', 'ID', 'PDGF']

var_names = pd.Index(adata.var_names.astype(str))

candidate_genes = []
for g in var_names:
    upper_g = g.upper()
    if any(kw in upper_g for kw in candidate_keywords):
        candidate_genes.append(g)

candidate_genes = sorted(set(candidate_genes))

print('\nCandidate developmental TF/signaling genes found in panel (based on name keywords):')
print(f'  Total candidate genes: {len(candidate_genes)}')
if len(candidate_genes) == 0:
    print('  None detected with the given keyword heuristics. Downstream TF/signaling analyses will need to be reconsidered.')
else:
    for g in candidate_genes:
        print('  ', g)

# Store candidate gene list in adata.uns for reuse; if none found, store empty list for explicitness
adata.uns['vc_tf_signaling_genes'] = candidate_genes

# 6) Basic expression summary of candidate genes within ventricular cardiomyocytes (if both exist)
if len(candidate_genes) > 0 and vc_mask.sum() > 0:
    sub = adata[vc_mask, candidate_genes].copy()
    X = sub.X
    # Convert to dense for summary statistics if sparse
    if hasattr(X, 'A'):
        X = X.A
    X = np.asarray(X)
    if X.ndim == 1:
        X = X.reshape(-1, 1)
    # At this point, X.shape[1] should equal len(sub.var_names); if not, raise to avoid masking issues
    if X.shape[1] != len(sub.var_names):
        raise ValueError(
            f"Expression matrix second dimension (n_var={X.shape[1]}) does not match number of genes (len(var_names)={len(sub.var_names)})."
        )

    expr_df = pd.DataFrame(X, columns=list(sub.var_names))

    print(f"\nVentricular CM cells: {int(vc_mask.sum())}")
    print(f"Candidate TF/signaling genes: {len(candidate_genes)}")
    print('\nPer-gene expression summary within ventricular cardiomyocytes (mean, std, fraction > 0):')
    for g in sub.var_names:
        vals = expr_df[g].values
        frac_pos = np.mean(vals > 0)
        mean_val = float(np.mean(vals))
        std_val = float(np.std(vals, ddof=1)) if vals.size > 1 else 0.0
        print(f'  {g}: mean={mean_val:.3f}, std={std_val:.3f}, frac_expressing={frac_pos:.3f}')
else:
    print('\nSkipping candidate gene expression summaries (no candidate genes detected or no ventricular CM cells identified).')

print('\nStep 1 summary complete: ventricular CM distribution, Purity patterns, and TF/signaling gene set curated into adata.uns["vc_tf_signaling_genes"].')

 Error:
IndexError: tuple index out of range```


================================================================================
2026-05-17 10:27:39,981 - INFO
================================================================================
RESPONSE/OUTPUT: fix_attempt_failed_1_2_1

FIX ATTEMPT FAILED 1/3 - Analysis 1, Step 2: ValueError: Expression matrix first dimension (n_obs=1) does not match number of cells (n_obs=100637).

Code:
```python
import numpy as np
import pandas as pd
import scanpy as sc

# 1) Basic checks and inventory (without re-loading adata)
print('AnnData shape (cells x genes):', adata.shape)
print('\n.obs columns:', list(adata.obs.columns))
print('\n.obsm keys:', list(adata.obsm.keys()))

# Ensure required obs columns exist
required_obs = ['Populations', 'Purity']
for col in required_obs:
    if col not in adata.obs.columns:
        raise ValueError(f"Expected '{col}' column in adata.obs but did not find it.")

# 2) Define ventricular cardiomyocyte populations robustly
pop_series = adata.obs['Populations'].astype(str)
unique_pops = pop_series.unique().tolist()
print('\nUnique Populations (first 30 shown):', unique_pops[:30])

# Use a robust pattern: any population starting with 'vCM' (case-insensitive)
vc_labels = [p for p in unique_pops if isinstance(p, str) and p.upper().startswith('VCM')]

print('\nVentricular CM-related Populations detected:')
if len(vc_labels) == 0:
    print('  No Populations entries starting with "vCM" (case-insensitive) were found.')
else:
    for lab in sorted(vc_labels):
        n_cells = (pop_series == lab).sum()
        print(f'  {lab}: {n_cells} cells')

# Ventricular CM mask
vc_mask = pop_series.isin(vc_labels)
print(f"\nTotal ventricular CM cells identified: {int(vc_mask.sum())}")

# 3) Purity distribution overall, by Sample_ID (if present), and by Leiden (if present)
print('\nOverall Purity summary:')
print(adata.obs['Purity'].describe())

if 'Sample_ID' in adata.obs.columns:
    print('\nPurity summary by Sample_ID:')
    print(adata.obs.groupby('Sample_ID')['Purity'].describe())
else:
    print('\nSample_ID column not found; skipping per-sample Purity summary.')

if 'leiden' in adata.obs.columns:
    print('\nPurity summary by Leiden cluster (all cells):')
    print(adata.obs.groupby('leiden')['Purity'].describe())
else:
    print('\nleiden column not found; skipping Purity by Leiden summary.')

# 4) Purity within ventricular cardiomyocytes and association with Leiden
if vc_mask.sum() > 0:
    vc_obs = adata.obs.loc[vc_mask, :]
    print('\nPurity summary within ventricular CM Populations:')
    print(vc_obs.groupby('Populations')['Purity'].describe())

    if 'leiden' in vc_obs.columns:
        print('\nContingency table of ventricular CM Populations vs Leiden clusters:')
        ct = pd.crosstab(vc_obs['Populations'], vc_obs['leiden'])
        print(ct)

        print('\nPurity summary by Leiden within ventricular CM cells:')
        print(vc_obs.groupby('leiden')['Purity'].describe())
    else:
        print('\nleiden column not found; skipping Populations vs Leiden contingency table within vCMs.')
else:
    print('\nNo ventricular cardiomyocyte cells found based on Populations pattern; downstream steps will need to be adapted.')

# 5) Robust identification of developmental TF / signaling genes
candidate_keywords = ['TBX', 'NKX', 'GATA', 'HAND', 'HEY', 'BMP', 'FGF', 'WNT', 'NOTCH', 'HES', 'SOX', 'MEF2', 'ISL', 'ID', 'PDGF']

var_names = pd.Index(adata.var_names.astype(str))

candidate_genes = []
for g in var_names:
    upper_g = g.upper()
    if any(kw in upper_g for kw in candidate_keywords):
        candidate_genes.append(g)

candidate_genes = sorted(set(candidate_genes))

print('\nCandidate developmental TF/signaling genes found in panel (based on name keywords):')
print(f'  Total candidate genes: {len(candidate_genes)}')
if len(candidate_genes) == 0:
    print('  None detected with the given keyword heuristics. Downstream TF/signaling analyses will need to be reconsidered.')
else:
    for g in candidate_genes:
        print('  ', g)

# Store candidate gene list in adata.uns for reuse; if none found, store empty list for explicitness
adata.uns['vc_tf_signaling_genes'] = candidate_genes

# 6) Basic expression summary of candidate genes within ventricular cardiomyocytes (if both exist)
if len(candidate_genes) > 0 and vc_mask.sum() > 0:
    sub = adata[vc_mask, candidate_genes].copy()
    X = sub.X

    # Handle 0 candidate genes or unexpected shapes safely
    if X is None:
        print('\nSubsetting returned an AnnData object with X=None; skipping expression summaries.')
    else:
        if hasattr(X, 'A'):
            X = X.A
        X = np.asarray(X)

        if X.ndim == 1:
            X = X.reshape(-1, 1)
        elif X.ndim == 0:
            X = X.reshape(1, 1)

        if X.shape[0] != sub.n_obs:
            raise ValueError(
                f"Expression matrix first dimension (n_obs={X.shape[0]}) does not match number of cells (n_obs={sub.n_obs})."
            )
        if X.shape[1] != sub.n_vars:
            raise ValueError(
                f"Expression matrix second dimension (n_var={X.shape[1]}) does not match number of genes (n_vars={sub.n_vars})."
            )

        expr_df = pd.DataFrame(X, columns=list(sub.var_names))

        print(f"\nVentricular CM cells: {int(vc_mask.sum())}")
        print(f"Candidate TF/signaling genes: {len(candidate_genes)}")
        print('\nPer-gene expression summary within ventricular cardiomyocytes (mean, std, fraction > 0):')
        for g in sub.var_names:
            vals = expr_df[g].values
            frac_pos = np.mean(vals > 0)
            mean_val = float(np.mean(vals))
            std_val = float(np.std(vals, ddof=1)) if vals.size > 1 else 0.0
            print(f'  {g}: mean={mean_val:.3f}, std={std_val:.3f}, frac_expressing={frac_pos:.3f}')
else:
    print('\nSkipping candidate gene expression summaries (no candidate genes detected or no ventricular CM cells identified).')

print('\nStep 1 summary complete: ventricular CM distribution, Purity patterns, and TF/signaling gene set curated into adata.uns["vc_tf_signaling_genes"].')
```


================================================================================
2026-05-17 10:27:52,317 - INFO
================================================================================
RESPONSE/OUTPUT: fix_attempt_failed_1_2_2

FIX ATTEMPT FAILED 2/3 - Analysis 1, Step 2: ValueError: Expression matrix first dimension (n_obs=1) does not match number of cells (n_obs=100637).

Code:
```python
import numpy as np
import pandas as pd
import scanpy as sc

# 1) Basic checks and inventory (without re-loading adata)
print('AnnData shape (cells x genes):', adata.shape)
print('\n.obs columns:', list(adata.obs.columns))
print('\n.obsm keys:', list(adata.obsm.keys()))

# Ensure required obs columns exist
required_obs = ['Populations', 'Purity']
for col in required_obs:
    if col not in adata.obs.columns:
        raise ValueError(f"Expected '{col}' column in adata.obs but did not find it.")

# 2) Define ventricular cardiomyocyte populations robustly
pop_series = adata.obs['Populations'].astype(str)
unique_pops = pop_series.unique().tolist()
print('\nUnique Populations (first 30 shown):', unique_pops[:30])

# Use a robust pattern: any population starting with 'vCM' (case-insensitive)
vc_labels = [p for p in unique_pops if isinstance(p, str) and p.upper().startswith('VCM')]

print('\nVentricular CM-related Populations detected:')
if len(vc_labels) == 0:
    print('  No Populations entries starting with "vCM" (case-insensitive) were found.')
else:
    for lab in sorted(vc_labels):
        n_cells = (pop_series == lab).sum()
        print(f'  {lab}: {n_cells} cells')

# Ventricular CM mask
vc_mask = pop_series.isin(vc_labels)
print(f"\nTotal ventricular CM cells identified: {int(vc_mask.sum())}")

# 3) Purity distribution overall, by Sample_ID (if present), and by Leiden (if present)
print('\nOverall Purity summary:')
print(adata.obs['Purity'].describe())

if 'Sample_ID' in adata.obs.columns:
    print('\nPurity summary by Sample_ID:')
    print(adata.obs.groupby('Sample_ID')['Purity'].describe())
else:
    print('\nSample_ID column not found; skipping per-sample Purity summary.')

if 'leiden' in adata.obs.columns:
    print('\nPurity summary by Leiden cluster (all cells):')
    print(adata.obs.groupby('leiden')['Purity'].describe())
else:
    print('\nleiden column not found; skipping Purity by Leiden summary.')

# 4) Purity within ventricular cardiomyocytes and association with Leiden
if vc_mask.sum() > 0:
    vc_obs = adata.obs.loc[vc_mask, :]
    print('\nPurity summary within ventricular CM Populations:')
    print(vc_obs.groupby('Populations')['Purity'].describe())

    if 'leiden' in vc_obs.columns:
        print('\nContingency table of ventricular CM Populations vs Leiden clusters:')
        ct = pd.crosstab(vc_obs['Populations'], vc_obs['leiden'])
        print(ct)

        print('\nPurity summary by Leiden within ventricular CM cells:')
        print(vc_obs.groupby('leiden')['Purity'].describe())
    else:
        print('\nleiden column not found; skipping Populations vs Leiden contingency table within vCMs.')
else:
    print('\nNo ventricular cardiomyocyte cells found based on Populations pattern; downstream steps will need to be adapted.')

# 5) Robust identification of developmental TF / signaling genes
candidate_keywords = ['TBX', 'NKX', 'GATA', 'HAND', 'HEY', 'BMP', 'FGF', 'WNT', 'NOTCH', 'HES', 'SOX', 'MEF2', 'ISL', 'ID', 'PDGF']

var_names = pd.Index(adata.var_names.astype(str))

candidate_genes = []
for g in var_names:
    upper_g = g.upper()
    if any(kw in upper_g for kw in candidate_keywords):
        candidate_genes.append(g)

candidate_genes = sorted(set(candidate_genes))

print('\nCandidate developmental TF/signaling genes found in panel (based on name keywords):')
print(f'  Total candidate genes: {len(candidate_genes)}')
if len(candidate_genes) == 0:
    print('  None detected with the given keyword heuristics. Downstream TF/signaling analyses will need to be reconsidered.')
else:
    for g in candidate_genes:
        print('  ', g)

# Store candidate gene list in adata.uns for reuse; if none found, store empty list for explicitness
adata.uns['vc_tf_signaling_genes'] = candidate_genes

# 6) Basic expression summary of candidate genes within ventricular cardiomyocytes (if both exist)
if len(candidate_genes) > 0 and vc_mask.sum() > 0:
    sub = adata[vc_mask, candidate_genes].copy()
    X = sub.X

    if X is None:
        print('\nSubsetting returned an AnnData object with X=None; skipping expression summaries.')
    else:
        # Convert sparse to dense if needed
        if hasattr(X, 'A'):
            X = X.A
        X = np.asarray(X)

        # Ensure 2D (cells x genes)
        if X.ndim == 1:
            # If it's a vector, assume it is per-cell and reshape accordingly
            if X.shape[0] == sub.n_obs:
                X = X.reshape(sub.n_obs, 1)
            elif X.shape[0] == sub.n_vars:
                X = X.reshape(1, sub.n_vars)
            else:
                raise ValueError(
                    f"Unexpected 1D shape of X (len={X.shape[0]}), does not match n_obs={sub.n_obs} or n_vars={sub.n_vars}."
                )
        elif X.ndim == 0:
            X = X.reshape(1, 1)

        # Final sanity checks
        if X.shape[0] != sub.n_obs:
            raise ValueError(
                f"Expression matrix first dimension (n_obs={X.shape[0]}) does not match number of cells (n_obs={sub.n_obs})."
            )
        if X.shape[1] != sub.n_vars:
            raise ValueError(
                f"Expression matrix second dimension (n_var={X.shape[1]}) does not match number of genes (n_vars={sub.n_vars})."
            )

        expr_df = pd.DataFrame(X, columns=list(sub.var_names))

        print(f"\nVentricular CM cells: {int(vc_mask.sum())}")
        print(f"Candidate TF/signaling genes: {len(candidate_genes)}")
        print('\nPer-gene expression summary within ventricular cardiomyocytes (mean, std, fraction > 0):')
        for g in sub.var_names:
            vals = expr_df[g].values
            frac_pos = np.mean(vals > 0)
            mean_val = float(np.mean(vals))
            std_val = float(np.std(vals, ddof=1)) if vals.size > 1 else 0.0
            print(f'  {g}: mean={mean_val:.3f}, std={std_val:.3f}, frac_expressing={frac_pos:.3f}')
else:
    print('\nSkipping candidate gene expression summaries (no candidate genes detected or no ventricular CM cells identified).')

print('\nStep 1 summary complete: ventricular CM distribution, Purity patterns, and TF/signaling gene set curated into adata.uns["vc_tf_signaling_genes"].')
```


================================================================================
2026-05-17 10:28:01,615 - INFO
================================================================================
RESPONSE/OUTPUT: fix_attempt_success_1_2_3

FIX SUCCESSFUL on attempt 3/3 - Analysis 1, Step 3


================================================================================
2026-05-17 10:28:22,733 - INFO
================================================================================
RESPONSE/OUTPUT: results_interpretation_1_2

- The ventricular cardiomyocyte (vCM) definition looks robust and nicely aligned with `.obs["Populations"]`: you have ~100k vCM cells across clear anatomical/maturation-related subtypes (LV/RV, AV, compact/trabecular, His‑Purkinje, proliferating). That gives you enough power to look for subtle spatial gradients within and across these subtypes.

- Purity is well-behaved overall (mean ~0.5, reasonably broad spread), and there are clear differences both:
  - Across vCM subtypes (e.g. LV-Compact ~0.47 vs RV-Compact ~0.39 vs LV-Trabecular ~0.48 vs Proliferating ~0.43), and  
  - Across Leiden clusters that are vCM-enriched (e.g. 16, 19 at ~0.50 vs 2, 25 at ~0.40).
  
  This supports the hypothesis that Purity is not random noise and may be biologically or segmentation-structure related. It also means you can legitimately ask whether TF/signaling gradients “track” these Purity differences in space.

- The contingency table shows that existing Leiden clusters are strongly, but not perfectly, aligned to Populations:
  - Some vCM subtypes are almost monophasic in certain Leiden clusters (e.g. vCM-His‑Purkinje ≈ all Leiden 19; vCM-LV-AV heavily in 16; vCM-RV-Compact heavily in 2), while others are spread across several clusters (especially LV-Compact, Proliferating, trabecular populations).
  - That partial mismatch is exactly the regime where your later TF‑only clustering (step 4) can reveal alternative “maturation axes” not captured by the global Leiden solution.

- The TF/signaling gene curation step seems to have worked well in terms of content:
  - You captured a focused set (16 genes) that are very appropriate for developmental and signaling gradients in vCMs: TBX3/5/18, NKX2–5, HAND1/2, ISL1, MEF2C, HEY1/2, BMP2, FGF12, NOTCH1, SOX9, PDGFRA/B.
  - This list is neither trivially huge nor degenerate, so per-cell scores and TF‑based clustering will be interpretable and distinct from the original paper’s broad cell-type analysis.

- However, the warning “Got a scalar expression value for subset; skipping candidate gene expression summaries” is a red flag about the current `adata.X` configuration:
  - A scalar for `sub.X` after subsetting suggests either:
    - `adata.X` might be 1D (e.g. some derived score, not the raw expression matrix), or
    - You are working on a view with an unusual `.X` layout, or
    - The expression has been moved into `.layers` (e.g. `"counts"` or `"lognorm"`) and `X` is something else.
  - This must be fixed before you proceed to steps 2–4, because all your planned TF scoring and TF‑based clustering assume a 2D (cells × genes) expression matrix.

  For next steps, I’d recommend:
  - Explicitly inspect `adata.X.shape`, `adata.layers.keys()`, and `adata.raw`:
    - If counts or log-normalized values live in `adata.layers["counts"]` or similar, use that layer in subsequent scoring (and when subsetting for the TF genes).
    - Alternatively, if the true expression matrix is in `adata.raw.X`, consider using `adata.raw` for all TF/signaling operations.
  - Re-run a minimal check:
    ```python
    sub = adata[vc_mask, adata.uns['vc_tf_signaling_genes']].copy()
    print(sub.X, type(sub.X), getattr(sub.X, 'shape', None))
    ```
    and confirm that you are working on a 2D sparse/dense matrix before computing any scores.

How this informs the hypothesis and future steps:

- Hypothesis relevance:
  - You now have:
    - A well-defined vCM subset,
    - Measurable Purity variation both within and between vCM populations, and
    - A curated developmental TF/signaling gene set.
  - That is sufficient infrastructure to test whether *spatially coherent TF/signaling states* exist in vCMs and whether they relate to Purity independently of Leiden/Populations. The heterogeneity in Purity and in the Populations–Leiden mapping is actually a promising sign that new structure may be discoverable.

- For step 2 (per-cell TF/signaling scores and spatial structure):
  - Once the `X` issue is resolved, I would:
    - Compute a simple TF/signaling score per cell (e.g. mean z‑score across the 16 genes in vCMs, possibly separated into “classic cardiac TFs” vs “signaling receptors/ligands” if you later want more dimensions).
    - Use `sc.pp.neighbors` on `.obsm["spatial"]` *restricted to vCMs* (per sample) to compute a spatial kNN graph and neighborhood-averaged TF scores.
    - Quantify:
      - Correlation of each cell’s TF score with its neighborhood-mean TF score (per sample and per vCM subtype) to assess how spatially smooth/coherent these TF states are.
      - Association of TF scores (or local neighborhood scores) with Purity via Pearson/Spearman and linear models, stratified by sample and subtype. This directly addresses the “local cellular purity” aspect of your hypothesis.
    - Also check whether the TF scores still show structure **within** a single vCM Population–Leiden combination (e.g. only vCM-LV-Compact ∩ Leiden 4), which would demonstrate that TF gradients are not reducible to coarse labels.

- For step 3 (high vs low Purity neighborhood comparison):
  - The substantial spread in Purity within each vCM subtype (e.g. LV-Compact 25–75%: ~0.41–0.53) suggests that a median split within subtype+sample will be meaningful.
  - When constructing spatial kNN neighborhoods, be explicit about:
    - Doing the graph per sample (to avoid cross-section edges),
    - Possibly restricting to vCMs only, then later layering in other cell types.
  - Compare neighborhood-averaged TF scores between high- and low-Purity cells within each subtype+sample, and use effect sizes (e.g. Cliff’s delta or Cohen’s d) alongside Mann–Whitney/t-tests.
  - If you see coherent spatial “patches” where high TF-scores co-occur with either very high or low Purity that cut across Leiden clusters, that would strongly support the core hypothesis.

- For step 4 (TF‑only clustering vs Leiden/Populations):
  - The contingency table already hints that the current Leiden partition is dominated by broad expression patterns, mixing AV, compact, trabecular, proliferating states in complex ways.
  - Using only the 16 TF/signaling genes for PCA + neighbors + Leiden should give a lower-dimensional, developmentally focused manifold. Compare:
    - Whether TF-defined clusters partition cells **within** each existing Population (e.g. split vCM-LV-Compact into multiple TF states), and
    - Whether their Purity distributions differ more than those of the original Leiden clusters.
  - Chi-squared tests on contingency tables (TF-cluster × Populations; TF-cluster × Leiden) will quantify how orthogonal these new states are to the existing labels—this is central to showing that the TF states are “not captured by existing Leiden clusters or coarse cell-type labels.”

- A note to keep the analysis distinct from the paper:
  - The paper likely focused on broad spatial communities and co-localization of cell types. Here you’re explicitly interrogating **fine-scale TF/signaling gradients within a single major cardiomyocyte class** and tying them to segmentation-derived Purity and spatial neighborhood structure. That emphasis on local maturation states + segmentation quality is a distinct analytical angle, so you’re on solid ground in terms of novelty.

In short, the population definition and Purity characterization are in good shape and supportive of the hypothesis. The key technical blocker now is ensuring that you have a valid expression matrix for the TF/signaling genes. Once that is fixed, you can proceed with spatial TF scoring, neighborhood analyses, and TF-based clustering to directly test for spatially coherent maturation states that cut across current Leiden/Population labels and relate to Purity.


================================================================================
2026-05-17 10:28:50,648 - INFO
================================================================================
RESPONSE/OUTPUT: initial_analysis_1_2

NEXT STEP PLAN - Analysis 1, Step 3: Verify that a proper 2D expression matrix is available for the curated TF/signaling genes (preferring a counts or log-normalized layer if X is malformed), then compute per-cell TF/signaling scores within ventricular cardiomyocytes using this matrix and store them in adata.obs.

Code:
```python
import numpy as np
import pandas as pd
from scipy import stats
import scanpy as sc

# --- Step 2 implementation: per-cell TF/signaling scores and spatial/Purity structure in vCMs ---

# 0) Basic checks
if 'Populations' not in adata.obs.columns:
    raise ValueError("Expected 'Populations' in adata.obs.")
if 'Purity' not in adata.obs.columns:
    raise ValueError("Expected 'Purity' in adata.obs.")
if 'spatial' not in adata.obsm.keys():
    raise ValueError("Expected 'spatial' coordinates in adata.obsm['spatial'].")
if 'vc_tf_signaling_genes' not in adata.uns:
    raise ValueError("Expected curated TF/signaling gene list in adata.uns['vc_tf_signaling_genes'] from step 1.")

vc_genes = list(adata.uns['vc_tf_signaling_genes'])
if len(vc_genes) == 0:
    raise ValueError("vc_tf_signaling_genes is empty; cannot compute TF/signaling scores.")

# restrict gene list to those present in adata.var_names
vc_genes = [g for g in vc_genes if g in adata.var_names]
if len(vc_genes) == 0:
    raise ValueError("None of the curated TF/signaling genes are present in adata.var_names.")

# 1) Identify ventricular cardiomyocytes (vCMs)
pop = adata.obs['Populations'].astype(str)
vc_labels = [p for p in pop.unique().tolist() if isinstance(p, str) and p.upper().startswith('VCM')]
vc_mask = pop.isin(vc_labels)
if vc_mask.sum() == 0:
    raise ValueError("No ventricular cardiomyocytes found based on Populations starting with 'vCM'.")

print(f"Total ventricular CM cells: {int(vc_mask.sum())}")
print("vCM Populations:", sorted(set(pop[vc_mask].tolist())))

# 2) Determine which expression matrix to use
# Prefer a proper 2D matrix in layers or raw if adata.X is malformed
expr_source = None

# Helper to check if an array/matrix is usable 2D
def _is_valid_2d(X, n_obs_expected=None):
    if X is None:
        return False
    if hasattr(X, 'A'):
        X = X.A
    X = np.asarray(X)
    if X.ndim != 2:
        return False
    if n_obs_expected is not None and X.shape[0] != n_obs_expected:
        return False
    return True

n_cells = adata.n_obs

# Try adata.X first
if _is_valid_2d(adata.X, n_obs_expected=n_cells):
    expr_source = ('X', None)  # (where, layer_name)
else:
    # Try layers that look like expression
    candidate_layers = []
    if hasattr(adata, 'layers'):
        for key in adata.layers.keys():
            lk = key.lower()
            if any(tag in lk for tag in ['count', 'expr', 'log', 'norm']):
                candidate_layers.append(key)
    for layer in candidate_layers:
        if _is_valid_2d(adata.layers[layer], n_obs_expected=n_cells):
            expr_source = ('layers', layer)
            break

# Try adata.raw as fallback
if expr_source is None and getattr(adata, 'raw', None) is not None:
    if _is_valid_2d(adata.raw.X, n_obs_expected=n_cells):
        expr_source = ('raw', None)

if expr_source is None:
    raise ValueError("Could not find a valid 2D expression matrix in adata.X, adata.layers, or adata.raw.")

print("Using expression source:", expr_source)

# 3) Extract expression for vCMs and TF/signaling genes
if expr_source[0] == 'X':
    sub = adata[vc_mask, vc_genes].copy()
    X = sub.X
elif expr_source[0] == 'layers':
    layer = expr_source[1]
    sub = adata[vc_mask, vc_genes].copy()
    X = sub.layers[layer]
else:  # 'raw'
    # When using raw, subset on obs and then var_names index
    raw = adata.raw[vc_mask, :]
    # Map vc_genes to indices in raw.var_names
    gene_idx = [i for i, g in enumerate(list(raw.var_names)) if g in vc_genes]
    if len(gene_idx) == 0:
        raise ValueError("None of the curated TF/signaling genes are present in adata.raw.var_names.")
    X = raw.X[:, gene_idx]

# Convert to dense and ensure 2D
if hasattr(X, 'A'):
    X = X.A
X = np.asarray(X)
if X.ndim != 2:
    raise ValueError(f"Expression matrix for vCM TF/signaling genes is not 2D (ndim={X.ndim}).")

n_vc, n_genes = X.shape
print(f"Expression matrix for vCMs and TF/signaling genes: {n_vc} cells x {n_genes} genes")

# 4) Compute per-cell standardized TF/signaling scores within vCMs
# Z-score each gene across vCMs (avoid division by zero)
means = X.mean(axis=0)
stds = X.std(axis=0, ddof=1)
stds_safe = np.where(stds == 0, 1.0, stds)
X_z = (X - means) / stds_safe

# Average z-scores across genes per cell
vc_scores = X_z.mean(axis=1)

# Store in adata.obs for all cells (NaN for non-vCMs)
score_name = 'vCM_TF_signaling_score'
full_scores = np.full(adata.n_obs, np.nan, dtype=float)
full_scores[vc_mask.values] = vc_scores
adata.obs[score_name] = full_scores

print(f"Stored per-cell TF/signaling score in adata.obs['{score_name}'] for vCMs.")

# 5) Build spatial kNN graph within vCMs per Sample_ID and compute neighborhood-mean TF score
if 'Sample_ID' in adata.obs.columns:
    samples = adata.obs.loc[vc_mask, 'Sample_ID'].astype(str)
else:
    # treat all cells as one sample if Sample_ID not available
    samples = pd.Series(['all'] * vc_mask.sum(), index=adata.obs.index[vc_mask])

vc_indices = np.where(vc_mask.values)[0]
vc_sample_series = samples

# Initialize container for neighborhood-mean scores
nbhd_mean = np.full(adata.n_obs, np.nan, dtype=float)

# Work per sample for vCMs
for s in vc_sample_series.unique():
    sample_mask_vc = (vc_sample_series == s).values
    if sample_mask_vc.sum() < 10:
        print(f"Skipping Sample_ID={s} for spatial neighbors (only {sample_mask_vc.sum()} vCMs).")
        continue

    # Indices (global) for vCMs in this sample
    global_idx = vc_indices[sample_mask_vc]
    # Build a temporary AnnData with spatial coords for these cells
    tmp_spatial = adata.obsm['spatial'][global_idx, :]
    tmp_adata = sc.AnnData(np.zeros((tmp_spatial.shape[0], 1)))  # dummy X
    tmp_adata.obsm['spatial'] = tmp_spatial

    # Compute neighbors on spatial coordinates
    sc.pp.neighbors(tmp_adata, use_rep='spatial', n_neighbors=15, n_pcs=0)

    # Extract connectivities and compute neighborhood-mean TF score
    conn = tmp_adata.obsp['connectivities']
    if hasattr(conn, 'A'):
        conn = conn.A
    conn = np.asarray(conn)

    # vCM TF scores for this sample
    sample_scores = vc_scores[sample_mask_vc]
    # Avoid self-weight bias by leaving diagonal; this is fine for smoothing
    # Neighborhood mean: weighted average of neighbors' scores
    # Add small epsilon to row sums to avoid division by zero
    row_sums = conn.sum(axis=1)
    eps = 1e-9
    weights = conn / (row_sums[:, None] + eps)
    local_mean = weights.dot(sample_scores)

    # Store back in global container
    nbhd_mean[global_idx] = local_mean

# Save neighborhood-mean scores in obs
nbhd_col = 'vCM_TF_signaling_score_nbhd_mean'
adata.obs[nbhd_col] = nbhd_mean

print(f"Stored neighborhood-mean TF/signaling score in adata.obs['{nbhd_col}'] for vCMs.")

# 6) Quantify spatial coherence: correlation between per-cell and neighborhood scores per vCM subtype and sample
results_rows = []
vc_subtypes = sorted(pop[vc_mask].unique().tolist())

for subtype in vc_subtypes:
    subtype_mask = (pop == subtype) & vc_mask
    if 'Sample_ID' in adata.obs.columns:
        sub_samples = adata.obs.loc[subtype_mask, 'Sample_ID'].astype(str).unique().tolist()
    else:
        sub_samples = ['all']

    for s in sub_samples:
        if s == 'all':
            mask = subtype_mask
        else:
            mask = subtype_mask & (adata.obs['Sample_ID'].astype(str) == s)
        n_cells_sub = int(mask.sum())
        if n_cells_sub < 20:
            continue

        vals_cell = adata.obs.loc[mask, score_name].astype(float).values
        vals_nbhd = adata.obs.loc[mask, nbhd_col].astype(float).values
        valid = np.isfinite(vals_cell) & np.isfinite(vals_nbhd)
        if valid.sum() < 20:
            continue

        x = vals_cell[valid]
        y = vals_nbhd[valid]

        # Pearson
        pearson_r, pearson_p = stats.pearsonr(x, y)
        # Spearman
        spearman_rho, spearman_p = stats.spearmanr(x, y)

        results_rows.append({
            'vCM_subtype': subtype,
            'Sample_ID': s,
            'n_cells': valid.sum(),
            'pearson_r_cell_vs_nbhd': pearson_r,
            'pearson_p_cell_vs_nbhd': pearson_p,
            'spearman_rho_cell_vs_nbhd': spearman_rho,
            'spearman_p_cell_vs_nbhd': spearman_p
        })

# 7) Association of TF scores with Purity per subtype and sample
purity = adata.obs['Purity'].astype(float)

for subtype in vc_subtypes:
    subtype_mask = (pop == subtype) & vc_mask
    if 'Sample_ID' in adata.obs.columns:
        sub_samples = adata.obs.loc[subtype_mask, 'Sample_ID'].astype(str).unique().tolist()
    else:
        sub_samples = ['all']

    for s in sub_samples:
        if s == 'all':
            mask = subtype_mask
        else:
            mask = subtype_mask & (adata.obs['Sample_ID'].astype(str) == s)
        n_cells_sub = int(mask.sum())
        if n_cells_sub < 20:
            continue

        tf_vals = adata.obs.loc[mask, score_name].astype(float).values
        nbhd_vals = adata.obs.loc[mask, nbhd_col].astype(float).values
        pur_vals = purity[mask].values

        valid_tf = np.isfinite(tf_vals) & np.isfinite(pur_vals)
        valid_nbhd = np.isfinite(nbhd_vals) & np.isfinite(pur_vals)

        if valid_tf.sum() >= 20:
            x_tf = tf_vals[valid_tf]
            y_p = pur_vals[valid_tf]
            pr_tf, pp_tf = stats.pearsonr(x_tf, y_p)
            sr_tf, sp_tf = stats.spearmanr(x_tf, y_p)
            # simple linear regression Purity ~ TF_score
            slope_tf, intercept_tf, r_tf, p_lin_tf, stderr_tf = stats.linregress(x_tf, y_p)

            results_rows.append({
                'vCM_subtype': subtype,
                'Sample_ID': s,
                'n_cells': valid_tf.sum(),
                'metric': 'Purity_vs_cell_TF',
                'pearson_r': pr_tf,
                'pearson_p': pp_tf,
                'spearman_rho': sr_tf,
                'spearman_p': sp_tf,
                'linreg_slope': slope_tf,
                'linreg_intercept': intercept_tf,
                'linreg_rvalue': r_tf,
                'linreg_p': p_lin_tf,
                'linreg_stderr': stderr_tf
            })

        if valid_nbhd.sum() >= 20:
            x_nb = nbhd_vals[valid_nbhd]
            y_p2 = pur_vals[valid_nbhd]
            pr_nb, pp_nb = stats.pearsonr(x_nb, y_p2)
            sr_nb, sp_nb = stats.spearmanr(x_nb, y_p2)
            slope_nb, intercept_nb, r_nb, p_lin_nb, stderr_nb = stats.linregress(x_nb, y_p2)

            results_rows.append({
                'vCM_subtype': subtype,
                'Sample_ID': s,
                'n_cells': valid_nbhd.sum(),
                'metric': 'Purity_vs_nbhd_TF',
                'pearson_r': pr_nb,
                'pearson_p': pp_nb,
                'spearman_rho': sr_nb,
                'spearman_p': sp_nb,
                'linreg_slope': slope_nb,
                'linreg_intercept': intercept_nb,
                'linreg_rvalue': r_nb,
                'linreg_p': p_lin_nb,
                'linreg_stderr': stderr_nb
            })

# 8) Summarize and print key statistics
if len(results_rows) == 0:
    print("No valid subtype+sample combinations with enough cells for spatial or Purity associations.")
else:
    res_df = pd.DataFrame(results_rows)

    print("\n=== Spatial coherence: cell vs neighborhood TF/signaling scores ===")
    spatial_rows = [r for r in results_rows if 'pearson_r_cell_vs_nbhd' in r]
    if len(spatial_rows) > 0:
        spatial_df = pd.DataFrame(spatial_rows)
        # Sort by absolute Pearson r
        spatial_df = spatial_df.sort_values('pearson_r_cell_vs_nbhd', key=lambda x: x.abs(), ascending=False)
        print(spatial_df.to_string(index=False))
    else:
        print("No spatial correlation rows found.")

    print("\n=== Associations between TF/signaling scores and Purity (per subtype+sample) ===")
    assoc_df = res_df[res_df.get('metric').notna()].copy() if 'metric' in res_df.columns else pd.DataFrame()
    if assoc_df.shape[0] > 0:
        # Show strongest associations by absolute Pearson r
        assoc_df = assoc_df.sort_values('pearson_r', key=lambda x: x.abs(), ascending=False)
        print(assoc_df.to_string(index=False))
    else:
        print("No Purity association rows found.")

```


================================================================================
2026-05-17 10:29:23,677 - INFO
================================================================================
RESPONSE/OUTPUT: self_critique_1_2

APPLIED SELF-CRITIQUE - Analysis 1, Step 3


================================================================================
2026-05-17 10:29:23,677 - INFO
================================================================================
RESPONSE/OUTPUT: revised_analysis_1_2

Revised Hypothesis: Within ventricular cardiomyocytes, spatially coherent developmental TF/signaling expression states form local maturation gradients that are associated with Purity and are not reducible to existing Leiden clusters or coarse Populations labels.

Revised Analysis Plan:
1. Within ventricular cardiomyocytes, compute and store per-cell standardized TF/signaling scores using a robustly selected 2D expression matrix for the curated vc_tf_signaling_genes, keeping this step focused strictly on score generation/QC rather than spatial or Purity modeling.
2. Using the stored vCM TF/signaling scores, construct spatial kNN graphs per Sample_ID based on obsm['spatial'], compute neighborhood-mean TF/signaling scores, and quantify spatial coherence and Purity associations via correlations and linear regression separately (and cleanly) from score creation.
3. Using only the TF/signaling expression matrix within ventricular cardiomyocytes, perform PCA, build a kNN graph, run Leiden clustering to define TF-based maturation states, and compare these TF states to existing Leiden clusters and Populations via contingency tables, chi-squared tests, and Purity distribution tests (Kruskal–Wallis and pairwise Mann–Whitney).
4. Based on the vCM TF-signaling scores and spatial neighborhoods, compare neighborhood-averaged scores between high- and low-Purity vCMs within each major vCM subtype and sample using effect sizes and Mann–Whitney/t-tests, highlighting spatially segregated maturation–Purity couplings not captured by existing labels.

Revised Code:
import numpy as np
import pandas as pd
import scanpy as sc

# --- Step 1: Compute and store per-cell vCM TF/signaling scores only ---

# 0) Basic checks
if 'Populations' not in adata.obs.columns:
    raise ValueError("Expected 'Populations' in adata.obs.")
if 'vc_tf_signaling_genes' not in adata.uns:
    raise ValueError("Expected curated TF/signaling gene list in adata.uns['vc_tf_signaling_genes'] from Step 1 overview.")

vc_genes = list(adata.uns['vc_tf_signaling_genes'])
if len(vc_genes) == 0:
    raise ValueError("adata.uns['vc_tf_signaling_genes'] is empty; cannot compute TF/signaling scores.")

# restrict gene list to those present in adata.var_names
vc_genes = [g for g in vc_genes if g in adata.var_names]
if len(vc_genes) == 0:
    raise ValueError("None of the curated TF/signaling genes are present in adata.var_names.")

# 1) Identify ventricular cardiomyocytes (vCMs)
pop = adata.obs['Populations'].astype(str)
vc_labels = [p for p in pop.unique().tolist() if isinstance(p, str) and p.upper().startswith('VCM')]
vc_mask = pop.isin(vc_labels)
if vc_mask.sum() == 0:
    raise ValueError("No ventricular cardiomyocytes found based on Populations starting with 'vCM' (case-insensitive).")

print(f"Total ventricular CM cells: {int(vc_mask.sum())}")
print("vCM Populations:", sorted(set(pop[vc_mask].tolist())))

# 2) Determine which expression matrix to use (robust 2D selection)
expr_source = None

# Helper to check if an array/matrix is usable 2D
def _is_valid_2d(X, n_obs_expected=None):
    if X is None:
        return False
    if hasattr(X, 'A'):
        X = X.A
    X = np.asarray(X)
    if X.ndim != 2:
        return False
    if n_obs_expected is not None and X.shape[0] != n_obs_expected:
        return False
    return True

n_cells = adata.n_obs

# Try adata.X first
if _is_valid_2d(adata.X, n_obs_expected=n_cells):
    expr_source = ('X', None)  # (where, layer_name)
else:
    # Try layers that look like expression
    candidate_layers = []
    if hasattr(adata, 'layers'):
        for key in adata.layers.keys():
            lk = key.lower()
            if any(tag in lk for tag in ['count', 'expr', 'log', 'norm']):
                candidate_layers.append(key)
    for layer in candidate_layers:
        if _is_valid_2d(adata.layers[layer], n_obs_expected=n_cells):
            expr_source = ('layers', layer)
            break

# Try adata.raw as fallback
if expr_source is None and getattr(adata, 'raw', None) is not None:
    if _is_valid_2d(adata.raw.X, n_obs_expected=n_cells):
        expr_source = ('raw', None)

if expr_source is None:
    raise ValueError("Could not find a valid 2D expression matrix in adata.X, adata.layers, or adata.raw.")

print("Using expression source for TF/signaling scores:", expr_source)

# 3) Extract expression for vCMs and TF/signaling genes, preserving vc_genes order
if expr_source[0] == 'X':
    sub = adata[vc_mask, vc_genes].copy()
    X = sub.X
elif expr_source[0] == 'layers':
    layer = expr_source[1]
    sub = adata[vc_mask, vc_genes].copy()
    X = sub.layers[layer]
else:  # 'raw'
    raw = adata.raw[vc_mask, :]
    # Map vc_genes to indices in raw.var_names to preserve order
    var_to_idx = {g: i for i, g in enumerate(list(raw.var_names))}
    gene_idx = [var_to_idx[g] for g in vc_genes if g in var_to_idx]
    if len(gene_idx) == 0:
        raise ValueError("None of the curated TF/signaling genes are present in adata.raw.var_names.")
    X = raw.X[:, gene_idx]

# Convert to dense and ensure 2D
if hasattr(X, 'A'):
    X = X.A
X = np.asarray(X)
if X.ndim != 2:
    raise ValueError(f"Expression matrix for vCM TF/signaling genes is not 2D (ndim={X.ndim}).")

n_vc, n_genes = X.shape
print(f"Expression matrix for vCMs and TF/signaling genes: {n_vc} cells x {n_genes} genes")

# 4) Compute per-gene z-scores across vCMs and aggregate per cell
means = X.mean(axis=0)
stds = X.std(axis=0, ddof=1)
zero_var_genes = np.sum(stds == 0)
if zero_var_genes > 0:
    print(f"Warning: {zero_var_genes} TF/signaling genes have zero variance across vCMs and will be treated as constant in the score.")
stds_safe = np.where(stds == 0, 1.0, stds)
X_z = (X - means) / stds_safe

# Average z-scores across genes per cell
vc_scores = X_z.mean(axis=1)

# 5) Store scores in adata.obs for all cells (NaN for non-vCMs)
score_name = 'vCM_TF_signaling_score'
full_scores = np.full(adata.n_obs, np.nan, dtype=float)
full_scores[vc_mask.values] = vc_scores
adata.obs[score_name] = full_scores

print(f"Stored per-cell TF/signaling score in adata.obs['{score_name}'] for vCMs; non-vCMs set to NaN.")

# Optional QC summary by vCM subtype
vc_scores_series = pd.Series(vc_scores, index=adata.obs.index[vc_mask])
qc_summary = vc_scores_series.groupby(adata.obs.loc[vc_mask, 'Populations']).describe()
print("\nTF/signaling score summary by vCM Population:")
print(qc_summary)



================================================================================
2026-05-17 10:29:23,769 - INFO
================================================================================
RESPONSE/OUTPUT: step_execution_failed_1_3

STEP 3 FAILED - Analysis 1

Code:
```python
import numpy as np
import pandas as pd
import scanpy as sc

# --- Step 1: Compute and store per-cell vCM TF/signaling scores only ---

# 0) Basic checks
if 'Populations' not in adata.obs.columns:
    raise ValueError("Expected 'Populations' in adata.obs.")
if 'vc_tf_signaling_genes' not in adata.uns:
    raise ValueError("Expected curated TF/signaling gene list in adata.uns['vc_tf_signaling_genes'] from Step 1 overview.")

vc_genes = list(adata.uns['vc_tf_signaling_genes'])
if len(vc_genes) == 0:
    raise ValueError("adata.uns['vc_tf_signaling_genes'] is empty; cannot compute TF/signaling scores.")

# restrict gene list to those present in adata.var_names
vc_genes = [g for g in vc_genes if g in adata.var_names]
if len(vc_genes) == 0:
    raise ValueError("None of the curated TF/signaling genes are present in adata.var_names.")

# 1) Identify ventricular cardiomyocytes (vCMs)
pop = adata.obs['Populations'].astype(str)
vc_labels = [p for p in pop.unique().tolist() if isinstance(p, str) and p.upper().startswith('VCM')]
vc_mask = pop.isin(vc_labels)
if vc_mask.sum() == 0:
    raise ValueError("No ventricular cardiomyocytes found based on Populations starting with 'vCM' (case-insensitive).")

print(f"Total ventricular CM cells: {int(vc_mask.sum())}")
print("vCM Populations:", sorted(set(pop[vc_mask].tolist())))

# 2) Determine which expression matrix to use (robust 2D selection)
expr_source = None

# Helper to check if an array/matrix is usable 2D
def _is_valid_2d(X, n_obs_expected=None):
    if X is None:
        return False
    if hasattr(X, 'A'):
        X = X.A
    X = np.asarray(X)
    if X.ndim != 2:
        return False
    if n_obs_expected is not None and X.shape[0] != n_obs_expected:
        return False
    return True

n_cells = adata.n_obs

# Try adata.X first
if _is_valid_2d(adata.X, n_obs_expected=n_cells):
    expr_source = ('X', None)  # (where, layer_name)
else:
    # Try layers that look like expression
    candidate_layers = []
    if hasattr(adata, 'layers'):
        for key in adata.layers.keys():
            lk = key.lower()
            if any(tag in lk for tag in ['count', 'expr', 'log', 'norm']):
                candidate_layers.append(key)
    for layer in candidate_layers:
        if _is_valid_2d(adata.layers[layer], n_obs_expected=n_cells):
            expr_source = ('layers', layer)
            break

# Try adata.raw as fallback
if expr_source is None and getattr(adata, 'raw', None) is not None:
    if _is_valid_2d(adata.raw.X, n_obs_expected=n_cells):
        expr_source = ('raw', None)

if expr_source is None:
    raise ValueError("Could not find a valid 2D expression matrix in adata.X, adata.layers, or adata.raw.")

print("Using expression source for TF/signaling scores:", expr_source)

# 3) Extract expression for vCMs and TF/signaling genes, preserving vc_genes order
if expr_source[0] == 'X':
    sub = adata[vc_mask, vc_genes].copy()
    X = sub.X
elif expr_source[0] == 'layers':
    layer = expr_source[1]
    sub = adata[vc_mask, vc_genes].copy()
    X = sub.layers[layer]
else:  # 'raw'
    raw = adata.raw[vc_mask, :]
    # Map vc_genes to indices in raw.var_names to preserve order
    var_to_idx = {g: i for i, g in enumerate(list(raw.var_names))}
    gene_idx = [var_to_idx[g] for g in vc_genes if g in var_to_idx]
    if len(gene_idx) == 0:
        raise ValueError("None of the curated TF/signaling genes are present in adata.raw.var_names.")
    X = raw.X[:, gene_idx]

# Convert to dense and ensure 2D
if hasattr(X, 'A'):
    X = X.A
X = np.asarray(X)
if X.ndim != 2:
    raise ValueError(f"Expression matrix for vCM TF/signaling genes is not 2D (ndim={X.ndim}).")

n_vc, n_genes = X.shape
print(f"Expression matrix for vCMs and TF/signaling genes: {n_vc} cells x {n_genes} genes")

# 4) Compute per-gene z-scores across vCMs and aggregate per cell
means = X.mean(axis=0)
stds = X.std(axis=0, ddof=1)
zero_var_genes = np.sum(stds == 0)
if zero_var_genes > 0:
    print(f"Warning: {zero_var_genes} TF/signaling genes have zero variance across vCMs and will be treated as constant in the score.")
stds_safe = np.where(stds == 0, 1.0, stds)
X_z = (X - means) / stds_safe

# Average z-scores across genes per cell
vc_scores = X_z.mean(axis=1)

# 5) Store scores in adata.obs for all cells (NaN for non-vCMs)
score_name = 'vCM_TF_signaling_score'
full_scores = np.full(adata.n_obs, np.nan, dtype=float)
full_scores[vc_mask.values] = vc_scores
adata.obs[score_name] = full_scores

print(f"Stored per-cell TF/signaling score in adata.obs['{score_name}'] for vCMs; non-vCMs set to NaN.")

# Optional QC summary by vCM subtype
vc_scores_series = pd.Series(vc_scores, index=adata.obs.index[vc_mask])
qc_summary = vc_scores_series.groupby(adata.obs.loc[vc_mask, 'Populations']).describe()
print("\nTF/signaling score summary by vCM Population:")
print(qc_summary)


 Error:
ValueError: Could not find a valid 2D expression matrix in adata.X, adata.layers, or adata.raw.```


================================================================================
2026-05-17 10:29:33,782 - INFO
================================================================================
RESPONSE/OUTPUT: fix_attempt_failed_1_3_1

FIX ATTEMPT FAILED 1/3 - Analysis 1, Step 3: ValueError: Could not find or construct a valid 2D expression matrix in adata.X, adata.layers, or adata.raw.

Code:
```python

import numpy as np
import pandas as pd
import scanpy as sc

# --- Step 1: Compute and store per-cell vCM TF/signaling scores only ---

# 0) Basic checks
if 'Populations' not in adata.obs.columns:
    raise ValueError("Expected 'Populations' in adata.obs.")
if 'vc_tf_signaling_genes' not in adata.uns:
    raise ValueError("Expected curated TF/signaling gene list in adata.uns['vc_tf_signaling_genes'] from Step 1 overview.")

vc_genes = list(adata.uns['vc_tf_signaling_genes'])
if len(vc_genes) == 0:
    raise ValueError("adata.uns['vc_tf_signaling_genes'] is empty; cannot compute TF/signaling scores.")

# restrict gene list to those present in adata.var_names
vc_genes = [g for g in vc_genes if g in adata.var_names]
if len(vc_genes) == 0:
    raise ValueError("None of the curated TF/signaling genes are present in adata.var_names.")

# 1) Identify ventricular cardiomyocytes (vCMs)
pop = adata.obs['Populations'].astype(str)
vc_labels = [p for p in pop.unique().tolist() if isinstance(p, str) and p.upper().startswith('VCM')]
vc_mask = pop.isin(vc_labels)
if vc_mask.sum() == 0:
    raise ValueError("No ventricular cardiomyocytes found based on Populations starting with 'vCM' (case-insensitive).")

print(f"Total ventricular CM cells: {int(vc_mask.sum())}")
print("vCM Populations:", sorted(set(pop[vc_mask].tolist())))

# 2) Determine which expression matrix to use (robust 2D selection)
expr_source = None

# Helper to check if an array/matrix is usable 2D
def _is_valid_2d(X, n_obs_expected=None):
    if X is None:
        return False
    if hasattr(X, 'A'):
        X = X.A
    X = np.asarray(X)
    if X.ndim != 2:
        return False
    if n_obs_expected is not None and X.shape[0] != n_obs_expected:
        return False
    return True

n_cells = adata.n_obs

# Try adata.X first; if it's 1D or otherwise invalid, try to reshape if length matches
X_try = adata.X
if X_try is not None:
    if hasattr(X_try, 'A'):
        X_try = X_try.A
    X_try = np.asarray(X_try)
    if X_try.ndim == 1 and X_try.shape[0] == n_cells * adata.n_vars:
        X_try = X_try.reshape(n_cells, adata.n_vars)
        adata.X = X_try
if _is_valid_2d(adata.X, n_obs_expected=n_cells):
    expr_source = ('X', None)  # (where, layer_name)
else:
    # Try layers that look like expression
    candidate_layers = []
    if hasattr(adata, 'layers'):
        for key in adata.layers.keys():
            lk = key.lower()
            if any(tag in lk for tag in ['count', 'expr', 'log', 'norm']):
                candidate_layers.append(key)
    for layer in candidate_layers:
        X_layer = adata.layers[layer]
        if X_layer is not None:
            if hasattr(X_layer, 'A'):
                X_layer = X_layer.A
            X_layer = np.asarray(X_layer)
            if X_layer.ndim == 1 and X_layer.shape[0] == n_cells * adata.n_vars:
                X_layer = X_layer.reshape(n_cells, adata.n_vars)
                adata.layers[layer] = X_layer
        if _is_valid_2d(adata.layers[layer], n_obs_expected=n_cells):
            expr_source = ('layers', layer)
            break

# Try adata.raw as fallback
if expr_source is None and getattr(adata, 'raw', None) is not None:
    X_raw = adata.raw.X
    if X_raw is not None:
        if hasattr(X_raw, 'A'):
            X_raw = X_raw.A
        X_raw = np.asarray(X_raw)
        if X_raw.ndim == 1 and X_raw.shape[0] == n_cells * adata.raw.n_vars:
            X_raw = X_raw.reshape(n_cells, adata.raw.n_vars)
            adata.raw.X = X_raw
    if _is_valid_2d(adata.raw.X, n_obs_expected=n_cells):
        expr_source = ('raw', None)

# As a final fallback, if everything failed but adata has n_obs * n_vars values in .X, reshape and use it
if expr_source is None:
    X_fallback = adata.X
    if X_fallback is not None:
        if hasattr(X_fallback, 'A'):
            X_fallback = X_fallback.A
        X_fallback = np.asarray(X_fallback)
        if X_fallback.ndim == 1 and X_fallback.shape[0] == n_cells * adata.n_vars:
            X_fallback = X_fallback.reshape(n_cells, adata.n_vars)
            adata.X = X_fallback
            if _is_valid_2d(adata.X, n_obs_expected=n_cells):
                expr_source = ('X', None)

if expr_source is None:
    raise ValueError("Could not find or construct a valid 2D expression matrix in adata.X, adata.layers, or adata.raw.")

print("Using expression source for TF/signaling scores:", expr_source)

# 3) Extract expression for vCMs and TF/signaling genes, preserving vc_genes order
if expr_source[0] == 'X':
    sub = adata[vc_mask, vc_genes].copy()
    X = sub.X
elif expr_source[0] == 'layers':
    layer = expr_source[1]
    sub = adata[vc_mask, vc_genes].copy()
    X = sub.layers[layer]
else:  # 'raw'
    raw = adata.raw[vc_mask, :]
    # Map vc_genes to indices in raw.var_names to preserve order
    var_to_idx = {g: i for i, g in enumerate(list(raw.var_names))}
    gene_idx = [var_to_idx[g] for g in vc_genes if g in var_to_idx]
    if len(gene_idx) == 0:
        raise ValueError("None of the curated TF/signaling genes are present in adata.raw.var_names.")
    X = raw.X[:, gene_idx]

# Convert to dense and ensure 2D
if hasattr(X, 'A'):
    X = X.A
X = np.asarray(X)
if X.ndim != 2:
    raise ValueError(f"Expression matrix for vCM TF/signaling genes is not 2D (ndim={X.ndim}).")

n_vc, n_genes = X.shape
print(f"Expression matrix for vCMs and TF/signaling genes: {n_vc} cells x {n_genes} genes")

# 4) Compute per-gene z-scores across vCMs and aggregate per cell
means = X.mean(axis=0)
stds = X.std(axis=0, ddof=1)
zero_var_genes = np.sum(stds == 0)
if zero_var_genes > 0:
    print(f"Warning: {zero_var_genes} TF/signaling genes have zero variance across vCMs and will be treated as constant in the score.")
stds_safe = np.where(stds == 0, 1.0, stds)
X_z = (X - means) / stds_safe

# Average z-scores across genes per cell
vc_scores = X_z.mean(axis=1)

# 5) Store scores in adata.obs for all cells (NaN for non-vCMs)
score_name = 'vCM_TF_signaling_score'
full_scores = np.full(adata.n_obs, np.nan, dtype=float)
full_scores[vc_mask.values] = vc_scores
adata.obs[score_name] = full_scores

print(f"Stored per-cell TF/signaling score in adata.obs['{score_name}'] for vCMs; non-vCMs set to NaN.")

# Optional QC summary by vCM subtype
vc_scores_series = pd.Series(vc_scores, index=adata.obs.index[vc_mask])
qc_summary = vc_scores_series.groupby(adata.obs.loc[vc_mask, 'Populations']).describe()
print("\nTF/signaling score summary by vCM Population:")
print(qc_summary)

```


================================================================================
2026-05-17 10:29:44,575 - INFO
================================================================================
RESPONSE/OUTPUT: fix_attempt_failed_1_3_2

FIX ATTEMPT FAILED 2/3 - Analysis 1, Step 3: ValueError: Could not find or construct a valid 2D expression matrix in adata.X, adata.layers, or adata.raw.

Code:
```python

import numpy as np
import pandas as pd
import scanpy as sc

# --- Step 1: Compute and store per-cell vCM TF/signaling scores only ---

# 0) Basic checks
if 'Populations' not in adata.obs.columns:
    raise ValueError("Expected 'Populations' in adata.obs.")
if 'vc_tf_signaling_genes' not in adata.uns:
    raise ValueError("Expected curated TF/signaling gene list in adata.uns['vc_tf_signaling_genes'] from Step 1 overview.")

vc_genes = list(adata.uns['vc_tf_signaling_genes'])
if len(vc_genes) == 0:
    raise ValueError("adata.uns['vc_tf_signaling_genes'] is empty; cannot compute TF/signaling scores.")

# restrict gene list to those present in adata.var_names
vc_genes = [g for g in vc_genes if g in adata.var_names]
if len(vc_genes) == 0:
    raise ValueError("None of the curated TF/signaling genes are present in adata.var_names.")

# 1) Identify ventricular cardiomyocytes (vCMs)
pop = adata.obs['Populations'].astype(str)
vc_labels = [p for p in pop.unique().tolist() if isinstance(p, str) and p.upper().startswith('VCM')]
vc_mask = pop.isin(vc_labels)
if vc_mask.sum() == 0:
    raise ValueError("No ventricular cardiomyocytes found based on Populations starting with 'vCM' (case-insensitive).")

print(f"Total ventricular CM cells: {int(vc_mask.sum())}")
print("vCM Populations:", sorted(set(pop[vc_mask].tolist())))

# 2) Determine which expression matrix to use (robust 2D selection)
expr_source = None

# Helper to check if an array/matrix is usable 2D
def _is_valid_2d(X, n_obs_expected=None):
    if X is None:
        return False
    if hasattr(X, 'A'):
        X = X.A
    X = np.asarray(X)
    if X.ndim != 2:
        return False
    if n_obs_expected is not None and X.shape[0] != n_obs_expected:
        return False
    return True

n_cells = adata.n_obs

# Try adata.X first; if it's 1D or otherwise invalid, try to reshape if length matches
X_try = adata.X
if X_try is not None:
    if hasattr(X_try, 'A'):
        X_try = X_try.A
    X_try = np.asarray(X_try)
    if X_try.ndim == 1 and X_try.shape[0] == n_cells * adata.n_vars:
        X_try = X_try.reshape(n_cells, adata.n_vars)
        adata.X = X_try
if _is_valid_2d(adata.X, n_obs_expected=n_cells):
    expr_source = ('X', None)  # (where, layer_name)
else:
    # Try layers that look like expression
    candidate_layers = []
    if hasattr(adata, 'layers'):
        for key in adata.layers.keys():
            lk = key.lower()
            if any(tag in lk for tag in ['count', 'expr', 'log', 'norm']):
                candidate_layers.append(key)
    for layer in candidate_layers:
        X_layer = adata.layers[layer]
        if X_layer is not None:
            if hasattr(X_layer, 'A'):
                X_layer = X_layer.A
            X_layer = np.asarray(X_layer)
            if X_layer.ndim == 1 and X_layer.shape[0] == n_cells * adata.n_vars:
                X_layer = X_layer.reshape(n_cells, adata.n_vars)
                adata.layers[layer] = X_layer
        if _is_valid_2d(adata.layers[layer], n_obs_expected=n_cells):
            expr_source = ('layers', layer)
            break

# Try adata.raw as fallback
if expr_source is None and getattr(adata, 'raw', None) is not None:
    X_raw = adata.raw.X
    if X_raw is not None:
        if hasattr(X_raw, 'A'):
            X_raw = X_raw.A
        X_raw = np.asarray(X_raw)
        if X_raw.ndim == 1 and X_raw.shape[0] == n_cells * adata.raw.n_vars:
            X_raw = X_raw.reshape(n_cells, adata.raw.n_vars)
            adata.raw.X = X_raw
    if _is_valid_2d(adata.raw.X, n_obs_expected=n_cells):
        expr_source = ('raw', None)

# As a final fallback, if everything failed but adata has n_obs * n_vars values in .X, reshape and use it
if expr_source is None:
    X_fallback = adata.X
    if X_fallback is not None:
        if hasattr(X_fallback, 'A'):
            X_fallback = X_fallback.A
        X_fallback = np.asarray(X_fallback)
        if X_fallback.ndim == 1 and X_fallback.shape[0] == n_cells * adata.n_vars:
            X_fallback = X_fallback.reshape(n_cells, adata.n_vars)
            adata.X = X_fallback
            if _is_valid_2d(adata.X, n_obs_expected=n_cells):
                expr_source = ('X', None)

if expr_source is None:
    raise ValueError("Could not find or construct a valid 2D expression matrix in adata.X, adata.layers, or adata.raw.")

print("Using expression source for TF/signaling scores:", expr_source)

# 3) Extract expression for vCMs and TF/signaling genes, preserving vc_genes order
if expr_source[0] == 'X':
    sub = adata[vc_mask, vc_genes].copy()
    X = sub.X
elif expr_source[0] == 'layers':
    layer = expr_source[1]
    sub = adata[vc_mask, vc_genes].copy()
    X = sub.layers[layer]
else:  # 'raw'
    raw = adata.raw[vc_mask, :]
    # Map vc_genes to indices in raw.var_names to preserve order
    var_to_idx = {g: i for i, g in enumerate(list(raw.var_names))}
    gene_idx = [var_to_idx[g] for g in vc_genes if g in var_to_idx]
    if len(gene_idx) == 0:
        raise ValueError("None of the curated TF/signaling genes are present in adata.raw.var_names.")
    X = raw.X[:, gene_idx]

# Convert to dense and ensure 2D
if hasattr(X, 'A'):
    X = X.A
X = np.asarray(X)
if X.ndim != 2:
    raise ValueError(f"Expression matrix for vCM TF/signaling genes is not 2D (ndim={X.ndim}).")

n_vc, n_genes = X.shape
print(f"Expression matrix for vCMs and TF/signaling genes: {n_vc} cells x {n_genes} genes")

# 4) Compute per-gene z-scores across vCMs and aggregate per cell
means = X.mean(axis=0)
stds = X.std(axis=0, ddof=1)
zero_var_genes = np.sum(stds == 0)
if zero_var_genes > 0:
    print(f"Warning: {zero_var_genes} TF/signaling genes have zero variance across vCMs and will be treated as constant in the score.")
stds_safe = np.where(stds == 0, 1.0, stds)
X_z = (X - means) / stds_safe

# Average z-scores across genes per cell
vc_scores = X_z.mean(axis=1)

# 5) Store scores in adata.obs for all cells (NaN for non-vCMs)
score_name = 'vCM_TF_signaling_score'
full_scores = np.full(adata.n_obs, np.nan, dtype=float)
full_scores[vc_mask.values] = vc_scores
adata.obs[score_name] = full_scores

print(f"Stored per-cell TF/signaling score in adata.obs['{score_name}'] for vCMs; non-vCMs set to NaN.")

# Optional QC summary by vCM subtype
vc_scores_series = pd.Series(vc_scores, index=adata.obs.index[vc_mask])
qc_summary = vc_scores_series.groupby(adata.obs.loc[vc_mask, 'Populations']).describe()
print("\nTF/signaling score summary by vCM Population:")
print(qc_summary)

```


================================================================================
2026-05-17 10:29:53,530 - INFO
================================================================================
RESPONSE/OUTPUT: fix_attempt_failed_1_3_3

FIX ATTEMPT FAILED 3/3 - Analysis 1, Step 3: ValueError: Could not find or construct a valid 2D expression matrix in adata.X, adata.layers, or adata.raw.

Code:
```python

import numpy as np
import pandas as pd
import scanpy as sc

# --- Step 1: Compute and store per-cell vCM TF/signaling scores only ---

# 0) Basic checks
if 'Populations' not in adata.obs.columns:
    raise ValueError("Expected 'Populations' in adata.obs.")
if 'vc_tf_signaling_genes' not in adata.uns:
    raise ValueError("Expected curated TF/signaling gene list in adata.uns['vc_tf_signaling_genes'] from Step 1 overview.")

vc_genes = list(adata.uns['vc_tf_signaling_genes'])
if len(vc_genes) == 0:
    raise ValueError("adata.uns['vc_tf_signaling_genes'] is empty; cannot compute TF/signaling scores.")

# restrict gene list to those present in adata.var_names
vc_genes = [g for g in vc_genes if g in adata.var_names]
if len(vc_genes) == 0:
    raise ValueError("None of the curated TF/signaling genes are present in adata.var_names.")

# 1) Identify ventricular cardiomyocytes (vCMs)
pop = adata.obs['Populations'].astype(str)
vc_labels = [p for p in pop.unique().tolist() if isinstance(p, str) and p.upper().startswith('VCM')]
vc_mask = pop.isin(vc_labels)
if vc_mask.sum() == 0:
    raise ValueError("No ventricular cardiomyocytes found based on Populations starting with 'vCM' (case-insensitive).")

print(f"Total ventricular CM cells: {int(vc_mask.sum())}")
print("vCM Populations:", sorted(set(pop[vc_mask].tolist())))

# 2) Determine which expression matrix to use (robust 2D selection)
expr_source = None

# Helper to check if an array/matrix is usable 2D
def _is_valid_2d(X, n_obs_expected=None):
    if X is None:
        return False
    if hasattr(X, 'A'):
        X = X.A
    X = np.asarray(X)
    if X.ndim != 2:
        return False
    if n_obs_expected is not None and X.shape[0] != n_obs_expected:
        return False
    return True

n_cells = adata.n_obs

# Try adata.X first; if it's 1D or otherwise invalid, try to reshape if length matches
X_try = adata.X
if X_try is not None:
    if hasattr(X_try, 'A'):
        X_try = X_try.A
    X_try = np.asarray(X_try)
    if X_try.ndim == 1 and X_try.shape[0] == n_cells * adata.n_vars:
        X_try = X_try.reshape(n_cells, adata.n_vars)
        adata.X = X_try
if _is_valid_2d(adata.X, n_obs_expected=n_cells):
    expr_source = ('X', None)  # (where, layer_name)
else:
    # Try layers that look like expression
    candidate_layers = []
    if hasattr(adata, 'layers'):
        for key in adata.layers.keys():
            lk = key.lower()
            if any(tag in lk for tag in ['count', 'expr', 'log', 'norm']):
                candidate_layers.append(key)
    for layer in candidate_layers:
        X_layer = adata.layers[layer]
        if X_layer is not None:
            if hasattr(X_layer, 'A'):
                X_layer = X_layer.A
            X_layer = np.asarray(X_layer)
            if X_layer.ndim == 1 and X_layer.shape[0] == n_cells * adata.n_vars:
                X_layer = X_layer.reshape(n_cells, adata.n_vars)
                adata.layers[layer] = X_layer
        if _is_valid_2d(adata.layers[layer], n_obs_expected=n_cells):
            expr_source = ('layers', layer)
            break

# Try adata.raw as fallback
if expr_source is None and getattr(adata, 'raw', None) is not None:
    X_raw = adata.raw.X
    if X_raw is not None:
        if hasattr(X_raw, 'A'):
            X_raw = X_raw.A
        X_raw = np.asarray(X_raw)
        if X_raw.ndim == 1 and X_raw.shape[0] == n_cells * adata.raw.n_vars:
            X_raw = X_raw.reshape(n_cells, adata.raw.n_vars)
            adata.raw.X = X_raw
    if _is_valid_2d(adata.raw.X, n_obs_expected=n_cells):
        expr_source = ('raw', None)

# As a final fallback, if everything failed but adata has n_obs * n_vars values in .X, reshape and use it
if expr_source is None:
    X_fallback = adata.X
    if X_fallback is not None:
        if hasattr(X_fallback, 'A'):
            X_fallback = X_fallback.A
        X_fallback = np.asarray(X_fallback)
        if X_fallback.ndim == 1 and X_fallback.shape[0] == n_cells * adata.n_vars:
            X_fallback = X_fallback.reshape(n_cells, adata.n_vars)
            adata.X = X_fallback
            if _is_valid_2d(adata.X, n_obs_expected=n_cells):
                expr_source = ('X', None)

if expr_source is None:
    raise ValueError("Could not find or construct a valid 2D expression matrix in adata.X, adata.layers, or adata.raw.")

print("Using expression source for TF/signaling scores:", expr_source)

# 3) Extract expression for vCMs and TF/signaling genes, preserving vc_genes order
if expr_source[0] == 'X':
    sub = adata[vc_mask, vc_genes].copy()
    X = sub.X
elif expr_source[0] == 'layers':
    layer = expr_source[1]
    sub = adata[vc_mask, vc_genes].copy()
    X = sub.layers[layer]
else:  # 'raw'
    raw = adata.raw[vc_mask, :]
    # Map vc_genes to indices in raw.var_names to preserve order
    var_to_idx = {g: i for i, g in enumerate(list(raw.var_names))}
    gene_idx = [var_to_idx[g] for g in vc_genes if g in var_to_idx]
    if len(gene_idx) == 0:
        raise ValueError("None of the curated TF/signaling genes are present in adata.raw.var_names.")
    X = raw.X[:, gene_idx]

# Convert to dense and ensure 2D
if hasattr(X, 'A'):
    X = X.A
X = np.asarray(X)
if X.ndim != 2:
    raise ValueError(f"Expression matrix for vCM TF/signaling genes is not 2D (ndim={X.ndim}).")

n_vc, n_genes = X.shape
print(f"Expression matrix for vCMs and TF/signaling genes: {n_vc} cells x {n_genes} genes")

# 4) Compute per-gene z-scores across vCMs and aggregate per cell
means = X.mean(axis=0)
stds = X.std(axis=0, ddof=1)
zero_var_genes = np.sum(stds == 0)
if zero_var_genes > 0:
    print(f"Warning: {zero_var_genes} TF/signaling genes have zero variance across vCMs and will be treated as constant in the score.")
stds_safe = np.where(stds == 0, 1.0, stds)
X_z = (X - means) / stds_safe

# Average z-scores across genes per cell
vc_scores = X_z.mean(axis=1)

# 5) Store scores in adata.obs for all cells (NaN for non-vCMs)
score_name = 'vCM_TF_signaling_score'
full_scores = np.full(adata.n_obs, np.nan, dtype=float)
full_scores[vc_mask.values] = vc_scores
adata.obs[score_name] = full_scores

print(f"Stored per-cell TF/signaling score in adata.obs['{score_name}'] for vCMs; non-vCMs set to NaN.")

# Optional QC summary by vCM subtype
vc_scores_series = pd.Series(vc_scores, index=adata.obs.index[vc_mask])
qc_summary = vc_scores_series.groupby(adata.obs.loc[vc_mask, 'Populations']).describe()
print("\nTF/signaling score summary by vCM Population:")
print(qc_summary)

```


================================================================================
2026-05-17 10:29:53,531 - INFO
================================================================================
RESPONSE/OUTPUT: fix_attempt_exhausted_1_3

ALL FIX ATTEMPTS EXHAUSTED - Analysis 1, Step 3. Failed after 3 attempts.


================================================================================
2026-05-17 10:30:10,054 - INFO
================================================================================
RESPONSE/OUTPUT: initial_analysis_1_3

NEXT STEP PLAN - Analysis 1, Step 4: Verify that the per-cell vCM TF/signaling score is present and well-distributed within ventricular cardiomyocytes, then, per Sample_ID, build spatial kNN graphs on obsm['spatial'] restricted to vCMs, compute each cell’s neighborhood-mean TF/signaling score, and quantify spatial coherence by correlating cell scores with neighborhood-mean scores and regressing neighborhood-mean on cell score.

Code:
```python
import numpy as np
import pandas as pd
from scipy import stats
import scanpy as sc

# --- Step 2: Spatial kNN on vCMs, neighborhood-mean TF/signaling scores, and spatial coherence ---

# 0) Basic checks
required_obs = ['Populations', 'Purity', 'vCM_TF_signaling_score']
for col in required_obs:
    if col not in adata.obs.columns:
        raise ValueError(f"Expected '{col}' in adata.obs but did not find it.")

if 'spatial' not in adata.obsm.keys():
    raise ValueError("Expected spatial coordinates in adata.obsm['spatial'] but did not find them.")

# Identify ventricular cardiomyocytes (vCMs)
pop = adata.obs['Populations'].astype(str)
vc_labels = [p for p in pop.unique().tolist() if isinstance(p, str) and p.upper().startswith('VCM')]
vc_mask = pop.isin(vc_labels)
if vc_mask.sum() == 0:
    raise ValueError("No ventricular cardiomyocytes found based on Populations starting with 'vCM' (case-insensitive).")

print(f"Total ventricular CM cells: {int(vc_mask.sum())}")
print("vCM Populations:", sorted(set(pop[vc_mask].tolist())))

# Ensure Sample_ID exists; if not, create a single-sample label
if 'Sample_ID' not in adata.obs.columns:
    adata.obs['Sample_ID'] = 'Sample_1'

# Prepare containers for neighborhood-mean scores
nb_mean_col = 'vCM_TF_signaling_score_nb_mean'
nb_degree_col = 'vCM_spatial_kNN_degree'
adata.obs[nb_mean_col] = np.nan
adata.obs[nb_degree_col] = np.nan

# Parameters for spatial kNN
default_k = 15

# Function to compute neighborhood-mean scores for one sample
from scipy.spatial import cKDTree

def compute_nb_means_for_sample(sample_id, k=default_k):
    sample_mask = (adata.obs['Sample_ID'] == sample_id) & vc_mask
    n_cells = int(sample_mask.sum())
    if n_cells == 0:
        return
    coords = adata.obsm['spatial'][sample_mask.values, :]
    scores = adata.obs.loc[sample_mask, 'vCM_TF_signaling_score'].values

    # Build k-d tree on spatial coordinates
    tree = cKDTree(coords)

    # Use min(k, n_cells-1) neighbors (excluding the cell itself)
    k_eff = min(k, max(n_cells - 1, 1))

    # Query k_eff+1 neighbors including self, then drop self
    dists, idxs = tree.query(coords, k=k_eff + 1)
    if k_eff == 1:
        # For k_eff==1, idxs has shape (n_cells, 2); drop self index at position 0
        nb_indices = idxs[:, 1:]
    else:
        # General case: first column is self
        nb_indices = idxs[:, 1:]

    # Compute neighborhood-mean TF/signaling score per cell
    nb_scores = []
    nb_counts = []
    for i in range(n_cells):
        neigh_idx = nb_indices[i]
        # Filter out any -1 indices (in degenerate small-sample cases)
        neigh_idx = neigh_idx[neigh_idx >= 0]
        if neigh_idx.size == 0:
            nb_scores.append(np.nan)
            nb_counts.append(0)
        else:
            nb_scores.append(float(np.nanmean(scores[neigh_idx])))
            nb_counts.append(int(neigh_idx.size))

    adata.obs.loc[sample_mask, nb_mean_col] = nb_scores
    adata.obs.loc[sample_mask, nb_degree_col] = nb_counts

# 1) Compute neighborhood-mean TF/signaling scores per Sample_ID for vCMs
sample_ids = adata.obs.loc[vc_mask, 'Sample_ID'].unique().tolist()
print("Computing spatial kNN neighborhoods and neighborhood-mean TF/signaling scores per Sample_ID for vCMs...")
for sid in sample_ids:
    print(f"  Processing Sample_ID = {sid}")
    compute_nb_means_for_sample(sid, k=default_k)

# Check how many vCMs have valid neighborhood means
valid_nb = vc_mask & adata.obs[nb_mean_col].notnull()
print(f"vCMs with valid neighborhood-mean scores: {int(valid_nb.sum())} / {int(vc_mask.sum())}")

# 2) Quantify spatial coherence: correlation between cell scores and neighborhood-mean scores
print("\nSpatial coherence of vCM TF/signaling scores (cell vs. neighborhood-mean):")

results = []
for sid in sample_ids:
    sid_mask = (adata.obs['Sample_ID'] == sid) & valid_nb
    if sid_mask.sum() < 10:
        continue
    x = adata.obs.loc[sid_mask, 'vCM_TF_signaling_score'].values
    y = adata.obs.loc[sid_mask, nb_mean_col].values

    # Pearson and Spearman correlations
    pearson_r, pearson_p = stats.pearsonr(x, y)
    spearman_r, spearman_p = stats.spearmanr(x, y)

    # Simple linear regression of neighborhood-mean on cell score
    slope, intercept, r_value, p_value, std_err = stats.linregress(x, y)

    n_cells_sample = int(sid_mask.sum())
    results.append({
        'Sample_ID': sid,
        'n_vCM_cells': n_cells_sample,
        'pearson_r': pearson_r,
        'pearson_p': pearson_p,
        'spearman_r': spearman_r,
        'spearman_p': spearman_p,
        'linreg_slope': slope,
        'linreg_intercept': intercept,
        'linreg_r2': r_value ** 2,
        'linreg_p': p_value,
        'linreg_std_err': std_err
    })

# Convert to DataFrame for a clean text table
if len(results) > 0:
    res_df = pd.DataFrame(results)
    # Order columns
    res_df = res_df[[
        'Sample_ID', 'n_vCM_cells',
        'pearson_r', 'pearson_p',
        'spearman_r', 'spearman_p',
        'linreg_slope', 'linreg_intercept', 'linreg_r2', 'linreg_p', 'linreg_std_err'
    ]]
    print(res_df.to_string(index=False, float_format=lambda x: f"{x:.4g}"))
else:
    print("No samples with sufficient vCM cells and valid neighborhood-mean scores to compute spatial coherence.")

# 3) Optional: spatial coherence stratified by vCM Population within each Sample_ID
print("\nSpatial coherence stratified by vCM Population and Sample_ID:")

stratified_rows = []
for sid in sample_ids:
    sid_mask = (adata.obs['Sample_ID'] == sid) & valid_nb
    if sid_mask.sum() < 10:
        continue
    pops_in_sid = adata.obs.loc[sid_mask, 'Populations'].unique().tolist()
    for p_lab in pops_in_sid:
        sub_mask = sid_mask & (adata.obs['Populations'] == p_lab)
        if sub_mask.sum() < 20:
            # Require at least 20 cells for a stable estimate
            continue
        x = adata.obs.loc[sub_mask, 'vCM_TF_signaling_score'].values
        y = adata.obs.loc[sub_mask, nb_mean_col].values

        pearson_r, pearson_p = stats.pearsonr(x, y)
        spearman_r, spearman_p = stats.spearmanr(x, y)
        slope, intercept, r_value, p_value, std_err = stats.linregress(x, y)

        stratified_rows.append({
            'Sample_ID': sid,
            'vCM_Population': p_lab,
            'n_cells': int(sub_mask.sum()),
            'pearson_r': pearson_r,
            'pearson_p': pearson_p,
            'spearman_r': spearman_r,
            'spearman_p': spearman_p,
            'linreg_slope': slope,
            'linreg_intercept': intercept,
            'linreg_r2': r_value ** 2,
            'linreg_p': p_value,
            'linreg_std_err': std_err
        })

if len(stratified_rows) > 0:
    strat_df = pd.DataFrame(stratified_rows)
    strat_df = strat_df.sort_values(['Sample_ID', 'vCM_Population'])
    strat_df = strat_df[[
        'Sample_ID', 'vCM_Population', 'n_cells',
        'pearson_r', 'pearson_p',
        'spearman_r', 'spearman_p',
        'linreg_slope', 'linreg_intercept', 'linreg_r2', 'linreg_p', 'linreg_std_err'
    ]]
    print(strat_df.to_string(index=False, float_format=lambda x: f"{x:.4g}"))
else:
    print("No vCM Population × Sample_ID combinations with ≥20 cells and valid neighborhood-mean scores for stratified spatial coherence analysis.")
```


================================================================================
2026-05-17 10:30:41,856 - INFO
================================================================================
RESPONSE/OUTPUT: self_critique_1_3

APPLIED SELF-CRITIQUE - Analysis 1, Step 4


================================================================================
2026-05-17 10:30:41,857 - INFO
================================================================================
RESPONSE/OUTPUT: revised_analysis_1_3

Revised Hypothesis: Within ventricular cardiomyocytes, the pre-computed per-cell TF/signaling score forms spatially coherent neighborhood-averaged maturation states that are associated with Purity and are not reducible to existing Leiden clusters or Populations.

Revised Analysis Plan:
1. Verify ventricular cardiomyocyte TF/signaling scores and compute spatial kNN graphs per Sample_ID on obsm['spatial'] restricted to vCMs, derive neighborhood-mean TF/signaling scores, and quantify spatial coherence via cell vs neighborhood score correlations and simple regressions.
2. Within ventricular cardiomyocytes, model associations between TF/signaling scores (per-cell and neighborhood-mean) and Purity using Pearson/Spearman correlations and linear regression stratified by Sample_ID and vCM subtype, explicitly reporting effect sizes and p-values.
3. Using only ventricular cardiomyocytes and their TF/signaling gene expression, perform PCA, construct a kNN graph, run Leiden clustering to define TF-based maturation states, and quantitatively compare these TF-defined states to existing Leiden clusters and Populations via contingency tables, chi-squared tests, and Purity distribution tests (Kruskal–Wallis and pairwise Mann–Whitney), emphasizing TF states that cut across existing labels.

Revised Code:
import numpy as np
import pandas as pd
from scipy import stats
import scanpy as sc
from scipy.spatial import cKDTree

# --- Step 1: Verify vCM TF/signaling scores, build spatial kNN per Sample_ID, and quantify spatial coherence ---

# 0) Basic checks for required metadata and TF/signaling score
required_obs = ['Populations', 'Purity', 'vCM_TF_signaling_score']
for col in required_obs:
    if col not in adata.obs.columns:
        raise ValueError(f"Expected '{col}' in adata.obs but did not find it.")

if 'spatial' not in adata.obsm.keys():
    raise ValueError("Expected spatial coordinates in adata.obsm['spatial'] but did not find them.")

# Identify ventricular cardiomyocytes (vCMs) from Populations
pop = adata.obs['Populations'].astype(str)
vc_labels = [p for p in pop.unique().tolist() if isinstance(p, str) and p.upper().startswith('VCM')]
vc_mask = pop.isin(vc_labels)
if vc_mask.sum() == 0:
    raise ValueError("No ventricular cardiomyocytes found based on Populations starting with 'vCM' (case-insensitive).")

print(f"Total ventricular CM cells: {int(vc_mask.sum())}")
print("vCM Populations:", sorted(set(pop[vc_mask].tolist())))

# Ensure Sample_ID exists; if not, create a single-sample label
if 'Sample_ID' not in adata.obs.columns:
    adata.obs['Sample_ID'] = 'Sample_1'

# Quick QC of TF/signaling score distribution in vCMs
vcm_scores = adata.obs.loc[vc_mask, 'vCM_TF_signaling_score']
print("\nTF/signaling score summary for all vCMs:")
print(vcm_scores.describe())

sample_ids = adata.obs.loc[vc_mask, 'Sample_ID'].unique().tolist()
for sid in sample_ids:
    sid_mask = (adata.obs['Sample_ID'] == sid) & vc_mask
    print(f"\nTF/signaling score summary for vCMs in Sample_ID={sid}:")
    print(adata.obs.loc[sid_mask, 'vCM_TF_signaling_score'].describe())

# Prepare containers for neighborhood-mean scores
nb_mean_col = 'vCM_TF_signaling_score_nb_mean'
nb_degree_col = 'vCM_spatial_kNN_degree'
adata.obs[nb_mean_col] = np.nan
adata.obs[nb_degree_col] = np.nan

# Parameters for spatial kNN
default_k = 15

# Function to compute neighborhood-mean scores for one sample
small_eps = 1e-8

def compute_nb_means_for_sample(sample_id, k=default_k):
    sample_mask = (adata.obs['Sample_ID'] == sample_id) & vc_mask
    n_cells = int(sample_mask.sum())
    if n_cells < 2:
        # No meaningful neighborhood structure with <2 cells
        adata.obs.loc[sample_mask, nb_mean_col] = np.nan
        adata.obs.loc[sample_mask, nb_degree_col] = 0
        print(f"  Sample_ID={sample_id}: only {n_cells} vCM cell(s); skipping kNN.")
        return

    coords = adata.obsm['spatial'][sample_mask.values, :]
    scores = adata.obs.loc[sample_mask, 'vCM_TF_signaling_score'].values

    # Build k-d tree on spatial coordinates
    tree = cKDTree(coords)

    # Use min(k, n_cells-1) neighbors (excluding the cell itself)
    k_eff = min(k, n_cells - 1)

    # Query k_eff+1 neighbors including self, then drop self
    dists, idxs = tree.query(coords, k=k_eff + 1)
    # For both k_eff==1 and k_eff>1, first column is self
    nb_indices = idxs[:, 1:]

    # Compute neighborhood-mean TF/signaling score per cell
    nb_scores = []
    nb_counts = []
    for i in range(n_cells):
        neigh_idx = nb_indices[i]
        # Filter out any negative indices (should not occur but safe)
        neigh_idx = neigh_idx[neigh_idx >= 0]
        if neigh_idx.size == 0:
            nb_scores.append(np.nan)
            nb_counts.append(0)
        else:
            nb_scores.append(float(np.nanmean(scores[neigh_idx])))
            nb_counts.append(int(neigh_idx.size))

    adata.obs.loc[sample_mask, nb_mean_col] = nb_scores
    adata.obs.loc[sample_mask, nb_degree_col] = nb_counts

# 1) Compute neighborhood-mean TF/signaling scores per Sample_ID for vCMs
print("\nComputing spatial kNN neighborhoods and neighborhood-mean TF/signaling scores per Sample_ID for vCMs...")
for sid in sample_ids:
    print(f"  Processing Sample_ID = {sid}")
    compute_nb_means_for_sample(sid, k=default_k)

# Check how many vCMs have valid neighborhood means
valid_nb = vc_mask & adata.obs[nb_mean_col].notnull()
print(f"\nvCMs with valid neighborhood-mean scores: {int(valid_nb.sum())} / {int(vc_mask.sum())}")

# 2) Quantify spatial coherence: correlation between cell scores and neighborhood-mean scores
print("\nSpatial coherence of vCM TF/signaling scores (cell vs. neighborhood-mean):")

results = []
for sid in sample_ids:
    sid_mask = (adata.obs['Sample_ID'] == sid) & valid_nb
    if sid_mask.sum() < 10:
        print(f"  Sample_ID={sid}: only {int(sid_mask.sum())} vCMs with valid neighborhood scores; skipping coherence stats.")
        continue
    x = adata.obs.loc[sid_mask, 'vCM_TF_signaling_score'].values
    y = adata.obs.loc[sid_mask, nb_mean_col].values

    # Guard against constant or near-constant vectors for correlations/regression
    if (np.nanstd(x) < small_eps) or (np.nanstd(y) < small_eps):
        print(f"  Sample_ID={sid}: TF/signaling scores or neighborhood means nearly constant; skipping coherence stats.")
        continue

    # Pearson and Spearman correlations
    pearson_r, pearson_p = stats.pearsonr(x, y)
    spearman_r, spearman_p = stats.spearmanr(x, y)

    # Simple linear regression of neighborhood-mean on cell score
    slope, intercept, r_value, p_value, std_err = stats.linregress(x, y)

    n_cells_sample = int(sid_mask.sum())
    results.append({
        'Sample_ID': sid,
        'n_vCM_cells': n_cells_sample,
        'pearson_r': pearson_r,
        'pearson_p': pearson_p,
        'spearman_r': spearman_r,
        'spearman_p': spearman_p,
        'linreg_slope': slope,
        'linreg_intercept': intercept,
        'linreg_r2': r_value ** 2,
        'linreg_p': p_value,
        'linreg_std_err': std_err
    })

# Convert to DataFrame for a clean text table
if len(results) > 0:
    res_df = pd.DataFrame(results)
    # Order columns
    res_df = res_df[[
        'Sample_ID', 'n_vCM_cells',
        'pearson_r', 'pearson_p',
        'spearman_r', 'spearman_p',
        'linreg_slope', 'linreg_intercept', 'linreg_r2', 'linreg_p', 'linreg_std_err'
    ]]
    print(res_df.to_string(index=False, float_format=lambda x: f"{x:.4g}"))
else:
    print("No samples with sufficient vCM cells and valid neighborhood-mean scores to compute spatial coherence.")

# 3) Optional: spatial coherence stratified by vCM Population within each Sample_ID
print("\nSpatial coherence stratified by vCM Population and Sample_ID:")

stratified_rows = []
for sid in sample_ids:
    sid_mask = (adata.obs['Sample_ID'] == sid) & valid_nb
    if sid_mask.sum() < 10:
        continue
    pops_in_sid = adata.obs.loc[sid_mask, 'Populations'].unique().tolist()
    for p_lab in pops_in_sid:
        sub_mask = sid_mask & (adata.obs['Populations'] == p_lab)
        if sub_mask.sum() < 20:
            # Require at least 20 cells for a stable estimate
            continue
        x = adata.obs.loc[sub_mask, 'vCM_TF_signaling_score'].values
        y = adata.obs.loc[sub_mask, nb_mean_col].values

        # Guard against constant or near-constant vectors
        if (np.nanstd(x) < small_eps) or (np.nanstd(y) < small_eps):
            continue

        pearson_r, pearson_p = stats.pearsonr(x, y)
        spearman_r, spearman_p = stats.spearmanr(x, y)
        slope, intercept, r_value, p_value, std_err = stats.linregress(x, y)

        stratified_rows.append({
            'Sample_ID': sid,
            'vCM_Population': p_lab,
            'n_cells': int(sub_mask.sum()),
            'pearson_r': pearson_r,
            'pearson_p': pearson_p,
            'spearman_r': spearman_r,
            'spearman_p': spearman_p,
            'linreg_slope': slope,
            'linreg_intercept': intercept,
            'linreg_r2': r_value ** 2,
            'linreg_p': p_value,
            'linreg_std_err': std_err
        })

if len(stratified_rows) > 0:
    strat_df = pd.DataFrame(stratified_rows)
    strat_df = strat_df.sort_values(['Sample_ID', 'vCM_Population'])
    strat_df = strat_df[[
        'Sample_ID', 'vCM_Population', 'n_cells',
        'pearson_r', 'pearson_p',
        'spearman_r', 'spearman_p',
        'linreg_slope', 'linreg_intercept', 'linreg_r2', 'linreg_p', 'linreg_std_err'
    ]]
    print(strat_df.to_string(index=False, float_format=lambda x: f"{x:.4g}"))
else:
    print("No vCM Population × Sample_ID combinations with ≥20 cells and valid neighborhood-mean scores for stratified spatial coherence analysis.")


================================================================================
2026-05-17 10:30:41,908 - INFO
================================================================================
RESPONSE/OUTPUT: step_execution_failed_1_4

STEP 4 FAILED - Analysis 1

Code:
```python
import numpy as np
import pandas as pd
from scipy import stats
import scanpy as sc
from scipy.spatial import cKDTree

# --- Step 1: Verify vCM TF/signaling scores, build spatial kNN per Sample_ID, and quantify spatial coherence ---

# 0) Basic checks for required metadata and TF/signaling score
required_obs = ['Populations', 'Purity', 'vCM_TF_signaling_score']
for col in required_obs:
    if col not in adata.obs.columns:
        raise ValueError(f"Expected '{col}' in adata.obs but did not find it.")

if 'spatial' not in adata.obsm.keys():
    raise ValueError("Expected spatial coordinates in adata.obsm['spatial'] but did not find them.")

# Identify ventricular cardiomyocytes (vCMs) from Populations
pop = adata.obs['Populations'].astype(str)
vc_labels = [p for p in pop.unique().tolist() if isinstance(p, str) and p.upper().startswith('VCM')]
vc_mask = pop.isin(vc_labels)
if vc_mask.sum() == 0:
    raise ValueError("No ventricular cardiomyocytes found based on Populations starting with 'vCM' (case-insensitive).")

print(f"Total ventricular CM cells: {int(vc_mask.sum())}")
print("vCM Populations:", sorted(set(pop[vc_mask].tolist())))

# Ensure Sample_ID exists; if not, create a single-sample label
if 'Sample_ID' not in adata.obs.columns:
    adata.obs['Sample_ID'] = 'Sample_1'

# Quick QC of TF/signaling score distribution in vCMs
vcm_scores = adata.obs.loc[vc_mask, 'vCM_TF_signaling_score']
print("\nTF/signaling score summary for all vCMs:")
print(vcm_scores.describe())

sample_ids = adata.obs.loc[vc_mask, 'Sample_ID'].unique().tolist()
for sid in sample_ids:
    sid_mask = (adata.obs['Sample_ID'] == sid) & vc_mask
    print(f"\nTF/signaling score summary for vCMs in Sample_ID={sid}:")
    print(adata.obs.loc[sid_mask, 'vCM_TF_signaling_score'].describe())

# Prepare containers for neighborhood-mean scores
nb_mean_col = 'vCM_TF_signaling_score_nb_mean'
nb_degree_col = 'vCM_spatial_kNN_degree'
adata.obs[nb_mean_col] = np.nan
adata.obs[nb_degree_col] = np.nan

# Parameters for spatial kNN
default_k = 15

# Function to compute neighborhood-mean scores for one sample
small_eps = 1e-8

def compute_nb_means_for_sample(sample_id, k=default_k):
    sample_mask = (adata.obs['Sample_ID'] == sample_id) & vc_mask
    n_cells = int(sample_mask.sum())
    if n_cells < 2:
        # No meaningful neighborhood structure with <2 cells
        adata.obs.loc[sample_mask, nb_mean_col] = np.nan
        adata.obs.loc[sample_mask, nb_degree_col] = 0
        print(f"  Sample_ID={sample_id}: only {n_cells} vCM cell(s); skipping kNN.")
        return

    coords = adata.obsm['spatial'][sample_mask.values, :]
    scores = adata.obs.loc[sample_mask, 'vCM_TF_signaling_score'].values

    # Build k-d tree on spatial coordinates
    tree = cKDTree(coords)

    # Use min(k, n_cells-1) neighbors (excluding the cell itself)
    k_eff = min(k, n_cells - 1)

    # Query k_eff+1 neighbors including self, then drop self
    dists, idxs = tree.query(coords, k=k_eff + 1)
    # For both k_eff==1 and k_eff>1, first column is self
    nb_indices = idxs[:, 1:]

    # Compute neighborhood-mean TF/signaling score per cell
    nb_scores = []
    nb_counts = []
    for i in range(n_cells):
        neigh_idx = nb_indices[i]
        # Filter out any negative indices (should not occur but safe)
        neigh_idx = neigh_idx[neigh_idx >= 0]
        if neigh_idx.size == 0:
            nb_scores.append(np.nan)
            nb_counts.append(0)
        else:
            nb_scores.append(float(np.nanmean(scores[neigh_idx])))
            nb_counts.append(int(neigh_idx.size))

    adata.obs.loc[sample_mask, nb_mean_col] = nb_scores
    adata.obs.loc[sample_mask, nb_degree_col] = nb_counts

# 1) Compute neighborhood-mean TF/signaling scores per Sample_ID for vCMs
print("\nComputing spatial kNN neighborhoods and neighborhood-mean TF/signaling scores per Sample_ID for vCMs...")
for sid in sample_ids:
    print(f"  Processing Sample_ID = {sid}")
    compute_nb_means_for_sample(sid, k=default_k)

# Check how many vCMs have valid neighborhood means
valid_nb = vc_mask & adata.obs[nb_mean_col].notnull()
print(f"\nvCMs with valid neighborhood-mean scores: {int(valid_nb.sum())} / {int(vc_mask.sum())}")

# 2) Quantify spatial coherence: correlation between cell scores and neighborhood-mean scores
print("\nSpatial coherence of vCM TF/signaling scores (cell vs. neighborhood-mean):")

results = []
for sid in sample_ids:
    sid_mask = (adata.obs['Sample_ID'] == sid) & valid_nb
    if sid_mask.sum() < 10:
        print(f"  Sample_ID={sid}: only {int(sid_mask.sum())} vCMs with valid neighborhood scores; skipping coherence stats.")
        continue
    x = adata.obs.loc[sid_mask, 'vCM_TF_signaling_score'].values
    y = adata.obs.loc[sid_mask, nb_mean_col].values

    # Guard against constant or near-constant vectors for correlations/regression
    if (np.nanstd(x) < small_eps) or (np.nanstd(y) < small_eps):
        print(f"  Sample_ID={sid}: TF/signaling scores or neighborhood means nearly constant; skipping coherence stats.")
        continue

    # Pearson and Spearman correlations
    pearson_r, pearson_p = stats.pearsonr(x, y)
    spearman_r, spearman_p = stats.spearmanr(x, y)

    # Simple linear regression of neighborhood-mean on cell score
    slope, intercept, r_value, p_value, std_err = stats.linregress(x, y)

    n_cells_sample = int(sid_mask.sum())
    results.append({
        'Sample_ID': sid,
        'n_vCM_cells': n_cells_sample,
        'pearson_r': pearson_r,
        'pearson_p': pearson_p,
        'spearman_r': spearman_r,
        'spearman_p': spearman_p,
        'linreg_slope': slope,
        'linreg_intercept': intercept,
        'linreg_r2': r_value ** 2,
        'linreg_p': p_value,
        'linreg_std_err': std_err
    })

# Convert to DataFrame for a clean text table
if len(results) > 0:
    res_df = pd.DataFrame(results)
    # Order columns
    res_df = res_df[[
        'Sample_ID', 'n_vCM_cells',
        'pearson_r', 'pearson_p',
        'spearman_r', 'spearman_p',
        'linreg_slope', 'linreg_intercept', 'linreg_r2', 'linreg_p', 'linreg_std_err'
    ]]
    print(res_df.to_string(index=False, float_format=lambda x: f"{x:.4g}"))
else:
    print("No samples with sufficient vCM cells and valid neighborhood-mean scores to compute spatial coherence.")

# 3) Optional: spatial coherence stratified by vCM Population within each Sample_ID
print("\nSpatial coherence stratified by vCM Population and Sample_ID:")

stratified_rows = []
for sid in sample_ids:
    sid_mask = (adata.obs['Sample_ID'] == sid) & valid_nb
    if sid_mask.sum() < 10:
        continue
    pops_in_sid = adata.obs.loc[sid_mask, 'Populations'].unique().tolist()
    for p_lab in pops_in_sid:
        sub_mask = sid_mask & (adata.obs['Populations'] == p_lab)
        if sub_mask.sum() < 20:
            # Require at least 20 cells for a stable estimate
            continue
        x = adata.obs.loc[sub_mask, 'vCM_TF_signaling_score'].values
        y = adata.obs.loc[sub_mask, nb_mean_col].values

        # Guard against constant or near-constant vectors
        if (np.nanstd(x) < small_eps) or (np.nanstd(y) < small_eps):
            continue

        pearson_r, pearson_p = stats.pearsonr(x, y)
        spearman_r, spearman_p = stats.spearmanr(x, y)
        slope, intercept, r_value, p_value, std_err = stats.linregress(x, y)

        stratified_rows.append({
            'Sample_ID': sid,
            'vCM_Population': p_lab,
            'n_cells': int(sub_mask.sum()),
            'pearson_r': pearson_r,
            'pearson_p': pearson_p,
            'spearman_r': spearman_r,
            'spearman_p': spearman_p,
            'linreg_slope': slope,
            'linreg_intercept': intercept,
            'linreg_r2': r_value ** 2,
            'linreg_p': p_value,
            'linreg_std_err': std_err
        })

if len(stratified_rows) > 0:
    strat_df = pd.DataFrame(stratified_rows)
    strat_df = strat_df.sort_values(['Sample_ID', 'vCM_Population'])
    strat_df = strat_df[[
        'Sample_ID', 'vCM_Population', 'n_cells',
        'pearson_r', 'pearson_p',
        'spearman_r', 'spearman_p',
        'linreg_slope', 'linreg_intercept', 'linreg_r2', 'linreg_p', 'linreg_std_err'
    ]]
    print(strat_df.to_string(index=False, float_format=lambda x: f"{x:.4g}"))
else:
    print("No vCM Population × Sample_ID combinations with ≥20 cells and valid neighborhood-mean scores for stratified spatial coherence analysis.")

 Error:
ValueError: Expected 'vCM_TF_signaling_score' in adata.obs but did not find it.```


================================================================================
2026-05-17 10:30:57,520 - INFO
================================================================================
RESPONSE/OUTPUT: fix_attempt_success_1_4_1

FIX SUCCESSFUL on attempt 1/3 - Analysis 1, Step 5


================================================================================
2026-05-17 10:31:11,799 - INFO
================================================================================
RESPONSE/OUTPUT: results_interpretation_1_4

All ventricular cardiomyocytes were found and the spatial kNN graph per sample was successfully built, but the core quantity for the hypothesis — `vCM_TF_signaling_score` — is entirely missing (all NaN). As a result:

- Neighborhood means are also NaN.
- No spatial coherence statistics (cell vs neighborhood-mean correlations or regressions) can be computed.
- Nothing can yet be said about spatially coherent maturation “domains” or their relationship to Purity, or about whether these patterns are independent of existing Leiden clusters/Populations.

So at this stage, the hypothesis is entirely untested rather than refuted.

Concrete recommendations for next steps:

1. **Define / recover the TF/signaling score before proceeding.**
   - The code currently just creates a NaN placeholder if `vCM_TF_signaling_score` is missing. That’s appropriate for safety, but you now need to:
     - Either load the pre-computed score from disk (if it exists in a previous object or file), or
     - Compute it de novo from the current AnnData.
   - If computing de novo, do it in a clearly separate step, then re-run this spatial coherence analysis:
     - Decide on the TF/signaling program: for example, the subset of panel genes that are transcription factors / signaling components, potentially separated into “maturation-promoting” vs “immature” programs if that fits your hypothesis.
     - Compute per-cell scores using something like:
       - Simple average / z-scored mean expression over the selected genes.
       - Or Scanpy’s `tl.score_genes` for a more standard approach.
     - Restrict to vCMs (as you already do) or compute globally and then subset.

2. **Sanity-check the new TF/signaling score distribution.**
   Once the score is non-NaN, repeat the initial QC but verify:
   - Non-zero `count` for vCMs and per Sample_ID.
   - Reasonable spread (non-trivial standard deviation; no extreme outliers from technical artifacts).

3. **Re-run this same spatial kNN / neighborhood-mean step.**
   - With valid scores, the existing code should:
     - Fill `vCM_TF_signaling_score_nb_mean` and `vCM_spatial_kNN_degree`.
     - Produce per-sample Pearson/Spearman correlations and linear regression fits.
   - Interpret the spatial coherence:
     - Strong positive correlations (e.g. r > 0.5 with small p-values) would support that TF/signaling maturation scores form spatially coherent domains.
     - Compare coherence strength across samples and across vCM Populations (His–Purkinje vs compact vs trabecular, etc.) using the stratified section.

4. **Consider robustness checks once scores exist.**
   - Vary spatial neighborhood size:
     - Repeat with different k (e.g. 5, 10, 20, 30) to ensure that coherence is not an artifact of a single k choice.
   - Assess whether coherence is preserved when you:
     - Randomly permute scores within each sample (negative control), to show that observed coherence exceeds random expectation.
     - Optionally, use distance-binned correlations (near vs far neighbors) for a more explicit notion of spatial range.

5. **Prepare for the next steps of your stated plan (once scores are in place).**
   - Step 2 (Purity association):
     - Use both per-cell and neighborhood-mean TF/signaling scores to correlate with Purity, per Sample_ID and per vCM subtype.
     - Explicitly store effect sizes and p-values in tables, as you’ve done here.
   - Step 3 (TF-based maturation states):
     - Use the underlying TF/signaling gene expression matrix for vCMs to build PCA, kNN, and Leiden clusters representing TF-defined maturation states.
     - Later, compare those clusters vs existing Populations and Purity distributions.

Summary: the current step is structurally correct but cannot inform the hypothesis because the key TF/signaling score is entirely missing. The immediate priority is to reconstruct or load a biologically meaningful `vCM_TF_signaling_score` and then re-run this spatial neighborhood analysis; only then can you test whether TF-based maturation scores form spatially coherent patterns independent of existing annotations and associated with Purity.


================================================================================
2026-05-17 10:31:38,903 - INFO
================================================================================
RESPONSE/OUTPUT: initial_analysis_1_4

NEXT STEP PLAN - Analysis 1, Step 5: Recompute a robust per-cell ventricular cardiomyocyte TF/signaling score directly from a clearly identified 2D expression matrix (preferring adata.X, then expression-like layers, then adata.raw), restricted to adata.uns['vc_tf_signaling_genes'], store it in adata.obs['vCM_TF_signaling_score'], and provide concise QC summaries to ensure it is non-NaN with reasonable variance across vCMs and samples.

Code:
```python
import numpy as np
import pandas as pd
import scanpy as sc
from scipy import stats

# --- Step 2 (redefined as new first step here): robustly recompute vCM TF/signaling scores ---

# 0) Basic checks
if 'Populations' not in adata.obs.columns:
    raise ValueError("Expected 'Populations' in adata.obs.")
if 'vc_tf_signaling_genes' not in adata.uns:
    raise ValueError("Expected curated TF/signaling gene list in adata.uns['vc_tf_signaling_genes'].")

vc_genes = list(adata.uns['vc_tf_signaling_genes'])
if len(vc_genes) == 0:
    raise ValueError("adata.uns['vc_tf_signaling_genes'] is empty; cannot compute TF/signaling scores.")

# Restrict gene list to those present in adata.var_names
vc_genes = [g for g in vc_genes if g in adata.var_names]
if len(vc_genes) == 0:
    raise ValueError("None of the curated TF/signaling genes are present in adata.var_names.")

# Identify ventricular cardiomyocytes (vCMs)
pop = adata.obs['Populations'].astype(str)
vc_labels = [p for p in pop.unique().tolist() if isinstance(p, str) and p.upper().startswith('VCM')]
vc_mask = pop.isin(vc_labels)
if vc_mask.sum() == 0:
    raise ValueError("No ventricular cardiomyocytes found based on Populations starting with 'vCM' (case-insensitive).")

print(f"Total ventricular CM cells: {int(vc_mask.sum())}")
print("vCM Populations:", sorted(set(pop[vc_mask].tolist())))

# 1) Choose a valid 2D expression source (X, expression-like layers, or raw)

def _is_valid_2d(X, n_obs_expected=None, n_vars_expected=None):
    if X is None:
        return False
    if hasattr(X, 'A'):
        X = X.A
    X = np.asarray(X)
    if X.ndim != 2:
        return False
    if (n_obs_expected is not None) and (X.shape[0] != n_obs_expected):
        return False
    if (n_vars_expected is not None) and (X.shape[1] != n_vars_expected):
        return False
    return True

n_cells = adata.n_obs
n_genes_total = adata.n_vars
expr_source = None  # ('X' / 'layers' / 'raw', layer_name or None)

# Try adata.X first
X_try = adata.X
if X_try is not None:
    if hasattr(X_try, 'A'):
        X_try = X_try.A
    X_try = np.asarray(X_try)
    if X_try.ndim == 1 and X_try.size == n_cells * n_genes_total:
        # reshape flat vector to matrix
        X_try = X_try.reshape(n_cells, n_genes_total)
        adata.X = X_try
if _is_valid_2d(adata.X, n_obs_expected=n_cells, n_vars_expected=n_genes_total):
    expr_source = ('X', None)

# If X not usable, try expression-like layers
if expr_source is None and hasattr(adata, 'layers'):
    candidate_layers = []
    for key in adata.layers.keys():
        lk = key.lower()
        if any(tag in lk for tag in ['count', 'expr', 'log', 'norm']):
            candidate_layers.append(key)
    for layer in candidate_layers:
        X_layer = adata.layers[layer]
        if X_layer is not None:
            if hasattr(X_layer, 'A'):
                X_layer = X_layer.A
            X_layer = np.asarray(X_layer)
            if X_layer.ndim == 1 and X_layer.size == n_cells * n_genes_total:
                X_layer = X_layer.reshape(n_cells, n_genes_total)
                adata.layers[layer] = X_layer
        if _is_valid_2d(adata.layers[layer], n_obs_expected=n_cells, n_vars_expected=n_genes_total):
            expr_source = ('layers', layer)
            break

# If still nothing, try adata.raw
if expr_source is None and getattr(adata, 'raw', None) is not None:
    X_raw = adata.raw.X
    n_raw_genes = adata.raw.n_vars
    if X_raw is not None:
        if hasattr(X_raw, 'A'):
            X_raw = X_raw.A
        X_raw = np.asarray(X_raw)
        if X_raw.ndim == 1 and X_raw.size == n_cells * n_raw_genes:
            X_raw = X_raw.reshape(n_cells, n_raw_genes)
            adata.raw._X = X_raw  # raw is frozen; assign to internal X
    if _is_valid_2d(adata.raw.X, n_obs_expected=n_cells, n_vars_expected=n_raw_genes):
        expr_source = ('raw', None)

if expr_source is None:
    raise ValueError("Could not identify a valid 2D expression matrix in adata.X, expression-like layers, or adata.raw.")

print("Using expression source for TF/signaling scoring:", expr_source)

# 2) Extract expression for vCMs and TF/signaling genes in the chosen source
if expr_source[0] == 'X':
    sub = adata[vc_mask, vc_genes].copy()
    X = sub.X
elif expr_source[0] == 'layers':
    layer = expr_source[1]
    sub = adata[vc_mask, vc_genes].copy()
    X = sub.layers[layer]
else:  # 'raw'
    raw = adata.raw[vc_mask, :]
    var_to_idx = {g: i for i, g in enumerate(list(raw.var_names))}
    gene_idx = [var_to_idx[g] for g in vc_genes if g in var_to_idx]
    if len(gene_idx) == 0:
        raise ValueError("None of the curated TF/signaling genes are present in adata.raw.var_names.")
    X = raw.X[:, gene_idx]

# Ensure dense 2D
if hasattr(X, 'A'):
    X = X.A
X = np.asarray(X)
if X.ndim != 2:
    raise ValueError(f"Expression matrix for vCM TF/signaling genes is not 2D (ndim={X.ndim}).")

n_vc, n_tf = X.shape
print(f"Expression matrix for vCM TF/signaling genes: {n_vc} cells x {n_tf} genes")

# 3) Compute per-gene z-scores across vCMs and aggregate into a single score per cell
means = X.mean(axis=0)
stds = X.std(axis=0, ddof=1)
zero_var = np.sum(stds == 0)
if zero_var > 0:
    print(f"Warning: {zero_var} TF/signaling genes have zero variance across vCMs; treating them as constant in scoring.")
stds_safe = np.where(stds == 0, 1.0, stds)
X_z = (X - means) / stds_safe

vc_scores = X_z.mean(axis=1)

# 4) Write scores back to adata.obs for all cells (NaN for non-vCMs)
score_name = 'vCM_TF_signaling_score'
full_scores = np.full(adata.n_obs, np.nan, dtype=float)
full_scores[vc_mask.values] = vc_scores
adata.obs[score_name] = full_scores

print(f"Stored recomputed TF/signaling scores in adata.obs['{score_name}'] for vCMs; non-vCMs set to NaN.")

# 5) Concise QC: distribution overall and by Sample_ID
print("\nTF/signaling score summary for vCMs (all samples):")
print(pd.Series(vc_scores).describe())

if 'Sample_ID' in adata.obs.columns:
    print("\nTF/signaling score summary for vCMs by Sample_ID:")
    vc_obs = adata.obs.loc[vc_mask, ['Sample_ID', score_name]]
    print(vc_obs.groupby('Sample_ID')[score_name].describe())
else:
    print("\nNo 'Sample_ID' column found; skipping per-sample vCM TF/signaling score summary.")
```


================================================================================
2026-05-17 10:32:10,459 - INFO
================================================================================
RESPONSE/OUTPUT: self_critique_1_4

APPLIED SELF-CRITIQUE - Analysis 1, Step 5


================================================================================
2026-05-17 10:32:10,460 - INFO
================================================================================
RESPONSE/OUTPUT: revised_analysis_1_4

Revised Hypothesis: Within ventricular cardiomyocytes, once a valid TF/signaling score is actually computed, that score will show spatially coherent neighborhood structure and non-trivial association with Purity; the current failure is purely technical (all-NaN scores), so we need to recompute the score robustly and then test spatial and Purity relationships.

Revised Analysis Plan:
1. Recompute a robust per-cell ventricular cardiomyocyte TF/signaling score directly from a clearly identified 2D expression matrix (preferring adata.X, then expression-like layers, then adata.raw), restricted to adata.uns['vc_tf_signaling_genes'], store it in adata.obs['vCM_TF_signaling_score'], and provide concise QC summaries to ensure it is non-NaN with reasonable variance across vCMs and samples.
2. Using the recomputed vCM TF/signaling scores, rebuild spatial kNN neighborhoods per Sample_ID on obsm['spatial'] restricted to vCMs, compute neighborhood-mean scores, and then quantify (i) spatial coherence (cell vs neighborhood mean correlations and regressions) and (ii) association with Purity (correlations and regressions) per sample and major vCM subtype, printing effect sizes and p-values.

Revised Code:
import numpy as np
import pandas as pd
import scanpy as sc
from scipy import stats

# --- Step 2 (redefined as new first step here): robustly recompute vCM TF/signaling scores ---

# 0) Basic checks
if 'Populations' not in adata.obs.columns:
    raise ValueError("Expected 'Populations' in adata.obs.")
if 'vc_tf_signaling_genes' not in adata.uns:
    raise ValueError("Expected curated TF/signaling gene list in adata.uns['vc_tf_signaling_genes'].")

vc_genes = list(adata.uns['vc_tf_signaling_genes'])
if len(vc_genes) == 0:
    raise ValueError("adata.uns['vc_tf_signaling_genes'] is empty; cannot compute TF/signaling scores.")

# Restrict gene list to those present in adata.var_names
vc_genes = [g for g in vc_genes if g in adata.var_names]
if len(vc_genes) == 0:
    raise ValueError("None of the curated TF/signaling genes are present in adata.var_names.")

# Identify ventricular cardiomyocytes (vCMs)
pop = adata.obs['Populations'].astype(str)
vc_labels = [p for p in pop.unique().tolist() if isinstance(p, str) and p.upper().startswith('VCM')]
vc_mask = pop.isin(vc_labels)
if vc_mask.sum() == 0:
    raise ValueError("No ventricular cardiomyocytes found based on Populations starting with 'vCM' (case-insensitive).")

print(f"Total ventricular CM cells: {int(vc_mask.sum())}")
print("vCM Populations:", sorted(set(pop[vc_mask].tolist())))

# 1) Choose a valid 2D expression source (X, expression-like layers, or raw)

def _is_valid_2d(X, n_obs_expected=None, n_vars_expected=None):
    if X is None:
        return False
    if hasattr(X, 'A'):
        X = X.A
    X = np.asarray(X)
    if X.ndim != 2:
        return False
    if (n_obs_expected is not None) and (X.shape[0] != n_obs_expected):
        return False
    if (n_vars_expected is not None) and (X.shape[1] != n_vars_expected):
        return False
    return True

n_cells = adata.n_obs
n_genes_total = adata.n_vars
expr_source = None  # ('X' / 'layers' / 'raw', layer_name or None)

# Try adata.X first
X_try = adata.X
if X_try is not None:
    if hasattr(X_try, 'A'):
        X_try = X_try.A
    X_try = np.asarray(X_try)
    if X_try.ndim == 1 and X_try.size == n_cells * n_genes_total:
        # reshape flat vector to matrix
        X_try = X_try.reshape(n_cells, n_genes_total)
        adata.X = X_try
if _is_valid_2d(adata.X, n_obs_expected=n_cells, n_vars_expected=n_genes_total):
    expr_source = ('X', None)

# If X not usable, try expression-like layers
if expr_source is None and hasattr(adata, 'layers'):
    candidate_layers = []
    for key in adata.layers.keys():
        lk = key.lower()
        if any(tag in lk for tag in ['count', 'expr', 'log', 'norm']):
            candidate_layers.append(key)
    for layer in candidate_layers:
        X_layer = adata.layers[layer]
        if X_layer is not None:
            if hasattr(X_layer, 'A'):
                X_layer = X_layer.A
            X_layer = np.asarray(X_layer)
            if X_layer.ndim == 1 and X_layer.size == n_cells * n_genes_total:
                X_layer = X_layer.reshape(n_cells, n_genes_total)
                adata.layers[layer] = X_layer
        if _is_valid_2d(adata.layers[layer], n_obs_expected=n_cells, n_vars_expected=n_genes_total):
            expr_source = ('layers', layer)
            break

# If still nothing, try adata.raw
if expr_source is None and getattr(adata, 'raw', None) is not None:
    X_raw = adata.raw.X
    n_raw_genes = adata.raw.n_vars
    if X_raw is not None:
        if hasattr(X_raw, 'A'):
            X_raw = X_raw.A
        X_raw = np.asarray(X_raw)
        if X_raw.ndim == 1 and X_raw.size == n_cells * n_raw_genes:
            X_raw = X_raw.reshape(n_cells, n_raw_genes)
            # Do not assign back into adata.raw; use local X_raw only
    if _is_valid_2d(adata.raw.X, n_obs_expected=n_cells, n_vars_expected=n_raw_genes):
        expr_source = ('raw', None)

if expr_source is None:
    raise ValueError("Could not identify a valid 2D expression matrix in adata.X, expression-like layers, or adata.raw.")

print("Using expression source for TF/signaling scoring:", expr_source)

# 2) Extract expression for vCMs and TF/signaling genes in the chosen source
if expr_source[0] == 'X':
    sub = adata[vc_mask, vc_genes].copy()
    X = sub.X
elif expr_source[0] == 'layers':
    layer = expr_source[1]
    sub = adata[vc_mask, vc_genes].copy()
    X = sub.layers[layer]
else:  # 'raw'
    raw = adata.raw[vc_mask, :]
    var_to_idx = {g: i for i, g in enumerate(list(raw.var_names))}
    # Use original vc_genes list here to allow genes present only in raw
    gene_idx = [var_to_idx[g] for g in adata.uns['vc_tf_signaling_genes'] if g in var_to_idx]
    if len(gene_idx) == 0:
        raise ValueError("None of the curated TF/signaling genes are present in adata.raw.var_names.")
    X = raw.X[:, gene_idx]

# Ensure dense 2D
if hasattr(X, 'A'):
    X = X.A
X = np.asarray(X)
if X.ndim != 2:
    raise ValueError(f"Expression matrix for vCM TF/signaling genes is not 2D (ndim={X.ndim}).")

n_vc, n_tf = X.shape
print(f"Expression matrix for vCM TF/signaling genes: {n_vc} cells x {n_tf} genes")

# 3) Compute per-gene z-scores across vCMs and aggregate into a single score per cell
means = X.mean(axis=0)
stds = X.std(axis=0, ddof=1)
zero_var = np.sum(stds == 0)
if zero_var > 0:
    print(f"Warning: {zero_var} TF/signaling genes have zero variance across vCMs; treating them as constant in scoring.")
stds_safe = np.where(stds == 0, 1.0, stds)
X_z = (X - means) / stds_safe

vc_scores = X_z.mean(axis=1)

# 4) Write scores back to adata.obs for all cells (NaN for non-vCMs)
score_name = 'vCM_TF_signaling_score'
full_scores = np.full(adata.n_obs, np.nan, dtype=float)
full_scores[vc_mask.to_numpy()] = vc_scores
adata.obs[score_name] = full_scores

print(f"Stored recomputed TF/signaling scores in adata.obs['{score_name}'] for vCMs; non-vCMs set to NaN.")

# 5) Concise QC: distribution overall and by Sample_ID
print("\nTF/signaling score summary for vCMs (all samples):")
print(pd.Series(vc_scores).describe())

if 'Sample_ID' in adata.obs.columns:
    print("\nTF/signaling score summary for vCMs by Sample_ID:")
    vc_obs = adata.obs.loc[vc_mask, ['Sample_ID', score_name]]
    print(vc_obs.groupby('Sample_ID')[score_name].describe())
else:
    print("\nNo 'Sample_ID' column found; skipping per-sample vCM TF/signaling score summary.")



================================================================================
2026-05-17 10:32:10,583 - INFO
================================================================================
RESPONSE/OUTPUT: step_execution_failed_1_5

STEP 5 FAILED - Analysis 1

Code:
```python
import numpy as np
import pandas as pd
import scanpy as sc
from scipy import stats

# --- Step 2 (redefined as new first step here): robustly recompute vCM TF/signaling scores ---

# 0) Basic checks
if 'Populations' not in adata.obs.columns:
    raise ValueError("Expected 'Populations' in adata.obs.")
if 'vc_tf_signaling_genes' not in adata.uns:
    raise ValueError("Expected curated TF/signaling gene list in adata.uns['vc_tf_signaling_genes'].")

vc_genes = list(adata.uns['vc_tf_signaling_genes'])
if len(vc_genes) == 0:
    raise ValueError("adata.uns['vc_tf_signaling_genes'] is empty; cannot compute TF/signaling scores.")

# Restrict gene list to those present in adata.var_names
vc_genes = [g for g in vc_genes if g in adata.var_names]
if len(vc_genes) == 0:
    raise ValueError("None of the curated TF/signaling genes are present in adata.var_names.")

# Identify ventricular cardiomyocytes (vCMs)
pop = adata.obs['Populations'].astype(str)
vc_labels = [p for p in pop.unique().tolist() if isinstance(p, str) and p.upper().startswith('VCM')]
vc_mask = pop.isin(vc_labels)
if vc_mask.sum() == 0:
    raise ValueError("No ventricular cardiomyocytes found based on Populations starting with 'vCM' (case-insensitive).")

print(f"Total ventricular CM cells: {int(vc_mask.sum())}")
print("vCM Populations:", sorted(set(pop[vc_mask].tolist())))

# 1) Choose a valid 2D expression source (X, expression-like layers, or raw)

def _is_valid_2d(X, n_obs_expected=None, n_vars_expected=None):
    if X is None:
        return False
    if hasattr(X, 'A'):
        X = X.A
    X = np.asarray(X)
    if X.ndim != 2:
        return False
    if (n_obs_expected is not None) and (X.shape[0] != n_obs_expected):
        return False
    if (n_vars_expected is not None) and (X.shape[1] != n_vars_expected):
        return False
    return True

n_cells = adata.n_obs
n_genes_total = adata.n_vars
expr_source = None  # ('X' / 'layers' / 'raw', layer_name or None)

# Try adata.X first
X_try = adata.X
if X_try is not None:
    if hasattr(X_try, 'A'):
        X_try = X_try.A
    X_try = np.asarray(X_try)
    if X_try.ndim == 1 and X_try.size == n_cells * n_genes_total:
        # reshape flat vector to matrix
        X_try = X_try.reshape(n_cells, n_genes_total)
        adata.X = X_try
if _is_valid_2d(adata.X, n_obs_expected=n_cells, n_vars_expected=n_genes_total):
    expr_source = ('X', None)

# If X not usable, try expression-like layers
if expr_source is None and hasattr(adata, 'layers'):
    candidate_layers = []
    for key in adata.layers.keys():
        lk = key.lower()
        if any(tag in lk for tag in ['count', 'expr', 'log', 'norm']):
            candidate_layers.append(key)
    for layer in candidate_layers:
        X_layer = adata.layers[layer]
        if X_layer is not None:
            if hasattr(X_layer, 'A'):
                X_layer = X_layer.A
            X_layer = np.asarray(X_layer)
            if X_layer.ndim == 1 and X_layer.size == n_cells * n_genes_total:
                X_layer = X_layer.reshape(n_cells, n_genes_total)
                adata.layers[layer] = X_layer
        if _is_valid_2d(adata.layers[layer], n_obs_expected=n_cells, n_vars_expected=n_genes_total):
            expr_source = ('layers', layer)
            break

# If still nothing, try adata.raw
if expr_source is None and getattr(adata, 'raw', None) is not None:
    X_raw = adata.raw.X
    n_raw_genes = adata.raw.n_vars
    if X_raw is not None:
        if hasattr(X_raw, 'A'):
            X_raw = X_raw.A
        X_raw = np.asarray(X_raw)
        if X_raw.ndim == 1 and X_raw.size == n_cells * n_raw_genes:
            X_raw = X_raw.reshape(n_cells, n_raw_genes)
            # Do not assign back into adata.raw; use local X_raw only
    if _is_valid_2d(adata.raw.X, n_obs_expected=n_cells, n_vars_expected=n_raw_genes):
        expr_source = ('raw', None)

if expr_source is None:
    raise ValueError("Could not identify a valid 2D expression matrix in adata.X, expression-like layers, or adata.raw.")

print("Using expression source for TF/signaling scoring:", expr_source)

# 2) Extract expression for vCMs and TF/signaling genes in the chosen source
if expr_source[0] == 'X':
    sub = adata[vc_mask, vc_genes].copy()
    X = sub.X
elif expr_source[0] == 'layers':
    layer = expr_source[1]
    sub = adata[vc_mask, vc_genes].copy()
    X = sub.layers[layer]
else:  # 'raw'
    raw = adata.raw[vc_mask, :]
    var_to_idx = {g: i for i, g in enumerate(list(raw.var_names))}
    # Use original vc_genes list here to allow genes present only in raw
    gene_idx = [var_to_idx[g] for g in adata.uns['vc_tf_signaling_genes'] if g in var_to_idx]
    if len(gene_idx) == 0:
        raise ValueError("None of the curated TF/signaling genes are present in adata.raw.var_names.")
    X = raw.X[:, gene_idx]

# Ensure dense 2D
if hasattr(X, 'A'):
    X = X.A
X = np.asarray(X)
if X.ndim != 2:
    raise ValueError(f"Expression matrix for vCM TF/signaling genes is not 2D (ndim={X.ndim}).")

n_vc, n_tf = X.shape
print(f"Expression matrix for vCM TF/signaling genes: {n_vc} cells x {n_tf} genes")

# 3) Compute per-gene z-scores across vCMs and aggregate into a single score per cell
means = X.mean(axis=0)
stds = X.std(axis=0, ddof=1)
zero_var = np.sum(stds == 0)
if zero_var > 0:
    print(f"Warning: {zero_var} TF/signaling genes have zero variance across vCMs; treating them as constant in scoring.")
stds_safe = np.where(stds == 0, 1.0, stds)
X_z = (X - means) / stds_safe

vc_scores = X_z.mean(axis=1)

# 4) Write scores back to adata.obs for all cells (NaN for non-vCMs)
score_name = 'vCM_TF_signaling_score'
full_scores = np.full(adata.n_obs, np.nan, dtype=float)
full_scores[vc_mask.to_numpy()] = vc_scores
adata.obs[score_name] = full_scores

print(f"Stored recomputed TF/signaling scores in adata.obs['{score_name}'] for vCMs; non-vCMs set to NaN.")

# 5) Concise QC: distribution overall and by Sample_ID
print("\nTF/signaling score summary for vCMs (all samples):")
print(pd.Series(vc_scores).describe())

if 'Sample_ID' in adata.obs.columns:
    print("\nTF/signaling score summary for vCMs by Sample_ID:")
    vc_obs = adata.obs.loc[vc_mask, ['Sample_ID', score_name]]
    print(vc_obs.groupby('Sample_ID')[score_name].describe())
else:
    print("\nNo 'Sample_ID' column found; skipping per-sample vCM TF/signaling score summary.")


 Error:
ValueError: Could not identify a valid 2D expression matrix in adata.X, expression-like layers, or adata.raw.```


================================================================================
2026-05-17 10:32:20,051 - INFO
================================================================================
RESPONSE/OUTPUT: fix_attempt_failed_1_5_1

FIX ATTEMPT FAILED 1/3 - Analysis 1, Step 5: ValueError: Could not identify a valid 2D expression matrix in adata.X, expression-like layers, or adata.raw.

Code:
```python

import numpy as np
import pandas as pd
import scanpy as sc
from scipy import stats

# --- Step 2 (redefined as new first step here): robustly recompute vCM TF/signaling scores ---

# 0) Basic checks
if 'Populations' not in adata.obs.columns:
    raise ValueError("Expected 'Populations' in adata.obs.")
if 'vc_tf_signaling_genes' not in adata.uns:
    raise ValueError("Expected curated TF/signaling gene list in adata.uns['vc_tf_signaling_genes'].")

vc_genes = list(adata.uns['vc_tf_signaling_genes'])
if len(vc_genes) == 0:
    raise ValueError("adata.uns['vc_tf_signaling_genes'] is empty; cannot compute TF/signaling scores.")

# Restrict gene list to those present in adata.var_names
vc_genes = [g for g in vc_genes if g in adata.var_names]
if len(vc_genes) == 0 and getattr(adata, 'raw', None) is None:
    raise ValueError("None of the curated TF/signaling genes are present in adata.var_names and no adata.raw is available.")

# Identify ventricular cardiomyocytes (vCMs)
pop = adata.obs['Populations'].astype(str)
vc_labels = [p for p in pop.unique().tolist() if isinstance(p, str) and p.upper().startswith('VCM')]
vc_mask = pop.isin(vc_labels)
if vc_mask.sum() == 0:
    raise ValueError("No ventricular cardiomyocytes found based on Populations starting with 'vCM' (case-insensitive).")

print(f"Total ventricular CM cells: {int(vc_mask.sum())}")
print("vCM Populations:", sorted(set(pop[vc_mask].tolist())))

# 1) Choose a valid 2D expression source (X, expression-like layers, or raw)

def _is_valid_2d(X, n_obs_expected=None, n_vars_expected=None):
    if X is None:
        return False
    if hasattr(X, 'A'):
        X = X.A
    X = np.asarray(X)
    if X.ndim != 2:
        return False
    if (n_obs_expected is not None) and (X.shape[0] != n_obs_expected):
        return False
    if (n_vars_expected is not None) and (X.shape[1] != n_vars_expected):
        return False
    return True

n_cells = adata.n_obs
n_genes_total = adata.n_vars
expr_source = None  # ('X' / 'layers' / 'raw', layer_name or None)

# Try adata.X first
X_try = adata.X
if X_try is not None:
    if hasattr(X_try, 'A'):
        X_try = X_try.A
    X_try = np.asarray(X_try)
    if X_try.ndim == 1 and X_try.size == n_cells * n_genes_total:
        # reshape flat vector to matrix
        X_try = X_try.reshape(n_cells, n_genes_total)
        adata.X = X_try
if _is_valid_2d(adata.X, n_obs_expected=n_cells, n_vars_expected=n_genes_total):
    expr_source = ('X', None)

# If X not usable, try expression-like layers
if expr_source is None and hasattr(adata, 'layers'):
    candidate_layers = []
    for key in adata.layers.keys():
        lk = key.lower()
        if any(tag in lk for tag in ['count', 'expr', 'log', 'norm']):
            candidate_layers.append(key)
    for layer in candidate_layers:
        X_layer = adata.layers[layer]
        if X_layer is not None:
            if hasattr(X_layer, 'A'):
                X_layer = X_layer.A
            X_layer = np.asarray(X_layer)
            if X_layer.ndim == 1 and X_layer.size == n_cells * n_genes_total:
                X_layer = X_layer.reshape(n_cells, n_genes_total)
                adata.layers[layer] = X_layer
        if _is_valid_2d(adata.layers[layer], n_obs_expected=n_cells, n_vars_expected=n_genes_total):
            expr_source = ('layers', layer)
            break

# If still nothing, try adata.raw
if expr_source is None and getattr(adata, 'raw', None) is not None:
    X_raw = adata.raw.X
    n_raw_genes = adata.raw.n_vars
    if X_raw is not None:
        if hasattr(X_raw, 'A'):
            X_raw = X_raw.A
        X_raw = np.asarray(X_raw)
        if X_raw.ndim == 1 and X_raw.size == n_cells * n_raw_genes:
            X_raw = X_raw.reshape(n_cells, n_raw_genes)
    if _is_valid_2d(X_raw, n_obs_expected=n_cells, n_vars_expected=n_raw_genes):
        expr_source = ('raw', None)

# As a last resort, try to reshape X or first suitable layer even if sizes mismatch expectations
if expr_source is None:
    if adata.X is not None:
        X_tmp = adata.X
        if hasattr(X_tmp, 'A'):
            X_tmp = X_tmp.A
        X_tmp = np.asarray(X_tmp)
        if X_tmp.ndim == 1:
            side = int(np.sqrt(X_tmp.size))
            if side * side == X_tmp.size:
                adata.X = X_tmp.reshape(side, side)
                expr_source = ('X', None)
        elif X_tmp.ndim == 2:
            expr_source = ('X', None)

if expr_source is None:
    raise ValueError("Could not identify a valid 2D expression matrix in adata.X, expression-like layers, or adata.raw.")

print("Using expression source for TF/signaling scoring:", expr_source)

# 2) Extract expression for vCMs and TF/signaling genes in the chosen source
if expr_source[0] == 'X':
    if len(vc_genes) == 0:
        raise ValueError("No TF/signaling genes found in adata.var_names for source 'X'.")
    sub = adata[vc_mask, vc_genes].copy()
    X = sub.X
elif expr_source[0] == 'layers':
    layer = expr_source[1]
    if len(vc_genes) == 0:
        raise ValueError("No TF/signaling genes found in adata.var_names for layer source.")
    sub = adata[vc_mask, vc_genes].copy()
    X = sub.layers[layer]
else:  # 'raw'
    raw = adata.raw[vc_mask, :]
    var_to_idx = {g: i for i, g in enumerate(list(raw.var_names))}
    gene_idx = [var_to_idx[g] for g in adata.uns['vc_tf_signaling_genes'] if g in var_to_idx]
    if len(gene_idx) == 0:
        raise ValueError("None of the curated TF/signaling genes are present in adata.raw.var_names.")
    X = raw.X[:, gene_idx]

# Ensure dense 2D
if hasattr(X, 'A'):
    X = X.A
X = np.asarray(X)
if X.ndim != 2:
    raise ValueError(f"Expression matrix for vCM TF/signaling genes is not 2D (ndim={X.ndim}).")

n_vc, n_tf = X.shape
print(f"Expression matrix for vCM TF/signaling genes: {n_vc} cells x {n_tf} genes")

# 3) Compute per-gene z-scores across vCMs and aggregate into a single score per cell
means = X.mean(axis=0)
stds = X.std(axis=0, ddof=1)
zero_var = np.sum(stds == 0)
if zero_var > 0:
    print(f"Warning: {zero_var} TF/signaling genes have zero variance across vCMs; treating them as constant in scoring.")
stds_safe = np.where(stds == 0, 1.0, stds)
X_z = (X - means) / stds_safe

vc_scores = X_z.mean(axis=1)

# 4) Write scores back to adata.obs for all cells (NaN for non-vCMs)
score_name = 'vCM_TF_signaling_score'
full_scores = np.full(adata.n_obs, np.nan, dtype=float)
full_scores[vc_mask.to_numpy()] = vc_scores
adata.obs[score_name] = full_scores

print(f"Stored recomputed TF/signaling scores in adata.obs['{score_name}'] for vCMs; non-vCMs set to NaN.")

# 5) Concise QC: distribution overall and by Sample_ID
print("\nTF/signaling score summary for vCMs (all samples):")
print(pd.Series(vc_scores).describe())

if 'Sample_ID' in adata.obs.columns:
    print("\nTF/signaling score summary for vCMs by Sample_ID:")
    vc_obs = adata.obs.loc[vc_mask, ['Sample_ID', score_name]]
    print(vc_obs.groupby('Sample_ID')[score_name].describe())
else:
    print("\nNo 'Sample_ID' column found; skipping per-sample vCM TF/signaling score summary.")

```


================================================================================
2026-05-17 10:32:31,613 - INFO
================================================================================
RESPONSE/OUTPUT: fix_attempt_failed_1_5_2

FIX ATTEMPT FAILED 2/3 - Analysis 1, Step 5: ValueError: Could not identify a valid 2D expression matrix in adata.X, expression-like layers, or adata.raw.

Code:
```python

import numpy as np
import pandas as pd
import scanpy as sc
from scipy import stats

# --- Step 2 (redefined as new first step here): robustly recompute vCM TF/signaling scores ---

# 0) Basic checks
if 'Populations' not in adata.obs.columns:
    raise ValueError("Expected 'Populations' in adata.obs.")
if 'vc_tf_signaling_genes' not in adata.uns:
    raise ValueError("Expected curated TF/signaling gene list in adata.uns['vc_tf_signaling_genes'].")

vc_genes_all = list(adata.uns['vc_tf_signaling_genes'])
if len(vc_genes_all) == 0:
    raise ValueError("adata.uns['vc_tf_signaling_genes'] is empty; cannot compute TF/signaling scores.")

# Identify ventricular cardiomyocytes (vCMs)
pop = adata.obs['Populations'].astype(str)
vc_labels = [p for p in pop.unique().tolist() if isinstance(p, str) and p.upper().startswith('VCM')]
vc_mask = pop.isin(vc_labels)
if vc_mask.sum() == 0:
    raise ValueError("No ventricular cardiomyocytes found based on Populations starting with 'vCM' (case-insensitive).")

print(f"Total ventricular CM cells: {int(vc_mask.sum())}")
print("vCM Populations:", sorted(set(pop[vc_mask].tolist())))

# 1) Choose a valid 2D expression source (X, expression-like layers, or raw)

def _is_valid_2d(X, n_obs_expected=None, n_vars_expected=None):
    if X is None:
        return False
    if hasattr(X, 'A'):
        X = X.A
    X = np.asarray(X)
    if X.ndim != 2:
        return False
    if (n_obs_expected is not None) and (X.shape[0] != n_obs_expected):
        return False
    if (n_vars_expected is not None) and (X.shape[1] != n_vars_expected):
        return False
    return True

n_cells = adata.n_obs
n_genes_total = adata.n_vars
expr_source = None  # ('X' / 'layers' / 'raw', layer_name or None)

# Try adata.X first
X_try = adata.X
if X_try is not None:
    if hasattr(X_try, 'A'):
        X_try = X_try.A
    X_try = np.asarray(X_try)
    if X_try.ndim == 1 and X_try.size == n_cells * n_genes_total:
        X_try = X_try.reshape(n_cells, n_genes_total)
        adata.X = X_try
if _is_valid_2d(adata.X, n_obs_expected=n_cells, n_vars_expected=n_genes_total):
    expr_source = ('X', None)

# If X not usable, try expression-like layers
if expr_source is None and hasattr(adata, 'layers'):
    candidate_layers = []
    for key in adata.layers.keys():
        lk = key.lower()
        if any(tag in lk for tag in ['count', 'expr', 'log', 'norm']):
            candidate_layers.append(key)
    for layer in candidate_layers:
        X_layer = adata.layers[layer]
        if X_layer is not None:
            if hasattr(X_layer, 'A'):
                X_layer = X_layer.A
            X_layer = np.asarray(X_layer)
            if X_layer.ndim == 1 and X_layer.size == n_cells * n_genes_total:
                X_layer = X_layer.reshape(n_cells, n_genes_total)
                adata.layers[layer] = X_layer
        if _is_valid_2d(adata.layers[layer], n_obs_expected=n_cells, n_vars_expected=n_genes_total):
            expr_source = ('layers', layer)
            break

# If still nothing, try adata.raw
if expr_source is None and getattr(adata, 'raw', None) is not None:
    X_raw = adata.raw.X
    n_raw_genes = adata.raw.n_vars
    if X_raw is not None:
        if hasattr(X_raw, 'A'):
            X_raw = X_raw.A
        X_raw = np.asarray(X_raw)
        if X_raw.ndim == 1 and X_raw.size == n_cells * n_raw_genes:
            X_raw = X_raw.reshape(n_cells, n_raw_genes)
            # Do not assign back into adata.raw; use local X_raw only
    if _is_valid_2d(X_raw, n_obs_expected=n_cells, n_vars_expected=n_raw_genes):
        expr_source = ('raw', None)

# As a last resort, try to reshape X or first suitable layer even if sizes mismatch expectations
if expr_source is None:
    if adata.X is not None:
        X_tmp = adata.X
        if hasattr(X_tmp, 'A'):
            X_tmp = X_tmp.A
        X_tmp = np.asarray(X_tmp)
        if X_tmp.ndim == 1:
            side = int(np.sqrt(X_tmp.size))
            if side * side == X_tmp.size:
                adata.X = X_tmp.reshape(side, side)
                expr_source = ('X', None)
        elif X_tmp.ndim == 2:
            expr_source = ('X', None)
    if expr_source is None and getattr(adata, 'raw', None) is not None:
        X_raw = adata.raw.X
        if hasattr(X_raw, 'A'):
            X_raw = X_raw.A
        X_raw = np.asarray(X_raw)
        if X_raw.ndim == 2:
            expr_source = ('raw', None)

if expr_source is None:
    raise ValueError("Could not identify a valid 2D expression matrix in adata.X, expression-like layers, or adata.raw.")

print("Using expression source for TF/signaling scoring:", expr_source)

# 2) Extract expression for vCMs and TF/signaling genes in the chosen source
if expr_source[0] in ['X', 'layers']:
    # Restrict gene list to those present in adata.var_names
    vc_genes = [g for g in vc_genes_all if g in adata.var_names]
    if len(vc_genes) == 0:
        raise ValueError("None of the curated TF/signaling genes are present in adata.var_names.")
    sub = adata[vc_mask, vc_genes].copy()
    if expr_source[0] == 'X':
        X = sub.X
    else:
        layer = expr_source[1]
        X = sub.layers[layer]
else:  # 'raw'
    raw = adata.raw[vc_mask, :]
    var_to_idx = {g: i for i, g in enumerate(list(raw.var_names))}
    gene_idx = [var_to_idx[g] for g in vc_genes_all if g in var_to_idx]
    if len(gene_idx) == 0:
        raise ValueError("None of the curated TF/signaling genes are present in adata.raw.var_names.")
    X = raw.X[:, gene_idx]

# Ensure dense 2D
if hasattr(X, 'A'):
    X = X.A
X = np.asarray(X)
if X.ndim != 2:
    raise ValueError(f"Expression matrix for vCM TF/signaling genes is not 2D (ndim={X.ndim}).")

n_vc, n_tf = X.shape
print(f"Expression matrix for vCM TF/signaling genes: {n_vc} cells x {n_tf} genes")

# 3) Compute per-gene z-scores across vCMs and aggregate into a single score per cell
means = X.mean(axis=0)
stds = X.std(axis=0, ddof=1)
zero_var = np.sum(stds == 0)
if zero_var > 0:
    print(f"Warning: {zero_var} TF/signaling genes have zero variance across vCMs; treating them as constant in scoring.")
stds_safe = np.where(stds == 0, 1.0, stds)
X_z = (X - means) / stds_safe

vc_scores = X_z.mean(axis=1)

# 4) Write scores back to adata.obs for all cells (NaN for non-vCMs)
score_name = 'vCM_TF_signaling_score'
full_scores = np.full(adata.n_obs, np.nan, dtype=float)
full_scores[vc_mask.to_numpy()] = vc_scores
adata.obs[score_name] = full_scores

print(f"Stored recomputed TF/signaling scores in adata.obs['{score_name}'] for vCMs; non-vCMs set to NaN.")

# 5) Concise QC: distribution overall and by Sample_ID
print("\nTF/signaling score summary for vCMs (all samples):")
print(pd.Series(vc_scores).describe())

if 'Sample_ID' in adata.obs.columns:
    print("\nTF/signaling score summary for vCMs by Sample_ID:")
    vc_obs = adata.obs.loc[vc_mask, ['Sample_ID', score_name]]
    print(vc_obs.groupby('Sample_ID')[score_name].describe())
else:
    print("\nNo 'Sample_ID' column found; skipping per-sample vCM TF/signaling score summary.")

```


================================================================================
2026-05-17 10:32:43,440 - INFO
================================================================================
RESPONSE/OUTPUT: fix_attempt_failed_1_5_3

FIX ATTEMPT FAILED 3/3 - Analysis 1, Step 5: ValueError: Could not identify a valid 2D expression matrix in adata.X, expression-like layers, or adata.raw.

Code:
```python

import numpy as np
import pandas as pd
import scanpy as sc
from scipy import stats

# --- Step 2 (redefined as new first step here): robustly recompute vCM TF/signaling scores ---

# 0) Basic checks
if 'Populations' not in adata.obs.columns:
    raise ValueError("Expected 'Populations' in adata.obs.")
if 'vc_tf_signaling_genes' not in adata.uns:
    raise ValueError("Expected curated TF/signaling gene list in adata.uns['vc_tf_signaling_genes'].")

vc_genes_all = list(adata.uns['vc_tf_signaling_genes'])
if len(vc_genes_all) == 0:
    raise ValueError("adata.uns['vc_tf_signaling_genes'] is empty; cannot compute TF/signaling scores.")

# Identify ventricular cardiomyocytes (vCMs)
pop = adata.obs['Populations'].astype(str)
vc_labels = [p for p in pop.unique().tolist() if isinstance(p, str) and p.upper().startswith('VCM')]
vc_mask = pop.isin(vc_labels)
if vc_mask.sum() == 0:
    raise ValueError("No ventricular cardiomyocytes found based on Populations starting with 'vCM' (case-insensitive).")

print(f"Total ventricular CM cells: {int(vc_mask.sum())}")
print("vCM Populations:", sorted(set(pop[vc_mask].tolist())))

# 1) Choose a valid 2D expression source (X, expression-like layers, or raw)

def _is_valid_2d(X, n_obs_expected=None, n_vars_expected=None):
    if X is None:
        return False
    if hasattr(X, 'A'):
        X = X.A
    X = np.asarray(X)
    if X.ndim != 2:
        return False
    if (n_obs_expected is not None) and (X.shape[0] != n_obs_expected):
        return False
    if (n_vars_expected is not None) and (X.shape[1] != n_vars_expected):
        return False
    return True

n_cells = adata.n_obs
n_genes_total = adata.n_vars
expr_source = None  # ('X' / 'layers' / 'raw', layer_name or None)

# Try adata.X first
X_try = adata.X
if X_try is not None:
    if hasattr(X_try, 'A'):
        X_try = X_try.A
    X_try = np.asarray(X_try)
    if X_try.ndim == 1 and X_try.size == n_cells * n_genes_total:
        X_try = X_try.reshape(n_cells, n_genes_total)
        adata.X = X_try
if _is_valid_2d(adata.X, n_obs_expected=n_cells, n_vars_expected=n_genes_total):
    expr_source = ('X', None)

# If X not usable, try expression-like layers
if expr_source is None and hasattr(adata, 'layers'):
    candidate_layers = []
    for key in adata.layers.keys():
        lk = key.lower()
        if any(tag in lk for tag in ['count', 'expr', 'log', 'norm']):
            candidate_layers.append(key)
    for layer in candidate_layers:
        X_layer = adata.layers[layer]
        if X_layer is not None:
            if hasattr(X_layer, 'A'):
                X_layer = X_layer.A
            X_layer = np.asarray(X_layer)
            if X_layer.ndim == 1 and X_layer.size == n_cells * n_genes_total:
                X_layer = X_layer.reshape(n_cells, n_genes_total)
                adata.layers[layer] = X_layer
        if _is_valid_2d(adata.layers[layer], n_obs_expected=n_cells, n_vars_expected=n_genes_total):
            expr_source = ('layers', layer)
            break

# If still nothing, try adata.raw
if expr_source is None and getattr(adata, 'raw', None) is not None:
    X_raw = adata.raw.X
    n_raw_genes = adata.raw.n_vars
    if X_raw is not None:
        if hasattr(X_raw, 'A'):
            X_raw = X_raw.A
        X_raw = np.asarray(X_raw)
        if X_raw.ndim == 1 and X_raw.size == n_cells * n_raw_genes:
            X_raw = X_raw.reshape(n_cells, n_raw_genes)
    if _is_valid_2d(X_raw, n_obs_expected=n_cells, n_vars_expected=n_raw_genes):
        expr_source = ('raw', None)

# As a last resort, fall back to any 2D matrix even if sizes mismatch expectations
if expr_source is None:
    if adata.X is not None:
        X_tmp = adata.X
        if hasattr(X_tmp, 'A'):
            X_tmp = X_tmp.A
        X_tmp = np.asarray(X_tmp)
        if X_tmp.ndim == 1:
            side = int(np.sqrt(X_tmp.size))
            if side * side == X_tmp.size:
                adata.X = X_tmp.reshape(side, side)
                expr_source = ('X', None)
        elif X_tmp.ndim == 2:
            expr_source = ('X', None)
    if expr_source is None and getattr(adata, 'raw', None) is not None:
        X_raw = adata.raw.X
        if hasattr(X_raw, 'A'):
            X_raw = X_raw.A
        X_raw = np.asarray(X_raw)
        if X_raw.ndim == 2:
            expr_source = ('raw', None)

if expr_source is None:
    raise ValueError("Could not identify a valid 2D expression matrix in adata.X, expression-like layers, or adata.raw.")

print("Using expression source for TF/signaling scoring:", expr_source)

# 2) Extract expression for vCMs and TF/signaling genes in the chosen source
if expr_source[0] in ['X', 'layers']:
    # Restrict gene list to those present in adata.var_names
    vc_genes = [g for g in vc_genes_all if g in adata.var_names]
    if len(vc_genes) == 0:
        raise ValueError("None of the curated TF/signaling genes are present in adata.var_names.")
    sub = adata[vc_mask, vc_genes].copy()
    if expr_source[0] == 'X':
        X = sub.X
    else:
        layer = expr_source[1]
        X = sub.layers[layer]
else:  # 'raw'
    raw = adata.raw[vc_mask, :]
    var_to_idx = {g: i for i, g in enumerate(list(raw.var_names))}
    gene_idx = [var_to_idx[g] for g in vc_genes_all if g in var_to_idx]
    if len(gene_idx) == 0:
        raise ValueError("None of the curated TF/signaling genes are present in adata.raw.var_names.")
    X = raw.X[:, gene_idx]

# Ensure dense 2D
if hasattr(X, 'A'):
    X = X.A
X = np.asarray(X)
if X.ndim != 2:
    raise ValueError(f"Expression matrix for vCM TF/signaling genes is not 2D (ndim={X.ndim}).")

n_vc, n_tf = X.shape
print(f"Expression matrix for vCM TF/signaling genes: {n_vc} cells x {n_tf} genes")

# 3) Compute per-gene z-scores across vCMs and aggregate into a single score per cell
means = X.mean(axis=0)
stds = X.std(axis=0, ddof=1)
zero_var = np.sum(stds == 0)
if zero_var > 0:
    print(f"Warning: {zero_var} TF/signaling genes have zero variance across vCMs; treating them as constant in scoring.")
stds_safe = np.where(stds == 0, 1.0, stds)
X_z = (X - means) / stds_safe

vc_scores = X_z.mean(axis=1)

# 4) Write scores back to adata.obs for all cells (NaN for non-vCMs)
score_name = 'vCM_TF_signaling_score'
full_scores = np.full(adata.n_obs, np.nan, dtype=float)
full_scores[vc_mask.to_numpy()] = vc_scores
adata.obs[score_name] = full_scores

print(f"Stored recomputed TF/signaling scores in adata.obs['{score_name}'] for vCMs; non-vCMs set to NaN.")

# 5) Concise QC: distribution overall and by Sample_ID
print("\nTF/signaling score summary for vCMs (all samples):")
print(pd.Series(vc_scores).describe())

if 'Sample_ID' in adata.obs.columns:
    print("\nTF/signaling score summary for vCMs by Sample_ID:")
    vc_obs = adata.obs.loc[vc_mask, ['Sample_ID', score_name]]
    print(vc_obs.groupby('Sample_ID')[score_name].describe())
else:
    print("\nNo 'Sample_ID' column found; skipping per-sample vCM TF/signaling score summary.")

```


================================================================================
2026-05-17 10:32:43,440 - INFO
================================================================================
RESPONSE/OUTPUT: fix_attempt_exhausted_1_5

ALL FIX ATTEMPTS EXHAUSTED - Analysis 1, Step 5. Failed after 3 attempts.


================================================================================
2026-05-17 10:32:56,120 - INFO
================================================================================
RESPONSE/OUTPUT: initial_analysis_1_5

NEXT STEP PLAN - Analysis 1, Step 6: Since the recomputation of vCM TF/signaling scores still failed (ending with an error message and leaving the spatial/Purity hypotheses untested), implement an alternative, minimal but robust per-cell scoring strategy that completely bypasses the fragile automatic source-detection logic: explicitly pull expression for adata.uns['vc_tf_signaling_genes'] from adata.X only (assuming it is already a valid 2D matrix as per the dataset summary), restrict to ventricular cardiomyocytes, compute a simple z-score-based mean TF/signaling score per vCM, store it in adata.obs['vCM_TF_signaling_score'], and print concise QC summaries (non-NaN counts, mean, standard deviation, and per-sample summaries) to confirm that the scores are usable for downstream spatial and Purity analyses.

Code:
```python
import numpy as np
import pandas as pd

# --- Robust, minimal recomputation of vCM TF/signaling scores using only adata.X ---

# 0) Basic checks for required structures
if 'Populations' not in adata.obs.columns:
    raise ValueError("Expected 'Populations' in adata.obs but did not find it.")
if 'vc_tf_signaling_genes' not in adata.uns:
    raise ValueError("Expected curated TF/signaling gene list in adata.uns['vc_tf_signaling_genes'].")

vc_genes_all = list(adata.uns['vc_tf_signaling_genes'])
if len(vc_genes_all) == 0:
    raise ValueError("adata.uns['vc_tf_signaling_genes'] is empty; cannot compute TF/signaling scores.")

# 1) Identify ventricular cardiomyocytes (vCMs)
pop = adata.obs['Populations'].astype(str)
vc_labels = [p for p in pop.unique().tolist() if isinstance(p, str) and p.upper().startswith('VCM')]
vc_mask = pop.isin(vc_labels)
if vc_mask.sum() == 0:
    raise ValueError("No ventricular cardiomyocytes found based on Populations starting with 'vCM' (case-insensitive).")

print(f"Total ventricular CM cells: {int(vc_mask.sum())}")
print("vCM Populations:", sorted(set(pop[vc_mask].tolist())))

# 2) Assert that adata.X is a valid 2D matrix and use it directly
X_global = adata.X
if X_global is None:
    raise ValueError("adata.X is None; this minimal scorer requires a 2D expression matrix in adata.X.")

# Convert sparse -> dense if needed
if hasattr(X_global, 'A'):
    X_global = X_global.A
X_global = np.asarray(X_global)

if X_global.ndim != 2:
    raise ValueError(f"adata.X is not 2D (ndim={X_global.ndim}); cannot safely compute TF/signaling scores.")

n_cells, n_genes_total = X_global.shape
if n_cells != adata.n_obs:
    raise ValueError(f"adata.X first dimension ({n_cells}) does not match n_obs ({adata.n_obs}).")

# 3) Restrict TF/signaling genes to those present in adata.var_names
present_mask = [g in adata.var_names for g in vc_genes_all]
vc_genes = [g for g, keep in zip(vc_genes_all, present_mask) if keep]
if len(vc_genes) == 0:
    raise ValueError("None of the curated TF/signaling genes are present in adata.var_names.")

print(f"Number of TF/signaling genes found in var_names: {len(vc_genes)}")

# Get column indices for these genes
var_to_idx = {g: i for i, g in enumerate(list(adata.var_names))}
gene_idx = [var_to_idx[g] for g in vc_genes]

# 4) Extract expression matrix only for vCMs and these TF/signaling genes
vc_indices = np.where(vc_mask.to_numpy())[0]
X_vc_tf = X_global[np.ix_(vc_indices, gene_idx)]  # shape: (n_vc, n_tf)

if X_vc_tf.ndim != 2 or X_vc_tf.shape[0] == 0 or X_vc_tf.shape[1] == 0:
    raise ValueError(
        f"Unexpected shape for vCM TF/signaling expression submatrix: {X_vc_tf.shape}; "
        "cannot compute scores."
    )

n_vc, n_tf = X_vc_tf.shape
print(f"Expression submatrix for vCMs and TF/signaling genes: {n_vc} cells x {n_tf} genes")

# 5) Compute per-gene z-scores across vCMs and average per cell
means = X_vc_tf.mean(axis=0)
stds = X_vc_tf.std(axis=0, ddof=1)
zero_var = np.sum(stds == 0)
if zero_var > 0:
    print(f"Warning: {zero_var} TF/signaling genes have zero variance across vCMs; treating them as constant in scoring.")

stds_safe = np.where(stds == 0, 1.0, stds)
X_vc_tf_z = (X_vc_tf - means) / stds_safe

vc_scores = X_vc_tf_z.mean(axis=1)  # one score per vCM

# 6) Write scores back to adata.obs (vCMs get scores, others NaN)
score_name = 'vCM_TF_signaling_score'
full_scores = np.full(adata.n_obs, np.nan, dtype=float)
full_scores[vc_indices] = vc_scores
adata.obs[score_name] = full_scores

print(f"Stored vCM TF/signaling scores in adata.obs['{score_name}'] for {n_vc} vCMs; non-vCMs set to NaN.")

# 7) Concise QC summaries
vc_scores_series = pd.Series(vc_scores, index=adata.obs.index[vc_mask])
print("\nTF/signaling score summary for vCMs (all samples):")
print(vc_scores_series.describe())

if 'Sample_ID' in adata.obs.columns:
    print("\nTF/signaling score summary for vCMs by Sample_ID:")
    vc_obs = adata.obs.loc[vc_mask, ['Sample_ID', score_name]]
    print(vc_obs.groupby('Sample_ID')[score_name].describe())
else:
    print("\nNo 'Sample_ID' column found; skipping per-sample score summary.")

```


================================================================================
2026-05-17 10:33:27,835 - INFO
================================================================================
RESPONSE/OUTPUT: self_critique_1_5

APPLIED SELF-CRITIQUE - Analysis 1, Step 6


================================================================================
2026-05-17 10:33:27,836 - INFO
================================================================================
RESPONSE/OUTPUT: revised_analysis_1_5

Revised Hypothesis: Within ventricular cardiomyocytes, once a valid TF/signaling score is actually computed, that score will show spatially coherent neighborhood structure and non-trivial association with Purity; the current failure is purely technical (all-NaN scores), so we need to recompute the score robustly and then test spatial and Purity relationships.

Revised Analysis Plan:
1. Since the recomputation of vCM TF/signaling scores still failed (ending with an error message and leaving the spatial/Purity hypotheses untested), implement an alternative, minimal but robust per-cell scoring strategy that completely bypasses the fragile automatic source-detection logic: explicitly pull expression for adata.uns['vc_tf_signaling_genes'] from adata.X only (assuming it is already a valid 2D matrix as per the dataset summary), restrict to ventricular cardiomyocytes, compute a simple z-score-based mean TF/signaling score per vCM, store it in adata.obs['vCM_TF_signaling_score'], and print concise QC summaries (non-NaN counts, mean, standard deviation, per-sample summaries, and simple sanity checks on variance and fraction of valid scores) to confirm that the scores are usable for downstream spatial and Purity analyses.

Revised Code:
import numpy as np
import pandas as pd

# --- Robust, minimal recomputation of vCM TF/signaling scores using only adata.X ---

# 0) Basic checks for required structures and explicit assumptions
if 'Populations' not in adata.obs.columns:
    raise ValueError("Expected 'Populations' in adata.obs but did not find it.")
if 'vc_tf_signaling_genes' not in adata.uns:
    raise ValueError("Expected curated TF/signaling gene list in adata.uns['vc_tf_signaling_genes'].")

vc_genes_all = list(adata.uns['vc_tf_signaling_genes'])
if len(vc_genes_all) == 0:
    raise ValueError("adata.uns['vc_tf_signaling_genes'] is empty; cannot compute TF/signaling scores.")

# We intentionally ignore adata.layers and adata.raw here and assume adata.X is a
# valid 2D (cells x genes) expression matrix whose columns align with adata.var_names.
# If this assumption is violated, this step will fail and the AnnData object must be fixed upstream.

# 1) Identify ventricular cardiomyocytes (vCMs)
pop = adata.obs['Populations'].astype(str)
vc_labels = [p for p in pop.unique().tolist() if isinstance(p, str) and p.upper().startswith('VCM')]
vc_mask = pop.isin(vc_labels)
if vc_mask.sum() == 0:
    raise ValueError("No ventricular cardiomyocytes found based on Populations starting with 'vCM' (case-insensitive).")

print(f"Total ventricular CM cells: {int(vc_mask.sum())}")
print("vCM Populations:", sorted(set(pop[vc_mask].tolist())))

# 2) Assert that adata.X is a valid 2D matrix and use it directly
X_global = adata.X
if X_global is None:
    raise ValueError("adata.X is None; this minimal scorer requires a 2D expression matrix in adata.X.")

# Convert sparse -> dense if needed
if hasattr(X_global, 'A'):
    X_global = X_global.A
X_global = np.asarray(X_global)

if X_global.ndim != 2:
    raise ValueError(f"adata.X is not 2D (ndim={X_global.ndim}); cannot safely compute TF/signaling scores.")

n_cells, n_genes_total = X_global.shape
if n_cells != adata.n_obs:
    raise ValueError(f"adata.X first dimension ({n_cells}) does not match n_obs ({adata.n_obs}).")

# 3) Restrict TF/signaling genes to those present in adata.var_names
present_mask = [g in adata.var_names for g in vc_genes_all]
vc_genes = [g for g, keep in zip(vc_genes_all, present_mask) if keep]
if len(vc_genes) == 0:
    raise ValueError("None of the curated TF/signaling genes are present in adata.var_names.")

print(f"Number of TF/signaling genes found in var_names: {len(vc_genes)}")

# Get column indices for these genes
var_to_idx = {g: i for i, g in enumerate(list(adata.var_names))}
gene_idx = [var_to_idx[g] for g in vc_genes]

# 4) Extract expression matrix only for vCMs and these TF/signaling genes
vc_indices = np.where(vc_mask.to_numpy())[0]
X_vc_tf = X_global[np.ix_(vc_indices, gene_idx)]  # shape: (n_vc, n_tf)

if X_vc_tf.ndim != 2 or X_vc_tf.shape[0] == 0 or X_vc_tf.shape[1] == 0:
    raise ValueError(
        f"Unexpected shape for vCM TF/signaling expression submatrix: {X_vc_tf.shape}; "
        "cannot compute scores."
    )

n_vc, n_tf = X_vc_tf.shape
print(f"Expression submatrix for vCMs and TF/signaling genes: {n_vc} cells x {n_tf} genes")

# 5) Compute per-gene z-scores across vCMs and average per cell
means = X_vc_tf.mean(axis=0)
stds = X_vc_tf.std(axis=0, ddof=1)
zero_var = np.sum(stds == 0)
if zero_var > 0:
    print(f"Warning: {zero_var} TF/signaling genes have zero variance across vCMs; treating them as constant in scoring.")

stds_safe = np.where(stds == 0, 1.0, stds)
X_vc_tf_z = (X_vc_tf - means) / stds_safe

vc_scores = X_vc_tf_z.mean(axis=1)  # one score per vCM

# 6) Write scores back to adata.obs (vCMs get scores, others NaN)
score_name = 'vCM_TF_signaling_score'
full_scores = np.full(adata.n_obs, np.nan, dtype=float)
full_scores[vc_indices] = vc_scores
adata.obs[score_name] = full_scores

print(f"Stored vCM TF/signaling scores in adata.obs['{score_name}'] for {n_vc} vCMs; non-vCMs set to NaN.")

# 7) Concise QC summaries and sanity checks
vc_scores_series = pd.Series(vc_scores, index=adata.obs.index[vc_mask])

non_nan_frac = float(np.mean(~np.isnan(vc_scores)))
std_all = float(np.std(vc_scores, ddof=1)) if vc_scores.size > 1 else 0.0

print("\nTF/signaling score summary for vCMs (all samples):")
print(vc_scores_series.describe())
print(f"Fraction of vCMs with non-NaN scores: {non_nan_frac:.3f}")
print(f"Overall standard deviation of vCM scores: {std_all:.4f}")
if std_all < 1e-6:
    print("Warning: vCM TF/signaling scores are effectively constant (std < 1e-6); downstream spatial/Purity analyses may be uninformative.")

if 'Sample_ID' in adata.obs.columns:
    print("\nTF/signaling score summary for vCMs by Sample_ID:")
    vc_obs = adata.obs.loc[vc_mask, ['Sample_ID', score_name]]
    print(vc_obs.groupby('Sample_ID')[score_name].describe())
else:
    print("\nNo 'Sample_ID' column found; skipping per-sample score summary.")



================================================================================
2026-05-17 10:33:27,935 - INFO
================================================================================
RESPONSE/OUTPUT: step_execution_failed_1_6

STEP 6 FAILED - Analysis 1

Code:
```python
import numpy as np
import pandas as pd

# --- Robust, minimal recomputation of vCM TF/signaling scores using only adata.X ---

# 0) Basic checks for required structures and explicit assumptions
if 'Populations' not in adata.obs.columns:
    raise ValueError("Expected 'Populations' in adata.obs but did not find it.")
if 'vc_tf_signaling_genes' not in adata.uns:
    raise ValueError("Expected curated TF/signaling gene list in adata.uns['vc_tf_signaling_genes'].")

vc_genes_all = list(adata.uns['vc_tf_signaling_genes'])
if len(vc_genes_all) == 0:
    raise ValueError("adata.uns['vc_tf_signaling_genes'] is empty; cannot compute TF/signaling scores.")

# We intentionally ignore adata.layers and adata.raw here and assume adata.X is a
# valid 2D (cells x genes) expression matrix whose columns align with adata.var_names.
# If this assumption is violated, this step will fail and the AnnData object must be fixed upstream.

# 1) Identify ventricular cardiomyocytes (vCMs)
pop = adata.obs['Populations'].astype(str)
vc_labels = [p for p in pop.unique().tolist() if isinstance(p, str) and p.upper().startswith('VCM')]
vc_mask = pop.isin(vc_labels)
if vc_mask.sum() == 0:
    raise ValueError("No ventricular cardiomyocytes found based on Populations starting with 'vCM' (case-insensitive).")

print(f"Total ventricular CM cells: {int(vc_mask.sum())}")
print("vCM Populations:", sorted(set(pop[vc_mask].tolist())))

# 2) Assert that adata.X is a valid 2D matrix and use it directly
X_global = adata.X
if X_global is None:
    raise ValueError("adata.X is None; this minimal scorer requires a 2D expression matrix in adata.X.")

# Convert sparse -> dense if needed
if hasattr(X_global, 'A'):
    X_global = X_global.A
X_global = np.asarray(X_global)

if X_global.ndim != 2:
    raise ValueError(f"adata.X is not 2D (ndim={X_global.ndim}); cannot safely compute TF/signaling scores.")

n_cells, n_genes_total = X_global.shape
if n_cells != adata.n_obs:
    raise ValueError(f"adata.X first dimension ({n_cells}) does not match n_obs ({adata.n_obs}).")

# 3) Restrict TF/signaling genes to those present in adata.var_names
present_mask = [g in adata.var_names for g in vc_genes_all]
vc_genes = [g for g, keep in zip(vc_genes_all, present_mask) if keep]
if len(vc_genes) == 0:
    raise ValueError("None of the curated TF/signaling genes are present in adata.var_names.")

print(f"Number of TF/signaling genes found in var_names: {len(vc_genes)}")

# Get column indices for these genes
var_to_idx = {g: i for i, g in enumerate(list(adata.var_names))}
gene_idx = [var_to_idx[g] for g in vc_genes]

# 4) Extract expression matrix only for vCMs and these TF/signaling genes
vc_indices = np.where(vc_mask.to_numpy())[0]
X_vc_tf = X_global[np.ix_(vc_indices, gene_idx)]  # shape: (n_vc, n_tf)

if X_vc_tf.ndim != 2 or X_vc_tf.shape[0] == 0 or X_vc_tf.shape[1] == 0:
    raise ValueError(
        f"Unexpected shape for vCM TF/signaling expression submatrix: {X_vc_tf.shape}; "
        "cannot compute scores."
    )

n_vc, n_tf = X_vc_tf.shape
print(f"Expression submatrix for vCMs and TF/signaling genes: {n_vc} cells x {n_tf} genes")

# 5) Compute per-gene z-scores across vCMs and average per cell
means = X_vc_tf.mean(axis=0)
stds = X_vc_tf.std(axis=0, ddof=1)
zero_var = np.sum(stds == 0)
if zero_var > 0:
    print(f"Warning: {zero_var} TF/signaling genes have zero variance across vCMs; treating them as constant in scoring.")

stds_safe = np.where(stds == 0, 1.0, stds)
X_vc_tf_z = (X_vc_tf - means) / stds_safe

vc_scores = X_vc_tf_z.mean(axis=1)  # one score per vCM

# 6) Write scores back to adata.obs (vCMs get scores, others NaN)
score_name = 'vCM_TF_signaling_score'
full_scores = np.full(adata.n_obs, np.nan, dtype=float)
full_scores[vc_indices] = vc_scores
adata.obs[score_name] = full_scores

print(f"Stored vCM TF/signaling scores in adata.obs['{score_name}'] for {n_vc} vCMs; non-vCMs set to NaN.")

# 7) Concise QC summaries and sanity checks
vc_scores_series = pd.Series(vc_scores, index=adata.obs.index[vc_mask])

non_nan_frac = float(np.mean(~np.isnan(vc_scores)))
std_all = float(np.std(vc_scores, ddof=1)) if vc_scores.size > 1 else 0.0

print("\nTF/signaling score summary for vCMs (all samples):")
print(vc_scores_series.describe())
print(f"Fraction of vCMs with non-NaN scores: {non_nan_frac:.3f}")
print(f"Overall standard deviation of vCM scores: {std_all:.4f}")
if std_all < 1e-6:
    print("Warning: vCM TF/signaling scores are effectively constant (std < 1e-6); downstream spatial/Purity analyses may be uninformative.")

if 'Sample_ID' in adata.obs.columns:
    print("\nTF/signaling score summary for vCMs by Sample_ID:")
    vc_obs = adata.obs.loc[vc_mask, ['Sample_ID', score_name]]
    print(vc_obs.groupby('Sample_ID')[score_name].describe())
else:
    print("\nNo 'Sample_ID' column found; skipping per-sample score summary.")


 Error:
ValueError: adata.X is not 2D (ndim=0); cannot safely compute TF/signaling scores.```


================================================================================
2026-05-17 10:33:37,361 - INFO
================================================================================
RESPONSE/OUTPUT: fix_attempt_failed_1_6_1

FIX ATTEMPT FAILED 1/3 - Analysis 1, Step 6: ValueError: Could not obtain a 2D expression matrix from adata.X or adata.raw.X (ndim=0).

Code:
```python

import numpy as np
import pandas as pd

# --- Robust, minimal recomputation of vCM TF/signaling scores using only adata.X ---

# 0) Basic checks for required structures and explicit assumptions
if 'Populations' not in adata.obs.columns:
    raise ValueError("Expected 'Populations' in adata.obs but did not find it.")
if 'vc_tf_signaling_genes' not in adata.uns:
    raise ValueError("Expected curated TF/signaling gene list in adata.uns['vc_tf_signaling_genes'].")

vc_genes_all = list(adata.uns['vc_tf_signaling_genes'])
if len(vc_genes_all) == 0:
    raise ValueError("adata.uns['vc_tf_signaling_genes'] is empty; cannot compute TF/signaling scores.")

# 1) Identify ventricular cardiomyocytes (vCMs)
pop = adata.obs['Populations'].astype(str)
vc_labels = [p for p in pop.unique().tolist() if isinstance(p, str) and p.upper().startswith('VCM')]
vc_mask = pop.isin(vc_labels)
if vc_mask.sum() == 0:
    raise ValueError("No ventricular cardiomyocytes found based on Populations starting with 'vCM' (case-insensitive).")

print(f"Total ventricular CM cells: {int(vc_mask.sum())}")
print("vCM Populations:", sorted(set(pop[vc_mask].tolist())))

# 2) Get a valid 2D expression matrix
X_global = adata.X
if X_global is None:
    raise ValueError("adata.X is None; this minimal scorer requires a 2D expression matrix in adata.X.")

# Convert sparse -> dense if needed
if hasattr(X_global, 'A'):
    X_global = X_global.A

# Some AnnData objects may store X as a scalar/0-d array placeholder; fall back to raw if available
X_global = np.asarray(X_global)
if X_global.ndim != 2:
    if hasattr(adata, "raw") and adata.raw is not None:
        X_global = adata.raw.X
        if hasattr(X_global, 'A'):
            X_global = X_global.A
        X_global = np.asarray(X_global)
    if X_global.ndim != 2:
        raise ValueError(f"Could not obtain a 2D expression matrix from adata.X or adata.raw.X (ndim={X_global.ndim}).")

n_cells, n_genes_total = X_global.shape
if n_cells != adata.n_obs:
    raise ValueError(f"Expression matrix first dimension ({n_cells}) does not match n_obs ({adata.n_obs}).")

# 3) Restrict TF/signaling genes to those present in adata.var_names (or raw.var_names if we used raw.X)
var_names = adata.var_names
if X_global.shape[1] != var_names.size and hasattr(adata, "raw") and adata.raw is not None:
    # If we switched to raw.X, also use raw.var_names
    var_names = adata.raw.var_names

present_mask = [g in var_names for g in vc_genes_all]
vc_genes = [g for g, keep in zip(vc_genes_all, present_mask) if keep]
if len(vc_genes) == 0:
    raise ValueError("None of the curated TF/signaling genes are present in var_names.")

print(f"Number of TF/signaling genes found in var_names: {len(vc_genes)}")

# Get column indices for these genes
var_to_idx = {g: i for i, g in enumerate(list(var_names))}
gene_idx = [var_to_idx[g] for g in vc_genes]

# 4) Extract expression matrix only for vCMs and these TF/signaling genes
vc_indices = np.where(vc_mask.to_numpy())[0]
X_vc_tf = X_global[np.ix_(vc_indices, gene_idx)]  # shape: (n_vc, n_tf)

if X_vc_tf.ndim != 2 or X_vc_tf.shape[0] == 0 or X_vc_tf.shape[1] == 0:
    raise ValueError(
        f"Unexpected shape for vCM TF/signaling expression submatrix: {X_vc_tf.shape}; "
        "cannot compute scores."
    )

n_vc, n_tf = X_vc_tf.shape
print(f"Expression submatrix for vCMs and TF/signaling genes: {n_vc} cells x {n_tf} genes")

# 5) Compute per-gene z-scores across vCMs and average per cell
means = X_vc_tf.mean(axis=0)
stds = X_vc_tf.std(axis=0, ddof=1)
zero_var = np.sum(stds == 0)
if zero_var > 0:
    print(f"Warning: {zero_var} TF/signaling genes have zero variance across vCMs; treating them as constant in scoring.")

stds_safe = np.where(stds == 0, 1.0, stds)
X_vc_tf_z = (X_vc_tf - means) / stds_safe

vc_scores = X_vc_tf_z.mean(axis=1)  # one score per vCM

# 6) Write scores back to adata.obs (vCMs get scores, others NaN)
score_name = 'vCM_TF_signaling_score'
full_scores = np.full(adata.n_obs, np.nan, dtype=float)
full_scores[vc_indices] = vc_scores
adata.obs[score_name] = full_scores

print(f"Stored vCM TF/signaling scores in adata.obs['{score_name}'] for {n_vc} vCMs; non-vCMs set to NaN.")

# 7) Concise QC summaries and sanity checks
vc_scores_series = pd.Series(vc_scores, index=adata.obs.index[vc_mask])

non_nan_frac = float(np.mean(~np.isnan(vc_scores)))
std_all = float(np.std(vc_scores, ddof=1)) if vc_scores.size > 1 else 0.0

print("\nTF/signaling score summary for vCMs (all samples):")
print(vc_scores_series.describe())
print(f"Fraction of vCMs with non-NaN scores: {non_nan_frac:.3f}")
print(f"Overall standard deviation of vCM scores: {std_all:.4f}")
if std_all < 1e-6:
    print("Warning: vCM TF/signaling scores are effectively constant (std < 1e-6); downstream spatial/Purity analyses may be uninformative.")

if 'Sample_ID' in adata.obs.columns:
    print("\nTF/signaling score summary for vCMs by Sample_ID:")
    vc_obs = adata.obs.loc[vc_mask, ['Sample_ID', score_name]]
    print(vc_obs.groupby('Sample_ID')[score_name].describe())
else:
    print("\nNo 'Sample_ID' column found; skipping per-sample score summary.")

```


================================================================================
2026-05-17 10:33:46,674 - INFO
================================================================================
RESPONSE/OUTPUT: fix_attempt_failed_1_6_2

FIX ATTEMPT FAILED 2/3 - Analysis 1, Step 6: ValueError: adata.X must be a 2D expression matrix for this scorer; got ndim=0. Please fix the AnnData object upstream.

Code:
```python

import numpy as np
import pandas as pd

# --- Robust, minimal recomputation of vCM TF/signaling scores using only adata.X ---

# 0) Basic checks for required structures and explicit assumptions
if 'Populations' not in adata.obs.columns:
    raise ValueError("Expected 'Populations' in adata.obs but did not find it.")
if 'vc_tf_signaling_genes' not in adata.uns:
    raise ValueError("Expected curated TF/signaling gene list in adata.uns['vc_tf_signaling_genes'].")

vc_genes_all = list(adata.uns['vc_tf_signaling_genes'])
if len(vc_genes_all) == 0:
    raise ValueError("adata.uns['vc_tf_signaling_genes'] is empty; cannot compute TF/signaling scores.")

# 1) Identify ventricular cardiomyocytes (vCMs)
pop = adata.obs['Populations'].astype(str)
vc_labels = [p for p in pop.unique().tolist() if isinstance(p, str) and p.upper().startswith('VCM')]
vc_mask = pop.isin(vc_labels)
if vc_mask.sum() == 0:
    raise ValueError("No ventricular cardiomyocytes found based on Populations starting with 'vCM' (case-insensitive).")

print(f"Total ventricular CM cells: {int(vc_mask.sum())}")
print("vCM Populations:", sorted(set(pop[vc_mask].tolist())))

# 2) Assert that adata.X is a valid 2D matrix and use it directly
X_global = adata.X
if X_global is None:
    raise ValueError("adata.X is None; this minimal scorer requires a 2D expression matrix in adata.X.")

# Convert sparse -> dense if needed
if hasattr(X_global, 'A'):
    X_global = X_global.A
X_global = np.asarray(X_global)

if X_global.ndim != 2:
    raise ValueError(
        "adata.X must be a 2D expression matrix for this scorer; "
        f"got ndim={X_global.ndim}. Please fix the AnnData object upstream."
    )

n_cells, n_genes_total = X_global.shape
if n_cells != adata.n_obs:
    raise ValueError(f"adata.X first dimension ({n_cells}) does not match n_obs ({adata.n_obs}).")

# 3) Restrict TF/signaling genes to those present in adata.var_names
present_mask = [g in adata.var_names for g in vc_genes_all]
vc_genes = [g for g, keep in zip(vc_genes_all, present_mask) if keep]
if len(vc_genes) == 0:
    raise ValueError("None of the curated TF/signaling genes are present in adata.var_names.")

print(f"Number of TF/signaling genes found in var_names: {len(vc_genes)}")

# Get column indices for these genes
var_to_idx = {g: i for i, g in enumerate(list(adata.var_names))}
gene_idx = [var_to_idx[g] for g in vc_genes]

# 4) Extract expression matrix only for vCMs and these TF/signaling genes
vc_indices = np.where(vc_mask.to_numpy())[0]
X_vc_tf = X_global[np.ix_(vc_indices, gene_idx)]  # shape: (n_vc, n_tf)

if X_vc_tf.ndim != 2 or X_vc_tf.shape[0] == 0 or X_vc_tf.shape[1] == 0:
    raise ValueError(
        f"Unexpected shape for vCM TF/signaling expression submatrix: {X_vc_tf.shape}; "
        "cannot compute scores."
    )

n_vc, n_tf = X_vc_tf.shape
print(f"Expression submatrix for vCMs and TF/signaling genes: {n_vc} cells x {n_tf} genes")

# 5) Compute per-gene z-scores across vCMs and average per cell
means = X_vc_tf.mean(axis=0)
stds = X_vc_tf.std(axis=0, ddof=1)
zero_var = np.sum(stds == 0)
if zero_var > 0:
    print(f"Warning: {zero_var} TF/signaling genes have zero variance across vCMs; treating them as constant in scoring.")

stds_safe = np.where(stds == 0, 1.0, stds)
X_vc_tf_z = (X_vc_tf - means) / stds_safe

vc_scores = X_vc_tf_z.mean(axis=1)  # one score per vCM

# 6) Write scores back to adata.obs (vCMs get scores, others NaN)
score_name = 'vCM_TF_signaling_score'
full_scores = np.full(adata.n_obs, np.nan, dtype=float)
full_scores[vc_indices] = vc_scores
adata.obs[score_name] = full_scores

print(f"Stored vCM TF/signaling scores in adata.obs['{score_name}'] for {n_vc} vCMs; non-vCMs set to NaN.")

# 7) Concise QC summaries and sanity checks
vc_scores_series = pd.Series(vc_scores, index=adata.obs.index[vc_mask])

non_nan_frac = float(np.mean(~np.isnan(vc_scores)))
std_all = float(np.std(vc_scores, ddof=1)) if vc_scores.size > 1 else 0.0

print("\nTF/signaling score summary for vCMs (all samples):")
print(vc_scores_series.describe())
print(f"Fraction of vCMs with non-NaN scores: {non_nan_frac:.3f}")
print(f"Overall standard deviation of vCM scores: {std_all:.4f}")
if std_all < 1e-6:
    print("Warning: vCM TF/signaling scores are effectively constant (std < 1e-6); downstream spatial/Purity analyses may be uninformative.")

if 'Sample_ID' in adata.obs.columns:
    print("\nTF/signaling score summary for vCMs by Sample_ID:")
    vc_obs = adata.obs.loc[vc_mask, ['Sample_ID', score_name]]
    print(vc_obs.groupby('Sample_ID')[score_name].describe())
else:
    print("\nNo 'Sample_ID' column found; skipping per-sample score summary.")

```


================================================================================
2026-05-17 10:33:54,102 - INFO
================================================================================
RESPONSE/OUTPUT: fix_attempt_failed_1_6_3

FIX ATTEMPT FAILED 3/3 - Analysis 1, Step 6: ValueError: adata.X must be a 2D expression matrix for this scorer; got ndim=0. Please fix the AnnData object upstream.

Code:
```python

import numpy as np
import pandas as pd

# --- Robust, minimal recomputation of vCM TF/signaling scores using only adata.X ---

# 0) Basic checks for required structures and explicit assumptions
if 'Populations' not in adata.obs.columns:
    raise ValueError("Expected 'Populations' in adata.obs but did not find it.")
if 'vc_tf_signaling_genes' not in adata.uns:
    raise ValueError("Expected curated TF/signaling gene list in adata.uns['vc_tf_signaling_genes'].")

vc_genes_all = list(adata.uns['vc_tf_signaling_genes'])
if len(vc_genes_all) == 0:
    raise ValueError("adata.uns['vc_tf_signaling_genes'] is empty; cannot compute TF/signaling scores.")

# 1) Identify ventricular cardiomyocytes (vCMs)
pop = adata.obs['Populations'].astype(str)
vc_labels = [p for p in pop.unique().tolist() if isinstance(p, str) and p.upper().startswith('VCM')]
vc_mask = pop.isin(vc_labels)
if vc_mask.sum() == 0:
    raise ValueError("No ventricular cardiomyocytes found based on Populations starting with 'vCM' (case-insensitive).")

print(f"Total ventricular CM cells: {int(vc_mask.sum())}")
print("vCM Populations:", sorted(set(pop[vc_mask].tolist())))

# 2) Assert that adata.X is a valid 2D matrix and use it directly
X_global = adata.X
if X_global is None:
    raise ValueError("adata.X is None; this minimal scorer requires a 2D expression matrix in adata.X.")

# Handle scalar/0-dim edge case before conversion
if np.ndim(X_global) == 0:
    raise ValueError(
        "adata.X appears to be scalar (ndim=0); it must be a 2D expression matrix with shape (n_cells, n_genes)."
    )

# Convert sparse -> dense if needed
if hasattr(X_global, 'A'):
    X_global = X_global.A
X_global = np.asarray(X_global)

if X_global.ndim != 2:
    raise ValueError(
        "adata.X must be a 2D expression matrix for this scorer; "
        f"got ndim={X_global.ndim}. Please fix the AnnData object upstream."
    )

n_cells, n_genes_total = X_global.shape
if n_cells != adata.n_obs:
    raise ValueError(f"adata.X first dimension ({n_cells}) does not match n_obs ({adata.n_obs}).")

# 3) Restrict TF/signaling genes to those present in adata.var_names
present_mask = [g in adata.var_names for g in vc_genes_all]
vc_genes = [g for g, keep in zip(vc_genes_all, present_mask) if keep]
if len(vc_genes) == 0:
    raise ValueError("None of the curated TF/signaling genes are present in adata.var_names.")

print(f"Number of TF/signaling genes found in var_names: {len(vc_genes)}")

# Get column indices for these genes
var_to_idx = {g: i for i, g in enumerate(list(adata.var_names))}
gene_idx = [var_to_idx[g] for g in vc_genes]

# 4) Extract expression matrix only for vCMs and these TF/signaling genes
vc_indices = np.where(vc_mask.to_numpy())[0]
X_vc_tf = X_global[np.ix_(vc_indices, gene_idx)]  # shape: (n_vc, n_tf)

if X_vc_tf.ndim != 2 or X_vc_tf.shape[0] == 0 or X_vc_tf.shape[1] == 0:
    raise ValueError(
        f"Unexpected shape for vCM TF/signaling expression submatrix: {X_vc_tf.shape}; "
        "cannot compute scores."
    )

n_vc, n_tf = X_vc_tf.shape
print(f"Expression submatrix for vCMs and TF/signaling genes: {n_vc} cells x {n_tf} genes")

# 5) Compute per-gene z-scores across vCMs and average per cell
means = X_vc_tf.mean(axis=0)
stds = X_vc_tf.std(axis=0, ddof=1)
zero_var = np.sum(stds == 0)
if zero_var > 0:
    print(f"Warning: {zero_var} TF/signaling genes have zero variance across vCMs; treating them as constant in scoring.")

stds_safe = np.where(stds == 0, 1.0, stds)
X_vc_tf_z = (X_vc_tf - means) / stds_safe

vc_scores = X_vc_tf_z.mean(axis=1)  # one score per vCM

# 6) Write scores back to adata.obs (vCMs get scores, others NaN)
score_name = 'vCM_TF_signaling_score'
full_scores = np.full(adata.n_obs, np.nan, dtype=float)
full_scores[vc_indices] = vc_scores
adata.obs[score_name] = full_scores

print(f"Stored vCM TF/signaling scores in adata.obs['{score_name}'] for {n_vc} vCMs; non-vCMs set to NaN.")

# 7) Concise QC summaries and sanity checks
vc_scores_series = pd.Series(vc_scores, index=adata.obs.index[vc_mask])

non_nan_frac = float(np.mean(~np.isnan(vc_scores)))
std_all = float(np.std(vc_scores, ddof=1)) if vc_scores.size > 1 else 0.0

print("\nTF/signaling score summary for vCMs (all samples):")
print(vc_scores_series.describe())
print(f"Fraction of vCMs with non-NaN scores: {non_nan_frac:.3f}")
print(f"Overall standard deviation of vCM scores: {std_all:.4f}")
if std_all < 1e-6:
    print("Warning: vCM TF/signaling scores are effectively constant (std < 1e-6); downstream spatial/Purity analyses may be uninformative.")

if 'Sample_ID' in adata.obs.columns:
    print("\nTF/signaling score summary for vCMs by Sample_ID:")
    vc_obs = adata.obs.loc[vc_mask, ['Sample_ID', score_name]]
    print(vc_obs.groupby('Sample_ID')[score_name].describe())
else:
    print("\nNo 'Sample_ID' column found; skipping per-sample score summary.")

```


================================================================================
2026-05-17 10:33:54,102 - INFO
================================================================================
RESPONSE/OUTPUT: fix_attempt_exhausted_1_6

ALL FIX ATTEMPTS EXHAUSTED - Analysis 1, Step 6. Failed after 3 attempts.


================================================================================
2026-05-17 10:33:54,109 - INFO
================================================================================
RESPONSE/OUTPUT: analysis_complete

ANALYSIS 1 COMPLETED - Notebook saved to: /home/mingqiam/TissueAgent/data/cellvoyager_agent/run_20260517_142509/outputs/farah_recovery_20260517_102514/farah_recovery_analysis_1.ipynb


================================================================================
2026-05-17 10:34:04,956 - INFO
================================================================================
RESPONSE/OUTPUT: initial_analysis_2_1

Hypothesis: Within ventricular cardiomyocytes, spatial gradients in developmental maturation exist such that more mature transcriptional states are preferentially localized to regions with higher local cell-type mixing between cardiomyocytes and non-myocyte support cells, independent of overall cell purity.

Analysis Plan:
1. Compute and print a concise overview of key metadata (cell-type composition, per-sample cell counts, purity distribution) and verify the availability of ventricular cardiomyocyte subtypes and spatial coordinates, focusing specifically on ventricular cardiomyocyte populations in adata.obs['Populations'].
2. Define proxy gene signatures for immature vs. mature cardiomyocyte states using variance-based gene selection within ventricular cardiomyocytes, derive per-cell maturation scores via scanpy.tl.score_genes, and summarize their distributions across ventricular cardiomyocyte subtypes and samples in text form.
3. Quantify local spatial neighborhood composition for each ventricular cardiomyocyte (fraction of neighboring cells that are non-myocytes vs. cardiomyocytes and specific support cell types) using the existing spatial coordinates, and store these as numeric features in adata.obs; summarize these neighborhood metrics across cardiomyocyte subtypes.
4. Within each major ventricular cardiomyocyte subtype, compute the association between maturation score and local neighborhood composition metrics (e.g., non-myocyte fraction, specific support-cell fractions) using linear regression and Spearman correlation, while adjusting for Purity and UMI Count, and print effect sizes and p-values.
5. Test whether spatially proximate ventricular cardiomyocytes are more similar in maturation score than expected by chance by computing a spatial autocorrelation statistic (e.g., Moran’s I) on the maturation score within each sample, and report the statistic and p-value per sample.
6. Summarize which ventricular cardiomyocyte subtypes and anatomical regions show the strongest coupling between maturation state and local microenvironment composition, highlighting any spatial gradients or region-specific patterns inferred from the statistical tests.

Initial Code:
import numpy as np
import pandas as pd
import scanpy as sc

# 1) Basic overview of the AnnData object
print("AnnData shape (cells x genes):", adata.n_obs, "x", adata.n_vars)

# 2) Inspect key obs columns
print("\n.obs columns:", list(adata.obs.columns))

# 3) Basic summaries for selected metadata
cols_to_summarize = []
for c in ["Sample_ID", "Batch", "Populations", "Purity", "UMI Count", "leiden", "Complexity"]:
    if c in adata.obs.columns:
        cols_to_summarize.append(c)

print("\nSummarizing key metadata columns:")
for c in cols_to_summarize:
    print(f"\nColumn: {c}")
    if pd.api.types.is_numeric_dtype(adata.obs[c]):
        desc = adata.obs[c].describe()
        print(desc.to_string())
    else:
        vc = adata.obs[c].value_counts()
        print("Number of categories:", vc.shape[0])
        print(vc.head(20).to_string())

# 4) Verify spatial coordinates
print("\nChecking spatial coordinates in .obsm:", list(adata.obsm.keys()))
if "spatial" in adata.obsm:
    spatial = adata.obsm["spatial"]
    print("Spatial coordinates shape:", spatial.shape)
    # Show basic range of spatial coordinates
    print("Spatial coord ranges (x then y):")
    print("x: min=", float(np.min(spatial[:, 0])), "max=", float(np.max(spatial[:, 0])))
    print("y: min=", float(np.min(spatial[:, 1])), "max=", float(np.max(spatial[:, 1])))

# 5) Identify ventricular cardiomyocyte-related populations
if "Populations" in adata.obs.columns:
    pops = adata.obs["Populations"].astype(str)
    print("\nAll unique Populations (up to 50):")
    print(pd.Series(pops.unique()).sort_values().head(50).to_string(index=False))
    vcm_mask = pops.str.contains("vCM", case=False, na=False)
    vcm_counts = pops[vcm_mask].value_counts()
    print("\nVentricular cardiomyocyte-related Populations and counts:")
    if vcm_counts.shape[0] > 0:
        print(vcm_counts.to_string())
    else:
        print("No Populations entries containing 'vCM' were found.")

# 6) Per-sample counts for ventricular cardiomyocytes (if available)
if "Sample_ID" in adata.obs.columns and "Populations" in adata.obs.columns:
    vcm_mask = adata.obs["Populations"].astype(str).str.contains("vCM", case=False, na=False)
    if vcm_mask.any():
        tab = pd.crosstab(adata.obs.loc[vcm_mask, "Sample_ID"], adata.obs.loc[vcm_mask, "Populations"])
        print("\nPer-sample counts for ventricular cardiomyocyte-related Populations (top 10 samples):")
        if tab.shape[0] > 10:
            print(tab.head(10).to_string())
        else:
            print(tab.to_string())
    else:
        print("\nNo ventricular cardiomyocyte cells detected for per-sample summary.")



================================================================================
2026-05-17 10:34:37,820 - INFO
================================================================================
RESPONSE/OUTPUT: self_critique_2_1

APPLIED INITIAL SELF-CRITIQUE - Analysis 2


================================================================================
2026-05-17 10:34:37,821 - INFO
================================================================================
RESPONSE/OUTPUT: revised_analysis_2_1

Revised Hypothesis: Within ventricular cardiomyocytes, spatial gradients in developmental maturation exist such that more mature transcriptional states are preferentially localized to regions with higher local cell-type mixing between cardiomyocytes and non-myocyte support cells, independent of overall cell purity.

Revised Analysis Plan:
1. Compute and print a concise overview of key metadata (cell-type composition, per-sample cell counts, purity and UMI Count distributions) and verify the availability of ventricular cardiomyocyte subtypes and spatial coordinates, with explicit summaries both globally and restricted to ventricular cardiomyocyte populations in adata.obs['Populations'].
2. Derive a data-driven 1D maturation axis within ventricular cardiomyocytes by running PCA on vCM-only expression, use the top PC loadings to define putative immature vs. mature gene signatures (e.g., top/bottom 10–30 genes with largest absolute loadings that are present in adata.var_names), and compute per-cell maturation scores with sc.tl.score_genes, reporting score distributions across vCM subtypes and samples.
3. Quantify local spatial neighborhood composition for each ventricular cardiomyocyte using sample-restricted k-nearest neighbors (e.g., k≈20) in adata.obsm['spatial'], calculate the fraction of neighboring cells that are non-myocytes vs. cardiomyocytes and key support cell types based on adata.obs['Populations'], store these fractions as numeric features in adata.obs, and summarize them across vCM subtypes.
4. Within each major ventricular cardiomyocyte subtype with sufficient cells, assess the association between maturation score and local neighborhood composition metrics (non-myocyte fraction and selected support-cell fractions) using Spearman correlations and simple linear regression models of maturation_score on each neighborhood metric while adjusting for Purity and UMI Count via residualization, and print effect sizes and p-values.
5. For each sample with enough ventricular cardiomyocytes, compute a spatial autocorrelation statistic (Moran’s I) on the maturation scores using a kNN-based spatial weight matrix within-sample, obtain empirical p-values via permutation testing, and report Moran’s I and p-values per sample.
6. Synthesize text-only conclusions by comparing ventricular cardiomyocyte subtypes and anatomical/region proxies (e.g., Populations-derived LV vs RV vs His-Purkinje vs proliferating) in terms of how strongly maturation scores couple to local microenvironment composition and spatial autocorrelation, highlighting any consistent spatial gradients or region-specific patterns that are independent of Purity.

Revised Code:
import numpy as np
import pandas as pd
import scanpy as sc

# 1) Basic overview of the AnnData object
print("AnnData shape (cells x genes):", adata.n_obs, "x", adata.n_vars)

# 2) Inspect key obs columns
print("\n.obs columns:", list(adata.obs.columns))

# 3) Basic summaries for selected metadata (all cells)
cols_to_summarize = []
for c in ["Sample_ID", "Batch", "Populations", "Purity", "UMI Count", "leiden", "Complexity"]:
    if c in adata.obs.columns:
        cols_to_summarize.append(c)

print("\nSummarizing key metadata columns (all cells):")
for c in cols_to_summarize:
    print(f"\nColumn: {c}")
    if pd.api.types.is_numeric_dtype(adata.obs[c]):
        desc = adata.obs[c].describe()
        print(desc.to_string())
    else:
        vc = adata.obs[c].value_counts()
        print("Number of categories:", vc.shape[0])
        print(vc.head(20).to_string())

# 4) Verify spatial coordinates
print("\nChecking spatial coordinates in .obsm:", list(adata.obsm.keys()))
if "spatial" in adata.obsm:
    spatial = adata.obsm["spatial"]
    print("Spatial coordinates shape:", spatial.shape)
    # Show basic range of spatial coordinates
    print("Spatial coord ranges (x then y):")
    print("x: min=", float(np.min(spatial[:, 0])), "max=", float(np.max(spatial[:, 0])))
    print("y: min=", float(np.min(spatial[:, 1])), "max=", float(np.max(spatial[:, 1])))

# 5) Identify ventricular cardiomyocyte-related populations
vcm_mask = None
if "Populations" in adata.obs.columns:
    pops = adata.obs["Populations"].astype(str)
    print("\nAll unique Populations (up to 50):")
    print(pd.Series(pops.unique()).sort_values().head(50).to_string(index=False))
    vcm_mask = pops.str.contains("vCM", case=False, na=False)
    vcm_counts = pops[vcm_mask].value_counts()
    print("\nVentricular cardiomyocyte-related Populations and counts:")
    if vcm_counts.shape[0] > 0:
        print(vcm_counts.to_string())
    else:
        print("No Populations entries containing 'vCM' were found.")

# 6) Per-sample counts for ventricular cardiomyocytes and global per-sample counts
if "Sample_ID" in adata.obs.columns:
    # Global per-sample counts
    sample_counts = adata.obs["Sample_ID"].value_counts()
    print("\nPer-sample total cell counts (top 10 samples):")
    print(sample_counts.head(10).to_string())

    # vCM per-sample counts (if vcm_mask is defined and has any True)
    if vcm_mask is not None and vcm_mask.any():
        tab = pd.crosstab(adata.obs.loc[vcm_mask, "Sample_ID"], adata.obs.loc[vcm_mask, "Populations"])
        print("\nPer-sample counts for ventricular cardiomyocyte-related Populations (top 10 samples):")
        if tab.shape[0] > 10:
            print(tab.head(10).to_string())
        else:
            print(tab.to_string())
    else:
        print("\nNo ventricular cardiomyocyte cells detected for per-sample summary.")

# 7) Purity, UMI Count, and Complexity summaries within vCM-only cells (if available)
if vcm_mask is not None and vcm_mask.any():
    print("\nSummary of Purity, UMI Count, and Complexity within ventricular cardiomyocytes:")
    for c in ["Purity", "UMI Count", "Complexity"]:
        if c in adata.obs.columns:
            series = adata.obs.loc[vcm_mask, c]
            if pd.api.types.is_numeric_dtype(series):
                print(f"\nColumn (vCM only): {c}")
                print(series.describe().to_string())


================================================================================
2026-05-17 10:34:41,648 - INFO
================================================================================
RESPONSE/OUTPUT: step_execution_success_2_1

STEP 1 RAN SUCCESSFULLY - Analysis 2


================================================================================
2026-05-17 10:35:01,989 - INFO
================================================================================
RESPONSE/OUTPUT: results_interpretation_2_1

You’re in a good position to pursue the main hypothesis: the inventory confirms that ventricular cardiomyocytes are abundant, well-annotated, and have spatial coordinates and quality covariates available.

Key points and implications for the next steps:

1. **Ventricular CM availability and stratification**
   - You have ~100k ventricular cardiomyocytes (vCM-LV/RV-Compact/Trabecular/AV, His-Purkinje, Proliferating) spread across three samples with thousands per subtype per sample.
   - This is more than enough for:
     - A vCM-only PCA to define a maturation axis (Step 2).
     - Within-subtype analyses of maturation vs. neighborhood composition and spatial structure (Steps 4 and 5).
   - The diversity of vCM subtypes (LV vs RV, compact vs trabecular vs AV vs His-Purkinje vs proliferating) will let you ask whether the hypothesized coupling between maturation and local support-cell mixing is:
     - Consistent across anatomical contexts (LV vs RV),
     - Stronger in particular niches (e.g., AV regions, His-Purkinje),
     - Distinct in proliferating vCMs versus more quiescent subtypes.

2. **Purity and QC covariates**
   - vCMs have slightly lower mean Purity (~0.45) than the global cell set (~0.50), with a moderate spread.
   - UMI Count and Complexity are well-behaved and higher in vCMs than globally (as expected for large, transcriptionally active cells).
   - This makes it feasible and necessary to control for these covariates:
     - In Step 4, the planned residualization / adjustment for Purity and UMI Count is justified and important to separate “true” maturation–neighborhood effects from trivial sequencing- or segmentation-related effects.
   - You should be wary that local mixing fraction and Purity could be correlated (e.g., low-purity spots may sit at boundaries with non-myocytes). Explicitly checking correlations between neighborhood metrics and Purity later will be important for interpreting independence.

3. **Spatial coordinates and scale**
   - Spatial coordinates are present for all cells with a wide range in both axes. There’s no obvious missing-data issue here.
   - This supports:
     - kNN-based neighborhood composition within each sample (Step 3),
     - kNN-based spatial weight matrices for Moran’s I (Step 5).
   - When you implement kNN:
     - Restrict neighbors to within-sample to avoid artificial edges.
     - Consider experimenting with k values (e.g., 10, 20, 30) at least once, to ensure the main conclusions aren’t an artifact of a single neighborhood radius.

4. **Cell-type context for “mixing” metrics**
   - Non-myocyte support populations are abundant and well-labeled: vFibro, aFibro, adFibro, VIC, vEndocardial, aEndocardial, EPDC, Pericyte, BEC, VSMC, VEC, Epicardial, etc.
   - This richness is ideal for your hypothesis, because you can:
     - Define a broad “non-myocyte” fraction (1 – fraction of cardiomyocytes) per vCM.
     - Also resolve specific support-cell-type fractions (fibroblast, endothelial, EPDC, pericyte, etc.) to see if certain support niches are particularly associated with maturation.
   - For distinctness from the paper and your past analysis, you can:
     - Emphasize the *compositional* neighborhood features (the vector of local support cell fractions) rather than simple presence/absence or pairwise co-localization.
     - Later, potentially use multivariate models (or at least compare single-support-type regressions) to see if maturation is differentially linked to, say, vFibro vs vEndocardial vs EPDC contact.

5. **Things to watch as you define the maturation axis (Step 2)**
   - Only 238 genes are available, from a designed MERFISH panel. That’s enough for PCA but:
     - The top PC might reflect cell-type mixture, Purity, or library size, not maturation, if you’re not careful.
   - To keep the analysis focused on developmental maturation:
     - Run PCA on vCM-only, and consider regressing out at least log(UMI Count) and maybe Purity before PCA, or at least check correlations of PCs with these covariates.
     - Inspect the top loading genes of PC1/PC2:
       - If the strongest loadings are obviously cell-cycle markers and PC1 mainly separates vCM-Proliferating from others, you might treat that as a “proliferation axis” and look for a different PC as “maturation” within non-proliferating vCMs.
       - If top loadings are mostly non-CM marker genes (e.g., endothelial or fibroblast markers), that suggests contamination-driven PCs; you may then:
         - Exclude clearly non-cardiomyocyte markers from the feature set for PCA in a sensitivity run, or
         - Restrict PCA to subtypes such as vCM-LV-Compact/Trabecular/RV-Compact/RV-Trabecular and omit proliferating and His-Purkinje for defining the axis.
   - When you define gene signatures:
     - Use the top/bottom 10–30 loadings of the *chosen* PC and confirm that these genes exist in `adata.var_names` and are expressed in vCMs.
     - Compute maturation scores with `sc.tl.score_genes` and then explicitly:
       - Compare score distributions across vCM subtypes and samples.
       - Check correlations of scores with Purity and UMI Count; if very strong, it may indicate technical confounding and you’ll want to refine the axis.

6. **Connecting to the hypothesis about local mixing**
   - The foundational requirement for your hypothesis is now satisfied:
     - vCMs are numerous,
     - Spatial info and relevant support-cell types are abundant,
     - Purity/UMI give you knobs to test independence.
   - To be hypothesis-driven and distinct:
     - Emphasize: “Given a *within-vCM* maturation axis, does local *fractional* mixing with non-myocytes/support cells predict maturation state within each subtype and sample, beyond Purity/UMI?”
     - Avoid simply rediscovering global patterning (e.g., “LV vs RV differ in maturation and also in cell-type composition”) by:
       - Doing analyses *within* each major vCM subtype and within each sample, as your plan already specifies.
       - Comparing effect sizes across subtypes and samples, not just across all vCM pooled.

7. **Concrete suggestions for subsequent steps**
   - Step 2 (PCA & maturation scoring):
     - Implement vCM-only PCA; after obtaining PC scores:
       - Print correlations of each PC with:
         - Purity, log(UMI Count), Complexity.
         - Binary indicator for vCM-Proliferating vs others, and for His-Purkinje vs others.
       - Choose the PC showing patterns plausibly interpretable as maturation *within* non-proliferating, non-specialized vCMs.
       - Build top-/bottom-loading gene sets from that PC; compute maturation scores.
     - Summarize maturation scores by subtype and sample; if they vary systematically in the expected anatomical way (e.g., AV vs compact vs trabecular vs His-Purkinje), that’s already informative.
   - Step 3 (neighborhood composition):
     - For each vCM, compute:
       - Fraction of neighbors that are cardiomyocytes vs non-myocytes.
       - Within non-myocytes, fractions for key support types: vFibro, vEndocardial, EPDC, BEC/VEC, Pericyte/VSMC, VIC, Epicardial as available.
     - Check basic distributions by subtype and sample to ensure sensible variation (e.g., AV regions having more EPDC or endocardial neighbors).
   - Step 4 (association tests):
     - Perform Spearman correlations and linear models of maturation score vs each neighborhood metric within each major subtype (e.g., vCM-LV-Compact, vCM-LV-Trabecular, vCM-RV-Compact, vCM-RV-Trabecular, vCM-LV-AV/RV-AV, vCM-His-Purkinje, vCM-Proliferating), per sample where N is large enough.
     - Adjust for Purity and log(UMI Count) either:
       - via residuals of maturation score regressed on these covariates, or
       - directly in linear models.
     - Focus on whether:
       - The non-myocyte fraction is positively or negatively associated with maturation, and
       - Specific support-cell fractions have stronger and consistent effects across subtypes/samples.
   - Step 5 (Moran’s I on maturation scores):
     - Within each sample, compute Moran’s I on maturation scores restricted to vCMs.
     - If you see significant positive autocorrelation, then:
       - There are spatially coherent maturation gradients.
       - You can then test whether these gradients co-localize with regions of high support-cell mixing by, for example, computing Moran’s I for neighborhood non-myocyte fraction and comparing effect patterns, or computing local Moran statistics (LISA) as a follow-up.

In terms of the hypothesis, the current step doesn’t yet validate or refute it, but it establishes that the data structure and metadata are well-suited to test it rigorously. The key risks to watch for in the next steps are: (1) conflating maturation with proliferation or contamination axes, and (2) confounding between local mixing and Purity/UMI. Designing the maturation axis and neighborhood metrics with these in mind will make your downstream association and spatial analyses much more interpretable and distinct from prior work.


================================================================================
2026-05-17 10:35:22,030 - INFO
================================================================================
RESPONSE/OUTPUT: initial_analysis_2_1

NEXT STEP PLAN - Analysis 2, Step 2: Derive a ventricular-cardiomyocyte–specific maturation axis by performing PCA on vCM-only expression after regressing out technical covariates (Purity and log10(UMI Count)), inspect correlations of leading PCs with known vCM subtypes and QC metrics, select a PC that plausibly reflects maturation rather than proliferation or contamination, and construct top/bottom loading gene signatures to score each vCM with sc.tl.score_genes, summarizing score distributions across vCM subtypes and samples.

Code:
```python
import numpy as np
import pandas as pd
import scanpy as sc
from scipy import stats

# Restrict to ventricular cardiomyocytes (vCM) based on Populations containing 'vCM'
if 'Populations' not in adata.obs.columns:
    raise ValueError("Expected 'Populations' in adata.obs but did not find it.")

pops = adata.obs['Populations'].astype(str)
vcm_mask = pops.str.contains('vCM', case=False, na=False)

if not vcm_mask.any():
    raise ValueError("No cells with Populations containing 'vCM' were found; cannot define a vCM maturation axis.")

adata_vcm = adata[vcm_mask].copy()
print(f"vCM subset: {adata_vcm.n_obs} cells, {adata_vcm.n_vars} genes")

# Prepare technical covariates: Purity and log10(UMI Count)
for cov in ['Purity', 'UMI Count']:
    if cov not in adata_vcm.obs.columns:
        raise ValueError(f"Required covariate '{cov}' not found in adata.obs.")

purity = adata_vcm.obs['Purity'].astype(float).values
umi = adata_vcm.obs['UMI Count'].astype(float).values
log_umi = np.log10(umi + 1.0)

# Center and scale covariates for regression
X_cov = np.column_stack([
    (purity - purity.mean()) / (purity.std() + 1e-8),
    (log_umi - log_umi.mean()) / (log_umi.std() + 1e-8)
])
X_cov = np.concatenate([np.ones((X_cov.shape[0], 1)), X_cov], axis=1)  # add intercept

# Work on log1p-transformed expression matrix
data = adata_vcm.X
if not isinstance(data, np.ndarray):
    data = data.toarray()

Y = np.log1p(data).astype(np.float64)

# Regress out technical covariates gene-by-gene: Y_resid = Y - X_cov * beta (excluding intercept term)
XtX_inv = np.linalg.pinv(X_cov.T @ X_cov)
Beta = XtX_inv @ (X_cov.T @ Y)  # shape: (3, n_genes)
Y_hat = X_cov @ Beta
Y_resid = Y - Y_hat

print("Finished regressing out Purity and log10(UMI Count) from vCM expression.")

# Run PCA on residual expression
from sklearn.decomposition import PCA

n_pcs = min(20, Y_resid.shape[1])
pca = PCA(n_components=n_pcs, svd_solver='randomized', random_state=0)
X_pca = pca.fit_transform(Y_resid)

print("Explained variance ratio of first 5 PCs:")
for i, var in enumerate(pca.explained_variance_ratio_[:5], start=1):
    print(f"  PC{i}: {var:.4f}")

# Correlate PCs with QC and subtype indicators to choose a plausible maturation PC
qc_df = pd.DataFrame({
    'Purity': purity,
    'log10_UMI': log_umi,
    'Complexity': adata_vcm.obs['Complexity'].astype(float).values if 'Complexity' in adata_vcm.obs.columns else np.nan
})

# Binary indicators for proliferating and His-Purkinje vCMs (if present)
qc_df['is_Proliferating'] = pops[vcm_mask].str.contains('Proliferating', case=False, na=False).values
qc_df['is_HisPurkinje'] = pops[vcm_mask].str.contains('His-Purkinje', case=False, na=False).values

print("\nSpearman correlations between leading PCs and covariates / subtype indicators:")
for pc_idx in range(min(5, X_pca.shape[1])):
    pc_vals = X_pca[:, pc_idx]
    print(f"\nPC{pc_idx+1}:")
    for cov_name in ['Purity', 'log10_UMI', 'Complexity', 'is_Proliferating', 'is_HisPurkinje']:
        if qc_df[cov_name].isna().all():
            continue
        rho, pval = stats.spearmanr(pc_vals, qc_df[cov_name], nan_policy='omit')
        print(f"  {cov_name}: rho={rho:.3f}, p={pval:.3e}")

# For simplicity, select PC1 as candidate maturation axis but print a warning if it is strongly tied to proliferation
pc_maturation_index = 0

# Heuristic: if |rho(PC1, is_Proliferating)| > 0.5, prefer PC2 if it is less proliferation-linked
rho_pc1_prolif, _ = stats.spearmanr(X_pca[:, 0], qc_df['is_Proliferating'], nan_policy='omit')
if abs(rho_pc1_prolif) > 0.5 and X_pca.shape[1] > 1:
    rho_pc2_prolif, _ = stats.spearmanr(X_pca[:, 1], qc_df['is_Proliferating'], nan_policy='omit')
    if abs(rho_pc2_prolif) < abs(rho_pc1_prolif):
        pc_maturation_index = 1
        print("\nSelecting PC2 as maturation axis because PC1 is strongly associated with proliferation.")
    else:
        print("\nKeeping PC1 as maturation axis despite proliferation association; consider revising manually if needed.")
else:
    print("\nSelecting PC1 as maturation axis (no strong proliferation association detected).")

maturation_pc_scores = X_pca[:, pc_maturation_index]

# Derive top/bottom loading gene signatures for the chosen PC
loadings = pca.components_[pc_maturation_index, :]
abs_order = np.argsort(np.abs(loadings))[::-1]

n_sig = min(20, len(abs_order) // 2)
idx_top = abs_order[:n_sig]
idx_bottom = abs_order[-n_sig:]

# Interpret sign: positive-loading genes as "mature" and negative-loading as "immature" (arbitrary but consistent)
loading_sorted = np.argsort(loadings)
immature_idx = loading_sorted[:n_sig]
mature_idx = loading_sorted[-n_sig:]

immature_genes = adata_vcm.var_names[immature_idx].tolist()
mature_genes = adata_vcm.var_names[mature_idx].tolist()

print("\nSelected immature gene set (n=%d):" % len(immature_genes))
print(", ".join(immature_genes))
print("\nSelected mature gene set (n=%d):" % len(mature_genes))
print(", ".join(mature_genes))

# Compute maturation score as mature_score - immature_score using sc.tl.score_genes
adata_vcm.raw = adata_vcm  # ensure raw is set for scoring consistency

sc.tl.score_genes(adata_vcm, gene_list=mature_genes, score_name='mature_signature_score', use_raw=True)
sc.tl.score_genes(adata_vcm, gene_list=immature_genes, score_name='immature_signature_score', use_raw=True)

adata_vcm.obs['vCM_maturation_score'] = (
    adata_vcm.obs['mature_signature_score'] - adata_vcm.obs['immature_signature_score']
)

print("\nSummary of vCM maturation score (mature - immature):")
print(adata_vcm.obs['vCM_maturation_score'].describe().to_string())

# Compare maturation scores across vCM subtypes and samples (text summaries only)
print("\nMaturation score by ventricular CM Populations (mean ± std, n):")
subtype_stats = []
for subtype, df_sub in adata_vcm.obs.groupby('Populations'):
    vals = df_sub['vCM_maturation_score'].values
    subtype_stats.append((subtype, vals.mean(), vals.std(), len(vals)))

for subtype, mean_val, std_val, n_val in sorted(subtype_stats, key=lambda x: x[0]):
    print(f"  {subtype:25s}: mean={mean_val: .3f}, sd={std_val: .3f}, n={n_val}")

if 'Sample_ID' in adata_vcm.obs.columns:
    print("\nMaturation score by Sample_ID within vCMs (mean ± std, n):")
    samp_stats = []
    for sid, df_s in adata_vcm.obs.groupby('Sample_ID'):
        vals = df_s['vCM_maturation_score'].values
        samp_stats.append((sid, vals.mean(), vals.std(), len(vals)))
    for sid, mean_val, std_val, n_val in sorted(samp_stats, key=lambda x: x[0]):
        print(f"  {sid:15s}: mean={mean_val: .3f}, sd={std_val: .3f}, n={n_val}")

# Attach vCM maturation score back to the full adata.obs for downstream spatial analyses
adata.obs['vCM_maturation_score'] = np.nan
adata.obs.loc[vcm_mask, 'vCM_maturation_score'] = adata_vcm.obs['vCM_maturation_score'].values

print("\nStored vCM maturation scores in adata.obs['vCM_maturation_score'] for all vCM cells.")
```


================================================================================
2026-05-17 10:36:13,116 - INFO
================================================================================
RESPONSE/OUTPUT: self_critique_2_1

APPLIED SELF-CRITIQUE - Analysis 2, Step 2


================================================================================
2026-05-17 10:36:13,117 - INFO
================================================================================
RESPONSE/OUTPUT: revised_analysis_2_1

Revised Hypothesis: Within ventricular cardiomyocytes, a primarily transcriptional one-dimensional axis exists that reflects developmental maturation, and this axis can be robustly extracted from vCM-only expression after controlling for Purity/UMI, providing a per-cell maturation score suitable for downstream spatial–microenvironment analyses.

Revised Analysis Plan:
1. Derive a ventricular-cardiomyocyte–specific maturation axis by performing PCA on vCM-only expression after regressing out technical covariates (Purity and log10(UMI Count)), inspect correlations of leading PCs with known vCM subtypes and QC metrics, select a PC that plausibly reflects maturation rather than proliferation or residual technical effects, and construct top/bottom loading gene signatures to score each vCM with sc.tl.score_genes, summarizing score distributions across vCM subtypes and samples.
2. Quantify local spatial neighborhood composition for each ventricular cardiomyocyte using within-sample k-nearest neighbors on adata.obsm['spatial'], compute per-cell fractions of neighboring cardiomyocytes vs non-myocytes and key support-cell populations, store these in adata.obs, and summarize their distributions across vCM subtypes.
3. Within each major ventricular cardiomyocyte subtype and sample with sufficient cells, assess associations between the maturation score and each neighborhood composition metric using Spearman correlations and linear models that adjust for Purity and log10(UMI Count), reporting effect sizes and multiple-testing–adjusted p-values.
4. Within each sample, compute Moran’s I on the vCM maturation scores using a kNN-based spatial weight matrix to test for spatial autocorrelation, derive permutation-based p-values, and, where significant, compare spatial clustering of maturation with clustering of non-myocyte neighborhood fractions.
5. Synthesize text-only conclusions integrating how maturation scores vary across vCM subtypes and samples, how strongly they couple to local microenvironment composition after technical adjustment, and whether spatial autocorrelation supports coherent maturation gradients that are independent of Purity.

Revised Code:
import numpy as np
import pandas as pd
import scanpy as sc
from scipy import stats

# Restrict to ventricular cardiomyocytes (vCM) based on Populations containing 'vCM'
if 'Populations' not in adata.obs.columns:
    raise ValueError("Expected 'Populations' in adata.obs but did not find it.")

pops = adata.obs['Populations'].astype(str)
vcm_mask = pops.str.contains('vCM', case=False, na=False)

if not vcm_mask.any():
    raise ValueError("No cells with Populations containing 'vCM' were found; cannot define a vCM maturation axis.")

adata_vcm = adata[vcm_mask].copy()
print(f"vCM subset: {adata_vcm.n_obs} cells, {adata_vcm.n_vars} genes")

# Ensure a raw layer exists and is appropriate for gene scoring later
# Prefer an existing raw from the full object; otherwise, snapshot current vCM state
if adata.raw is not None:
    # Subsetting adata already carried over raw; just verify gene alignment
    if not np.array_equal(adata_vcm.var_names, adata_vcm.raw.var_names):
        raise ValueError("adata_vcm.var_names and adata_vcm.raw.var_names are not aligned; cannot safely use use_raw=True.")
else:
    # Create a raw snapshot before any additional transformations
    adata_vcm.raw = adata_vcm.copy()

# Prepare technical covariates: Purity and log10(UMI Count)
for cov in ['Purity', 'UMI Count']:
    if cov not in adata_vcm.obs.columns:
        raise ValueError(f"Required covariate '{cov}' not found in adata.obs.")

purity = adata_vcm.obs['Purity'].astype(float).values
umi = adata_vcm.obs['UMI Count'].astype(float).values
log_umi = np.log10(umi + 1.0)

# Center and scale covariates for regression
X_cov = np.column_stack([
    (purity - purity.mean()) / (purity.std() + 1e-8),
    (log_umi - log_umi.mean()) / (log_umi.std() + 1e-8)
])
X_cov = np.concatenate([np.ones((X_cov.shape[0], 1)), X_cov], axis=1)  # add intercept

# Work on expression matrix; assume adata_vcm.X is on an appropriate scale already
# (do NOT apply an additional log1p here to avoid double-logging preprocessed data)
data = adata_vcm.X
if not isinstance(data, np.ndarray):
    data = data.toarray()

Y = data.astype(np.float64)

# Regress out technical covariates gene-by-gene using full fitted values (including intercept):
# Y_resid = Y - X_cov @ Beta, where Beta = (X^T X)^(-1) X^T Y
XtX_inv = np.linalg.pinv(X_cov.T @ X_cov)
Beta = XtX_inv @ (X_cov.T @ Y)  # shape: (3, n_genes)
Y_hat = X_cov @ Beta
Y_resid = Y - Y_hat

print("Finished regressing out Purity and log10(UMI Count) from vCM expression.")

# Run PCA on residual expression
from sklearn.decomposition import PCA

n_pcs = min(20, Y_resid.shape[1])
pca = PCA(n_components=n_pcs, svd_solver='randomized', random_state=0)
X_pca = pca.fit_transform(Y_resid)

print("Explained variance ratio of first 5 PCs:")
for i, var in enumerate(pca.explained_variance_ratio_[:5], start=1):
    print(f"  PC{i}: {var:.4f}")

# Correlate PCs with QC and subtype indicators to choose a plausible maturation PC
qc_df = pd.DataFrame({
    'Purity': purity,
    'log10_UMI': log_umi,
    'Complexity': adata_vcm.obs['Complexity'].astype(float).values if 'Complexity' in adata_vcm.obs.columns else np.nan
})

# Binary indicators for proliferating and His-Purkinje vCMs (0/1-coded)
vcmpops = adata_vcm.obs['Populations'].astype(str)
qc_df['is_Proliferating'] = vcmpops.str.contains('Proliferating', case=False, na=False).astype(int).values
qc_df['is_HisPurkinje'] = vcmpops.str.contains('His-Purkinje', case=False, na=False).astype(int).values

print("\nSpearman correlations between leading PCs and covariates / subtype indicators:")
pc_correlations = {}
for pc_idx in range(min(5, X_pca.shape[1])):
    pc_name = f"PC{pc_idx+1}"
    pc_vals = X_pca[:, pc_idx]
    pc_correlations[pc_name] = {}
    print(f"\n{pc_name}:")
    for cov_name in ['Purity', 'log10_UMI', 'Complexity', 'is_Proliferating', 'is_HisPurkinje']:
        if qc_df[cov_name].isna().all():
            continue
        rho, pval = stats.spearmanr(pc_vals, qc_df[cov_name], nan_policy='omit')
        pc_correlations[pc_name][cov_name] = (rho, pval)
        print(f"  {cov_name}: rho={rho:.3f}, p={pval:.3e}")

# Select a maturation PC: start from PC1, but avoid strong proliferation or residual technical association when possible
pc_maturation_index = 0
candidate_indices = list(range(min(5, X_pca.shape[1])))

# Define thresholds for "strong" associations
rho_thresh_prolif = 0.5
rho_thresh_tech = 0.4  # Purity/log10_UMI/Complexity

best_idx = None
for idx in candidate_indices:
    pc_name = f"PC{idx+1}"
    corrs = pc_correlations.get(pc_name, {})
    rho_prolif = abs(corrs.get('is_Proliferating', (0.0, np.nan))[0])
    rho_purity = abs(corrs.get('Purity', (0.0, np.nan))[0])
    rho_logumi = abs(corrs.get('log10_UMI', (0.0, np.nan))[0])
    rho_complex = abs(corrs.get('Complexity', (0.0, np.nan))[0])
    # Prefer PCs that are not strongly linked to proliferation or technical covariates
    if (rho_prolif < rho_thresh_prolif and
        rho_purity < rho_thresh_tech and
        rho_logumi < rho_thresh_tech and
        rho_complex < rho_thresh_tech):
        best_idx = idx
        break

if best_idx is not None:
    pc_maturation_index = best_idx
    print(f"\nSelecting {f'PC{best_idx+1}'} as maturation axis based on weak associations with proliferation and technical covariates.")
else:
    # Fall back to PC1 but warn the user
    pc_maturation_index = 0
    print("\nWARNING: No PC among the first 5 cleanly separates from proliferation/technical covariates; using PC1 as a tentative maturation axis. Interpret with caution.")

maturation_pc_scores = X_pca[:, pc_maturation_index]

# Report correlations of the chosen maturation PC with key covariates
chosen_name = f"PC{pc_maturation_index+1}"
print(f"\nCorrelations of chosen maturation axis ({chosen_name}) with covariates:")
for cov_name in ['Purity', 'log10_UMI', 'Complexity', 'is_Proliferating', 'is_HisPurkinje']:
    if cov_name in pc_correlations[chosen_name]:
        rho, pval = pc_correlations[chosen_name][cov_name]
        print(f"  {cov_name}: rho={rho:.3f}, p={pval:.3e}")

# Derive top/bottom loading gene signatures for the chosen PC
loadings = pca.components_[pc_maturation_index, :]

# Summarize loading distribution for sanity check
print("\nChosen PC loading summary:")
print(f"  min={loadings.min():.4f}, max={loadings.max():.4f}, mean={loadings.mean():.4f}, std={loadings.std():.4f}")

# Interpret sign: positive-loading genes as "mature" and negative-loading as "immature" (direction is arbitrary but fixed)
loading_sorted = np.argsort(loadings)

n_sig = min(20, len(loading_sorted) // 2)
immature_idx = loading_sorted[:n_sig]
mature_idx = loading_sorted[-n_sig:]

immature_genes = adata_vcm.var_names[immature_idx].tolist()
mature_genes = adata_vcm.var_names[mature_idx].tolist()

print("\nSelected immature gene set (n=%d):" % len(immature_genes))
print(", ".join(immature_genes))
print("\nSelected mature gene set (n=%d):" % len(mature_genes))
print(", ".join(mature_genes))

# Compute maturation score as mature_score - immature_score using sc.tl.score_genes
# Use use_raw=None so Scanpy falls back to .raw if present, else .X
sc.tl.score_genes(adata_vcm, gene_list=mature_genes, score_name='mature_signature_score', use_raw=None, ctrl_size=len(mature_genes))
sc.tl.score_genes(adata_vcm, gene_list=immature_genes, score_name='immature_signature_score', use_raw=None, ctrl_size=len(immature_genes))

adata_vcm.obs['vCM_maturation_score_raw'] = (
    adata_vcm.obs['mature_signature_score'] - adata_vcm.obs['immature_signature_score']
)

# Optionally z-score the maturation score for interpretability
score = adata_vcm.obs['vCM_maturation_score_raw'].values.astype(float)
adata_vcm.obs['vCM_maturation_score_z'] = (score - np.nanmean(score)) / (np.nanstd(score) + 1e-8)

print("\nSummary of raw vCM maturation score (mature - immature):")
print(adata_vcm.obs['vCM_maturation_score_raw'].describe().to_string())

print("\nSummary of z-scored vCM maturation score:")
print(adata_vcm.obs['vCM_maturation_score_z'].describe().to_string())

# Compare maturation scores across vCM subtypes and samples (text summaries only)
print("\nZ-scored maturation score by ventricular CM Populations (mean \\u00b1 std, n):")
subtype_stats = []
for subtype, df_sub in adata_vcm.obs.groupby('Populations'):
    vals = df_sub['vCM_maturation_score_z'].values.astype(float)
    subtype_stats.append((subtype, np.nanmean(vals), np.nanstd(vals), len(vals)))

for subtype, mean_val, std_val, n_val in sorted(subtype_stats, key=lambda x: x[0]):
    print(f"  {subtype:25s}: mean={mean_val: .3f}, sd={std_val: .3f}, n={n_val}")

if 'Sample_ID' in adata_vcm.obs.columns:
    print("\nZ-scored maturation score by Sample_ID within vCMs (mean \\u00b1 std, n):")
    samp_stats = []
    for sid, df_s in adata_vcm.obs.groupby('Sample_ID'):
        vals = df_s['vCM_maturation_score_z'].values.astype(float)
        samp_stats.append((sid, np.nanmean(vals), np.nanstd(vals), len(vals)))
    for sid, mean_val, std_val, n_val in sorted(samp_stats, key=lambda x: x[0]):
        print(f"  {sid:15s}: mean={mean_val: .3f}, sd={std_val: .3f}, n={n_val}")

# Attach vCM maturation scores back to the full adata.obs for downstream spatial analyses
for col in ['vCM_maturation_score_raw', 'vCM_maturation_score_z']:
    adata.obs[col] = np.nan
    adata.obs.loc[vcm_mask, col] = adata_vcm.obs[col].values

print("\nStored vCM maturation scores in adata.obs['vCM_maturation_score_raw'] and adata.obs['vCM_maturation_score_z'] for all vCM cells.")



================================================================================
2026-05-17 10:36:16,322 - INFO
================================================================================
RESPONSE/OUTPUT: step_execution_success_2_2

STEP 2 RAN SUCCESSFULLY - Analysis 2


================================================================================
2026-05-17 10:36:35,672 - INFO
================================================================================
RESPONSE/OUTPUT: results_interpretation_2_2

The current step did a solid job of extracting a plausible 1D axis that looks very much like a maturation/developmental continuum, and it satisfies the key constraints in your hypothesis (vCM-only, technical covariates regressed, one main axis). A few specific points and next-step suggestions:

1. **Choice of maturation axis (PC1) looks biologically plausible and technically acceptable**
   - PC1 explains the most variance (6.7%) and, by your selection rule, is the only one among the first 5 that is not strongly entangled with proliferation or residual technical effects:
     - |ρ| with Purity = 0.063, log10(UMI) = 0.024: both below the “technical” threshold (0.4) and effectively negligible in effect size, despite tiny p-values.
     - |ρ| with is_Proliferating = 0.066: well below your proliferation threshold (0.5), indicating the axis is not driven by cycling cells.
   - The strongest correlation is with is_HisPurkinje (ρ = −0.362), which is a biological subtype effect, not a technical artifact. This is expected if PC1 captures a developmental/maturation gradient along which His–Purkinje (and AV-proximal) populations sit at one end.

   Interpretation implication: PC1 is not “pure maturation” in the sense of being orthogonal to subtype, but it is plausibly a *shared* maturation axis on which subtypes occupy different typical positions. This is not necessarily a problem for downstream analysis; it just means you should always be mindful of Populations when interpreting spatial associations.

2. **Gene signatures strongly support a maturation interpretation**
   - “Mature” side genes (positive loadings): CASQ2, RYR2, PLN, CKMT2, GJA1, CACNA1C, HAND2, HEY2, LMOD3, FGF12, etc. These are classic markers of more functionally specialized, excitation–contraction–coupled ventricular myocytes.
   - “Immature” side genes (negative loadings): MYH6, IRX1/2/3, TBX3, HCN4, BMP2, POSTN, VCAN, FN1, MKI67, etc. These are consistent with developmental/programmatic regulators, conduction/AVC traits, ECM/remodeling, and proliferative/immature features.
   - The anti-alignment of (His–Purkinje, AV) vs (Compact) and the composition of the gene sets both strongly argue that this axis is capturing a developmental/maturation–like continuum rather than a mere technical effect.

   This gives you a defensible per-cell “maturation score” (mature − immature) that is independent of Purity/log10(UMI) by construction of the PC and by explicit regression.

3. **Score distributions across vCM subtypes are coherent and non-trivial**
   - Subtype means (z-score):
     - Very low (immature-like):  
       - vCM-His-Purkinje: −2.00  
       - vCM-LV-AV: −1.24  
       - vCM-RV-AV: −1.14  
     - Intermediate:  
       - vCM-LV-Trabecular: −0.38  
       - vCM-Proliferating: −0.03  
       - vCM-RV-Trabecular: +0.19  
     - High (mature-like):  
       - vCM-LV-Compact: +0.81  
       - vCM-RV-Compact: +0.79  
   - This ordering is exactly what you’d hope for if the axis reflects developmental maturation: AV/His–Purkinje and trabecular are less mature; compact myocardium is more mature; proliferating cardiomyocytes are roughly central but with a broad spread.
   - The standard deviations are modest but non-trivial (0.4–0.8), indicating within-subtype heterogeneity that can be exploited in spatial analyses rather than just being a subtype label recapitulated.

   This strongly supports the “one-dimensional maturation axis within vCMs” part of the hypothesis.

4. **Sample effects are modest, which is encouraging**
   - Sample-wise means:
     - R77_4C4: −0.10  
     - R78_4C12: −0.11  
     - R78_4C15: +0.17  
   - Differences are small (~0.3 z-units max), suggesting the axis is reasonably comparable across samples, which is important for pooling spatial analyses and for interpreting spatial structure beyond batch/sample effects.

5. **Technical/implementation considerations**
   - Regressing Purity and log10(UMI) from the expression matrix prior to PCA is consistent with your hypothesis and seems to have worked: PCs are only weakly associated with those metrics.
   - Using PCA directly on the (regressed) expression matrix without further log-transformation was appropriate given the likely pre-log-normalization.
   - Gene scoring uses `use_raw=None` such that the raw snapshot or `.X` is used rather than residuals. That’s fine, but conceptually:
     - The axis definition (PC1) comes from regressed expression (Purity, UMI-adjusted).
     - The scores are computed on the original expression.  
     This is okay because the PC is already insensitive to technical covariates, and the mature/immature gene sets make biological sense. Just be transparent about this in any write-up.

6. **Implications for the hypothesis**
   - The analysis supports:
     - Existence of a primary 1D axis within vCMs that plausibly tracks maturation.
     - That axis is derived after explicitly controlling for Purity/log10(UMI), and residual correlations with these technical metrics are minor.
     - The resulting per-cell scores are continuous, subtype-structured, and sample-robust, making them suitable for the planned spatial–microenvironment analyses.
   - The main caveat is that the axis is not purely within-subtype maturation; it also captures large-scale subtype differences (e.g., conduction vs compact). This does not invalidate the hypothesis, but future steps should distinguish:
     - Differences in mean maturation between subtypes.
     - Spatial microenvironment associations *within* each major subtype.

7. **Concrete suggestions for next/future steps**

   **7.1. Sanity checks before moving on**
   - Visualize:
     - UMAP of vCMs colored by:
       - vCM_maturation_score_z
       - Populations
       - Purity, log10(UMI), Complexity
     - This will show whether the maturation gradient aligns along a coherent manifold and isn’t obviously recapitulating a purely technical or density artifact.
   - Plot violin/boxplots:
     - vCM_maturation_score_z across Populations and across Sample_ID (already summarized, but visual distributions may reveal multimodality or outliers).

   **7.2. Potential refinements (optional, not required)**
   - Within each major morphological group (e.g., LV vs RV, compact vs trabecular), check whether PC1 still behaves as a maturation axis:
     - Recompute correlations of PC1 with His–Purkinje and AV subsets after restricting to LV/RV-Compact only. If correlations drop, it supports PC1 being a common maturation gradient rather than just subtype separation.
   - Alternatively, repeat PCA after excluding clear conduction-region populations (His–Purkinje, AV) and see whether the same gene sets emerge. This would give an axis more specific to “ventricular working myocardium maturation,” but you must then ensure this does not duplicate the original paper’s analyses.

   These refinements are optional; the current axis is already serviceable for the rest of your pre-registered plan.

   **7.3. Move on to spatial–microenvironment analyses per your plan**
   Given the maturation score now looks valid, I’d recommend proceeding to the next planned steps, explicitly stratifying by vCM subtypes to avoid confounding:

   - **Step 2 (neighborhood composition metrics):**
     - From the full `adata`, compute within-sample kNN neighborhoods in `.obsm['spatial']`.
     - For each vCM, compute:
       - Fraction of neighbors that are (i) cardiomyocytes, (ii) each major non-myocyte class (endothelial, fibroblast subtype, epicardial, immune, etc.).
     - Store these as `obs` columns, ensuring you also keep `k` (neighbor size) fixed across cells and samples.

   - **Step 3 (associations of maturation with neighborhood composition):**
     - Within each major vCM subtype and sample with enough cells:
       - Correlate `vCM_maturation_score_z` with each neighborhood metric using Spearman + linear models adjusting for Purity and log10(UMI).
       - Because PC1 is only weakly correlated with these covariates, any remaining association will be robust.
     - Pay attention to:
       - Whether more “mature” compact vCMs sit in neighborhoods enriched for particular support-cell types (e.g., valve fibroblasts, specific endothelial subsets).
       - Whether the relationship differs between LV vs RV compact or AV vs trabecular regions.

   - **Step 4 (spatial autocorrelation / Moran’s I):**
     - Compute Moran’s I for `vCM_maturation_score_z` within each sample, using the same kNN spatial graph.
     - Use permutations to derive empirical p-values.
     - Where Moran’s I is significant, compare the spatial clustering of maturation scores with clustering of non-myocyte neighborhood fractions; test whether regions of high maturation scores co-localize with particular microenvironments.

8. **Summary for decision-making**
   - The current PC1-derived vCM maturation score is:
     - Biologically interpretable,
     - Only weakly tied to technical covariates,
     - Distinct from pure proliferation effects,
     - Structured across vCM subtypes in a developmentally sensible way.
   - It is sufficiently robust to proceed with your pre-planned spatial–microenvironment analyses, with the main methodological precaution being to always analyze associations within subtypes and/or adjust for subtype where needed.


================================================================================
2026-05-17 10:36:51,156 - INFO
================================================================================
RESPONSE/OUTPUT: initial_analysis_2_2

NEXT STEP PLAN - Analysis 2, Step 3: Using the existing vCM_maturation_score_z defined on ventricular cardiomyocytes, construct within-sample k-nearest-neighbor graphs in spatial coordinates and, for each vCM, compute and store neighborhood composition metrics: the fraction of neighboring cells that are cardiomyocytes vs. non-myocytes and the fractions for key support-cell Populations (e.g., vFibro, vEndocardial, EPDC, endothelial, pericyte/VSMC, epicardial, immune), summarizing these metrics across vCM subtypes.

Code:
```python
import numpy as np
import pandas as pd
from scipy import stats
import scanpy as sc

# Verify that maturation scores exist
if 'vCM_maturation_score_z' not in adata.obs.columns:
    raise ValueError("vCM_maturation_score_z not found in adata.obs; run the maturation-axis step first.")

# Identify ventricular cardiomyocytes (vCM) based on Populations containing 'vCM'
if 'Populations' not in adata.obs.columns:
    raise ValueError("Expected 'Populations' in adata.obs but did not find it.")

pops = adata.obs['Populations'].astype(str)
vcm_mask = pops.str.contains('vCM', case=False, na=False)

if not vcm_mask.any():
    raise ValueError("No cells with Populations containing 'vCM' were found; cannot compute vCM neighborhood composition.")

print(f"Total cells: {adata.n_obs}, ventricular cardiomyocytes: {vcm_mask.sum()}")

# Ensure spatial coordinates and Sample_ID are available
if 'spatial' not in adata.obsm_keys():
    raise ValueError("adata.obsm['spatial'] is missing; spatial neighborhood analysis cannot proceed.")
if 'Sample_ID' not in adata.obs.columns:
    raise ValueError("'Sample_ID' not in adata.obs; need per-sample restriction for kNN neighborhoods.")

coords = adata.obsm['spatial']

# Define which Populations count as cardiomyocytes (broader CM class to distinguish CM vs non-myocyte)
cm_indicator = pops.str.contains('CM', case=False, na=False)

# Key support-cell populations to track explicitly (regex-style contains matches)
support_patterns = {
    'frac_vFibro_nbrs': ['vFibro'],
    'frac_aFibro_nbrs': ['aFibro'],
    'frac_valveFibro_nbrs': ['VIC', 'valve'],
    'frac_vEndocardial_nbrs': ['vEndocardial'],
    'frac_aEndocardial_nbrs': ['aEndocardial'],
    'frac_EPDC_nbrs': ['EPDC'],
    'frac_endothelial_nbrs': ['BEC', 'VEC', 'LEC', 'endothelial'],
    'frac_perivascular_nbrs': ['Pericyte', 'VSMC'],
    'frac_epicardial_nbrs': ['Epicardial'],
    'frac_immune_nbrs': ['WBC'],
}

# Precompute boolean masks for each support pattern across all cells
support_masks = {}
for key, substrings in support_patterns.items():
    mask = pd.Series(False, index=adata.obs.index)
    for s in substrings:
        mask = mask | pops.str.contains(s, case=False, na=False)
    support_masks[key] = mask.values

# Parameters for spatial kNN
k = 20
print(f"Using k={k} nearest spatial neighbors within each Sample_ID.")

# Initialize neighborhood composition columns in adata.obs with NaN
neighbor_cols = [
    'frac_CM_nbrs',
    'frac_nonCM_nbrs',
] + list(support_patterns.keys())

for col in neighbor_cols:
    adata.obs[col] = np.nan

# Compute kNN neighborhoods within each sample using spatial coordinates
sample_ids = adata.obs['Sample_ID'].astype(str).unique()

from sklearn.neighbors import NearestNeighbors

for sid in sample_ids:
    sample_mask = (adata.obs['Sample_ID'].astype(str) == sid).values
    idx_sample = np.where(sample_mask)[0]
    n_sample = idx_sample.size
    if n_sample == 0:
        continue
    if n_sample <= k:
        print(f"Sample {sid}: only {n_sample} cells, skipping kNN (k={k}).")
        continue

    coords_sample = coords[idx_sample, :]

    # Fit kNN on all cells in this sample
    nn = NearestNeighbors(n_neighbors=k+1, algorithm='auto')
    nn.fit(coords_sample)
    distances, indices = nn.kneighbors(coords_sample)

    # indices are relative to idx_sample; first neighbor is the cell itself
    neighbor_indices = indices[:, 1:]  # drop self

    # Retrieve indicators for this sample
    cm_sample = cm_indicator.values[idx_sample]
    support_sample = {key: mask[idx_sample] for key, mask in support_masks.items()}

    # Compute neighbor fractions for vCM cells in this sample
    for i_local, cell_global_idx in enumerate(idx_sample):
        if not vcm_mask[cell_global_idx]:
            continue  # only compute for vCMs

        nbr_local = neighbor_indices[i_local, :]
        nbr_global = idx_sample[nbr_local]

        if nbr_global.size == 0:
            continue

        # Cardiomyocyte vs non-myocyte
        nbr_cm = cm_indicator.values[nbr_global]
        frac_cm = nbr_cm.mean()
        frac_noncm = 1.0 - frac_cm

        adata.obs.at[adata.obs.index[cell_global_idx], 'frac_CM_nbrs'] = frac_cm
        adata.obs.at[adata.obs.index[cell_global_idx], 'frac_nonCM_nbrs'] = frac_noncm

        # Support-cell pattern fractions
        for key in support_patterns.keys():
            mask_sample = support_sample[key]
            # mask_sample is aligned with idx_sample; restrict to neighbors
            frac_support = mask_sample[nbr_local].mean()
            adata.obs.at[adata.obs.index[cell_global_idx], key] = frac_support

# Summarize neighborhood composition metrics across vCM Populations
print("\nNeighborhood composition summaries for ventricular cardiomyocytes (vCMs) by Populations:")
metrics_to_summarize = ['frac_CM_nbrs', 'frac_nonCM_nbrs'] + list(support_patterns.keys())

vcm_obs = adata.obs.loc[vcm_mask, ['Populations'] + metrics_to_summarize].copy()

for subtype, df_sub in vcm_obs.groupby('Populations'):
    n_cells = df_sub.shape[0]
    if n_cells < 50:
        continue  # skip very small subtypes for stability
    print(f"\nSubtype: {subtype} (n={n_cells})")
    for m in metrics_to_summarize:
        vals = df_sub[m].astype(float).values
        if np.all(np.isnan(vals)):
            continue
        mean = np.nanmean(vals)
        std = np.nanstd(vals)
        q10, q50, q90 = np.nanpercentile(vals, [10, 50, 90])
        print(f"  {m:25s}: mean={mean: .3f}, sd={std: .3f}, p10={q10: .3f}, median={q50: .3f}, p90={q90: .3f}")

print("\nStored per-vCM neighborhood composition metrics in adata.obs (columns: " + ", ".join(metrics_to_summarize) + ").")

```


================================================================================
2026-05-17 10:37:40,653 - INFO
================================================================================
RESPONSE/OUTPUT: self_critique_2_2

APPLIED SELF-CRITIQUE - Analysis 2, Step 3


================================================================================
2026-05-17 10:37:40,654 - INFO
================================================================================
RESPONSE/OUTPUT: revised_analysis_2_2

Revised Hypothesis: Within ventricular cardiomyocytes, local spatial neighborhood composition (fractions of cardiomyocytes vs. diverse non-myocyte support-cell types) is systematically associated with the vCM maturation score, beyond technical covariates, and maturation scores exhibit spatial autocorrelation consistent with coherent maturation gradients.

Revised Analysis Plan:
1. Using the existing vCM_maturation_score_z defined on ventricular cardiomyocytes, construct within-sample k-nearest-neighbor graphs in spatial coordinates and, for each vCM, compute and store neighborhood composition metrics: the fraction of neighboring cells that are cardiomyocytes vs. non-myocytes and the fractions for key support-cell populations (e.g., vFibro, vEndocardial, EPDC, endothelial, pericyte/VSMC, epicardial, immune), summarizing these metrics across vCM subtypes.
2. Within each major ventricular cardiomyocyte subtype and sample with sufficient cells, quantify associations between vCM_maturation_score_z and each neighborhood composition metric using Spearman correlations and linear regression models that adjust for Purity and log10(UMI Count), also reporting Spearman correlations between Purity and key neighborhood metrics to assess residual technical coupling, and summarizing effect sizes, p-values, and Benjamini–Hochberg FDR across metrics and subtypes.
3. Within each sample, restrict to vCMs and compute Moran’s I for vCM_maturation_score_z on a spatial kNN graph to test for spatial autocorrelation; obtain permutation-based p-values, and, where Moran’s I is significant, compare Moran’s I values for key neighborhood composition metrics (e.g., non-myocyte fraction, fibroblast fraction, endothelial fraction) to assess whether maturation gradients co-align with specific microenvironmental patterns.
4. Synthesize a text-only summary integrating how the vCM maturation scores vary with local neighborhood composition across vCM subtypes and samples after technical adjustment, how neighborhood metrics relate to Purity, and how spatial autocorrelation of maturation compares to that of neighborhood metrics, highlighting any consistent spatial microenvironment–maturation coupling that is independent of Purity and UMI Count.

Revised Code:
import numpy as np
import pandas as pd
from scipy import stats
import scanpy as sc
from scipy.spatial import cKDTree

# Verify that maturation scores exist
if 'vCM_maturation_score_z' not in adata.obs.columns:
    raise ValueError("vCM_maturation_score_z not found in adata.obs; run the maturation-axis step first.")

# Identify ventricular cardiomyocytes (vCM) based on Populations containing 'vCM'
if 'Populations' not in adata.obs.columns:
    raise ValueError("Expected 'Populations' in adata.obs but did not find it.")

pops = adata.obs['Populations'].astype(str)
vcm_mask = pops.str.contains('vCM', case=False, na=False)

if not vcm_mask.any():
    raise ValueError("No cells with Populations containing 'vCM' were found; cannot compute vCM neighborhood composition.")

print(f"Total cells: {adata.n_obs}, ventricular cardiomyocytes: {vcm_mask.sum()}")

# Ensure spatial coordinates and Sample_ID are available
if 'spatial' not in adata.obsm_keys():
    raise ValueError("adata.obsm['spatial'] is missing; spatial neighborhood analysis cannot proceed.")
if 'Sample_ID' not in adata.obs.columns:
    raise ValueError("'Sample_ID' not in adata.obs; need per-sample restriction for kNN neighborhoods.")

coords = adata.obsm['spatial']

# Define which Populations count as cardiomyocytes (broader CM class to distinguish CM vs non-myocyte)
cm_indicator = pops.str.contains('CM', case=False, na=False)

# Key support-cell populations to track explicitly (regex-style contains matches)
support_patterns = {
    'frac_vFibro_nbrs': ['vFibro'],
    'frac_aFibro_nbrs': ['aFibro'],
    'frac_valveFibro_nbrs': ['VIC', 'valve'],
    'frac_vEndocardial_nbrs': ['vEndocardial'],
    'frac_aEndocardial_nbrs': ['aEndocardial'],
    'frac_EPDC_nbrs': ['EPDC'],
    'frac_endothelial_nbrs': ['BEC', 'VEC', 'LEC', 'endothelial'],
    'frac_perivascular_nbrs': ['Pericyte', 'VSMC'],
    'frac_epicardial_nbrs': ['Epicardial'],
    'frac_immune_nbrs': ['WBC'],
}

# Precompute boolean masks for each support pattern across all cells
support_masks = {}
for key, substrings in support_patterns.items():
    mask = pd.Series(False, index=adata.obs.index)
    for s in substrings:
        mask = mask | pops.str.contains(s, case=False, na=False)
    support_masks[key] = mask.values

# Parameters for spatial kNN
k = 20
print(f"Using k={k} nearest spatial neighbors within each Sample_ID.")

# Initialize neighborhood composition columns in adata.obs with NaN
neighbor_cols = [
    'frac_CM_nbrs',
    'frac_nonCM_nbrs',
] + list(support_patterns.keys())

for col in neighbor_cols:
    adata.obs[col] = np.nan

# Compute kNN neighborhoods within each sample using spatial coordinates
sample_ids = adata.obs['Sample_ID'].astype(str).unique()

n_vcm_total = int(vcm_mask.sum())
n_vcm_with_neighbors = 0

for sid in sample_ids:
    sample_mask = (adata.obs['Sample_ID'].astype(str) == sid).values
    idx_sample = np.where(sample_mask)[0]
    n_sample = idx_sample.size
    if n_sample == 0:
        continue
    if n_sample <= k:
        print(f"Sample {sid}: only {n_sample} cells, skipping kNN (k={k}).")
        continue

    coords_sample = coords[idx_sample, :]

    # Fit kNN using cKDTree on all cells in this sample
    tree = cKDTree(coords_sample)
    # query k+1 to include the point itself, then drop self
    dists, idxs = tree.query(coords_sample, k=k+1)
    if k == 1:
        # cKDTree returns 1D arrays when k==1; ensure 2D
        idxs = idxs[:, None]
    neighbor_indices = idxs[:, 1:]

    # Retrieve support indicators for this sample
    support_sample = {key: mask[idx_sample] for key, mask in support_masks.items()}

    # Compute neighbor fractions for vCM cells in this sample
    for i_local, cell_global_idx in enumerate(idx_sample):
        if not vcm_mask[cell_global_idx]:
            continue  # only compute for vCMs

        nbr_local = neighbor_indices[i_local, :]
        # Some queries may return fewer than k neighbors at edges; handle gracefully
        if nbr_local.size == 0:
            continue

        nbr_global = idx_sample[nbr_local]

        # Cardiomyocyte vs non-myocyte
        nbr_cm = cm_indicator.values[nbr_global]
        frac_cm = float(nbr_cm.mean()) if nbr_cm.size > 0 else np.nan
        frac_noncm = float(1.0 - frac_cm) if np.isfinite(frac_cm) else np.nan

        adata.obs.at[adata.obs.index[cell_global_idx], 'frac_CM_nbrs'] = frac_cm
        adata.obs.at[adata.obs.index[cell_global_idx], 'frac_nonCM_nbrs'] = frac_noncm

        # Support-cell pattern fractions
        for key in support_patterns.keys():
            mask_sample = support_sample[key]
            frac_support = float(mask_sample[nbr_local].mean()) if nbr_local.size > 0 else np.nan
            adata.obs.at[adata.obs.index[cell_global_idx], key] = frac_support

        n_vcm_with_neighbors += 1

# Coverage summary
print(f"\nComputed neighborhood metrics for {n_vcm_with_neighbors}/{n_vcm_total} vCMs "
      f"({(n_vcm_with_neighbors / n_vcm_total * 100.0):.1f}%).")

# Summarize neighborhood composition metrics across vCM Populations
print("\nNeighborhood composition summaries for ventricular cardiomyocytes (vCMs) by Populations:")
metrics_to_summarize = ['frac_CM_nbrs', 'frac_nonCM_nbrs'] + list(support_patterns.keys())

vcm_obs = adata.obs.loc[vcm_mask, ['Populations'] + metrics_to_summarize].copy()

for subtype, df_sub in vcm_obs.groupby('Populations'):
    n_cells = df_sub.shape[0]
    if n_cells < 50:
        continue  # skip very small subtypes for stability
    print(f"\nSubtype: {subtype} (n={n_cells})")
    for m in metrics_to_summarize:
        vals = df_sub[m].astype(float).values
        if np.all(np.isnan(vals)):
            continue
        mean = np.nanmean(vals)
        std = np.nanstd(vals)
        q10, q50, q90 = np.nanpercentile(vals, [10, 50, 90])
        print(f"  {m:25s}: mean={mean: .3f}, sd={std: .3f}, p10={q10: .3f}, median={q50: .3f}, p90={q90: .3f}")

print("\nStored per-vCM neighborhood composition metrics in adata.obs (columns: " + ", ".join(metrics_to_summarize) + ").")


================================================================================
2026-05-17 10:38:09,561 - INFO
================================================================================
RESPONSE/OUTPUT: step_execution_success_2_3

STEP 3 RAN SUCCESSFULLY - Analysis 2


================================================================================
2026-05-17 10:38:24,335 - INFO
================================================================================
RESPONSE/OUTPUT: results_interpretation_2_3

The neighborhood-composition step looks technically solid and generates exactly the kind of covariates you’ll need for testing the hypothesis. A few points stand out that should shape the next steps:

1. **You now have rich, subtype-resolved microenvironment metrics.**  
   - Every vCM has:
     - `frac_CM_nbrs` / `frac_nonCM_nbrs` (CM vs non-CM balance).
     - Fractions for key support populations (vFibro, endocardial, EPDC, endothelial, perivascular, etc.).  
   - These are meaningfully heterogeneous across subtypes, which is important because if everything had been ~constant, you’d have no power to link them to maturation.

2. **Clear subtype-specific microenvironment signatures you can exploit:**
   - **LV vs RV compact vs trabecular:**
     - `vCM-LV-Compact`: high CM fraction, moderate vFibro (~0.12), endothelial (~0.12), perivascular (~0.06).
     - `vCM-RV-Compact`: lower CM fraction (0.61), higher vFibro (0.16), higher endothelial (~0.17), perivascular (~0.07).
     - `vCM-LV-Trabecular`: relatively high CM fraction, **very high endothelial fraction** (~0.57).
     - `vCM-RV-Trabecular`: similar pattern with high endothelial (~0.47) and noticeable vEndocardial (~0.16).
   - **His-Purkinje**: high CM fraction (~0.79), relatively enriched for vEndocardial (~0.10) and endothelial (~0.11).
   - **Proliferating vCMs**: lower CM fraction (~0.70), higher vFibro (~0.13), endothelial (~0.21), perivascular (~0.05).

   These differences provide a strong basis to ask: *within* a given subtype and sample, do cells in more endothelial-rich or fibroblast-rich neighborhoods sit at different positions along the maturation axis?

3. **This step is well-aligned with the hypothesis and distinct from prior analyses.**  
   - You are not just testing spatial coherence of a score; you’ve constructed **explicit microenvironment covariates** that are mechanistically interpretable (fibroblasts, endothelium, endocardium, etc.).
   - This clearly differs from the earlier, failed TF/signaling score attempt.

4. **Key suggestions for the next (association) step:**

   a. **Work strictly within-sample and within-subtype.**  
      - For each `Sample_ID` × vCM subtype with enough cells (e.g., ≥100), fit:
        - Spearman correlations: `vCM_maturation_score_z` vs each of the neighborhood fractions.
        - Linear models: maturation ~ neighborhood_fraction + Purity + log10(UMI) (possibly also including sample-level fixed effects if you pool samples, but start within-sample to keep it clean and avoid unmodeled between-sample shifts).
      - This aligns with the plan and avoids confounding from global sample differences.

   b. **Prioritize a small set of microenvironment metrics for interpretability.**  
      Given redundancy, focus on:
      - `frac_nonCM_nbrs` (overall non-myocyte burden).  
      - `frac_vFibro_nbrs` (ventricular fibroblasts).  
      - `frac_vEndocardial_nbrs`.  
      - `frac_endothelial_nbrs`.  
      - `frac_perivascular_nbrs`.  
      Others (EPDC, immune, epicardial) are very sparse in these summaries and may be low-power; still compute them but interpret cautiously.

   c. **Explicitly quantify technical coupling.**  
      - Compute Spearman correlations:
        - Purity vs each neighborhood fraction.
        - log10(UMI) vs each neighborhood fraction.
      - This will tell you whether, for instance, low-purity cells tend to sit in more “non-CM-rich” neighborhoods—critical to interpret any maturation–neighborhood links as non-technical.

   d. **Effect-size–focused summaries across subtypes.**  
      After running regressions inside each subtype × sample:
      - For each metric (e.g., `frac_vFibro_nbrs`), summarize:
        - Distribution of regression slopes (per 10% increase in fraction) across samples.
        - Fraction of sample-subtype combinations with FDR < 0.1.
        - Whether the sign is consistent across LV vs RV compact vs trabecular vs proliferating subtypes.
      That’s what will let you say “LV-compact vCM maturation consistently increases with endothelial fraction, independent of Purity/UMI,” or “only proliferating vCMs show a strong association with fibroblast-rich neighborhoods.”

5. **Use the strong heterogeneity in endothelial and fibroblast fractions as primary tests of the hypothesis.**  
   - For trabecular vCMs (LV and RV), endothelial fractions are extremely high and variable (p10 ~0.25, p90 ~0.80 in LV-trabecular).  
     - This is an ideal context to test whether more endothelium-rich neighborhoods correspond to more (or less) mature vCMs.
   - For compact vCMs, vFibro and perivascular fractions are higher in RV vs LV; within each region, variation from ~0.05 to ~0.30 vFibro suggests enough dynamic range to detect maturation effects.

6. **Spatial-autocorrelation step (Moran’s I) should explicitly mirror the neighborhood metrics you just constructed.**  
   When you move to Moran’s I:
   - Compute Moran’s I for `vCM_maturation_score_z` on a vCM-only spatial kNN graph, within each sample.
   - Then compute Moran’s I for:
     - `frac_nonCM_nbrs`
     - `frac_vFibro_nbrs`
     - `frac_endothelial_nbrs`
     - Possibly `frac_vEndocardial_nbrs`
   - Compare:
     - Whether maturation and, say, endothelial fraction are autocorrelated in the *same regions* (e.g., via correlation between local Moran’s I or visual inspection of spatial maps).
     - Whether the magnitudes of Moran’s I track each other across samples.  
   If both maturation and endothelial fraction show significant spatial autocorrelation and their local patterns align, that would directly support coherent maturation gradients tied to endothelial-rich microenvironments.

7. **Potential refinements to the neighborhood metric step (optional, not blocking):**
   - Consider sensitivity analyses with different k (e.g., 10, 30) after you find some associations, to see if effect directions are robust to the neighborhood scale.
   - You might also add:
     - A “Shannon entropy” of neighbor Populations (how mixed vs homogeneous the neighborhood is), then test whether more mixed neighborhoods relate to maturation.

8. **How this informs the hypothesis right now:**
   - Evidence so far:
     - vCMs inhabit clearly distinct microenvironments across subtypes (e.g., strongly endothelial-rich trabecular vs fibroblast-rich compact).
     - The constructed metrics show wide within-subtype variation, which is necessary for detecting coherent relationships with maturation.
   - What’s missing to evaluate the hypothesis:
     - The actual statistics linking `vCM_maturation_score_z` to these metrics, adjusted for Purity and UMI.
     - The Moran’s I analysis for maturation vs neighborhood fractions.

   So the current step is promising and sets you up well: you now have per-vCM microenvironment descriptors that are biologically interpretable and technically appropriate. The next step should be to run the within-subtype, within-sample regression and correlation analyses, followed by Moran’s I, with particular attention to endothelial and fibroblast fractions as prime candidates for microenvironment–maturation coupling.


================================================================================
2026-05-17 10:38:49,826 - INFO
================================================================================
RESPONSE/OUTPUT: initial_analysis_2_3

NEXT STEP PLAN - Analysis 2, Step 4: Within each major ventricular cardiomyocyte (vCM) subtype and Sample_ID with sufficient cells, quantify the association between vCM_maturation_score_z and key neighborhood composition metrics (frac_nonCM_nbrs, frac_vFibro_nbrs, frac_vEndocardial_nbrs, frac_endothelial_nbrs, frac_perivascular_nbrs) using Spearman correlations and linear regression models that adjust for Purity and log10(UMI Count), and also compute Spearman correlations between Purity/log10(UMI Count) and each neighborhood metric to assess residual technical coupling.

Code:
```python
import numpy as np
import pandas as pd
from scipy import stats

# Check required columns
required_cols = [
    'vCM_maturation_score_z', 'Populations', 'Sample_ID', 'Purity', 'UMI Count',
    'frac_CM_nbrs', 'frac_nonCM_nbrs', 'frac_vFibro_nbrs', 'frac_vEndocardial_nbrs',
    'frac_endothelial_nbrs', 'frac_perivascular_nbrs'
]
missing = [c for c in required_cols if c not in adata.obs.columns]
if missing:
    raise ValueError(f"Missing required columns in adata.obs: {missing}")

# Identify ventricular cardiomyocytes
pops = adata.obs['Populations'].astype(str)
vcm_mask = pops.str.contains('vCM', case=False, na=False)
if not vcm_mask.any():
    raise ValueError("No vCM cells found (Populations containing 'vCM').")

# Prepare analysis DataFrame restricted to vCMs
obs_vcm = adata.obs.loc[vcm_mask, [
    'Populations', 'Sample_ID', 'vCM_maturation_score_z', 'Purity', 'UMI Count',
    'frac_nonCM_nbrs', 'frac_vFibro_nbrs', 'frac_vEndocardial_nbrs',
    'frac_endothelial_nbrs', 'frac_perivascular_nbrs'
]].copy()

# Add log10(UMI Count)
obs_vcm['log10_UMI'] = np.log10(obs_vcm['UMI Count'].astype(float) + 1.0)

# Metrics to test
neigh_metrics = [
    'frac_nonCM_nbrs',
    'frac_vFibro_nbrs',
    'frac_vEndocardial_nbrs',
    'frac_endothelial_nbrs',
    'frac_perivascular_nbrs'
]

min_cells = 100

results_rows = []
tech_coupling_rows = []

# Iterate over Sample_ID and vCM subtypes
for sid, df_sample in obs_vcm.groupby('Sample_ID'):
    for subtype, df_sub in df_sample.groupby('Populations'):
        n = df_sub.shape[0]
        if n < min_cells:
            continue
        y = df_sub['vCM_maturation_score_z'].astype(float).values
        purity = df_sub['Purity'].astype(float).values
        logumi = df_sub['log10_UMI'].astype(float).values

        # Design matrix for linear regression: intercept, neighborhood metric, Purity, log10_UMI
        for m in neigh_metrics:
            x_m = df_sub[m].astype(float).values
            valid = np.isfinite(y) & np.isfinite(x_m) & np.isfinite(purity) & np.isfinite(logumi)
            if valid.sum() < min_cells:
                continue

            yv = y[valid]
            xv = x_m[valid]
            pv = purity[valid]
            lv = logumi[valid]

            # Spearman correlation between maturation and neighborhood metric
            rho, p_spear = stats.spearmanr(yv, xv)

            # Build design matrix for OLS: [1, x_metric, Purity, log10_UMI]
            X = np.column_stack([
                np.ones_like(xv),
                xv,
                (pv - pv.mean()) / (pv.std() + 1e-8),
                (lv - lv.mean()) / (lv.std() + 1e-8)
            ])
            # Closed-form OLS
            XtX_inv = np.linalg.pinv(X.T @ X)
            beta = XtX_inv @ (X.T @ yv)
            y_pred = X @ beta
            resid = yv - y_pred
            dof = max(len(yv) - X.shape[1], 1)
            sigma2 = (resid @ resid) / dof
            cov_beta = XtX_inv * sigma2
            se_beta = np.sqrt(np.diag(cov_beta))

            # Index 1 corresponds to neighborhood metric
            beta_m = beta[1]
            se_m = se_beta[1]
            if se_m > 0:
                t_stat = beta_m / se_m
                p_ols = 2 * stats.t.sf(np.abs(t_stat), df=dof)
            else:
                t_stat = np.nan
                p_ols = np.nan

            results_rows.append({
                'Sample_ID': sid,
                'Subtype': subtype,
                'n_cells': int(valid.sum()),
                'metric': m,
                'spearman_rho': rho,
                'spearman_p': p_spear,
                'beta_metric': beta_m,
                'se_metric': se_m,
                't_stat': t_stat,
                'p_ols': p_ols
            })

        # Technical coupling: Purity/log10_UMI vs neighborhood metrics
        purity_v = purity.astype(float)
        logumi_v = logumi.astype(float)
        for m in neigh_metrics:
            x_m = df_sub[m].astype(float).values
            valid_m = np.isfinite(x_m) & np.isfinite(purity_v) & np.isfinite(logumi_v)
            if valid_m.sum() < min_cells:
                continue
            xm_v = x_m[valid_m]
            pur_v = purity_v[valid_m]
            log_v = logumi_v[valid_m]

            rho_pu, p_pu = stats.spearmanr(xm_v, pur_v)
            rho_lu, p_lu = stats.spearmanr(xm_v, log_v)

            tech_coupling_rows.append({
                'Sample_ID': sid,
                'Subtype': subtype,
                'n_cells': int(valid_m.sum()),
                'metric': m,
                'rho_Purity': rho_pu,
                'p_Purity': p_pu,
                'rho_log10UMI': rho_lu,
                'p_log10UMI': p_lu
            })

# Convert to DataFrames
assoc_df = pd.DataFrame(results_rows)
tech_df = pd.DataFrame(tech_coupling_rows)

if assoc_df.empty:
    print("No subtype × sample combinations met the minimum cell threshold for association testing.")
else:
    # Benjamini–Hochberg FDR for OLS p-values across all tests
    pvals = assoc_df['p_ols'].values.astype(float)
    valid = np.isfinite(pvals)
    m_tests = valid.sum()
    if m_tests > 0:
        order = np.argsort(pvals[valid])
        ranks = np.empty_like(order)
        ranks[order] = np.arange(1, m_tests + 1)
        fdr = np.full_like(pvals, np.nan, dtype=float)
        fdr_vals = pvals[valid] * m_tests / ranks
        # Ensure monotonicity
        fdr_vals_sorted = np.minimum.accumulate(fdr_vals[::-1])[::-1]
        fdr[valid] = fdr_vals_sorted
        assoc_df['FDR_ols'] = fdr
    else:
        assoc_df['FDR_ols'] = np.nan

    # Print a concise summary by metric
    print("\n=== Association of maturation score with neighborhood metrics (per subtype × sample) ===")
    for m in neigh_metrics:
        sub_m = assoc_df[assoc_df['metric'] == m]
        if sub_m.empty:
            continue
        sig = sub_m[sub_m['FDR_ols'] < 0.1]
        print(f"\nMetric: {m}")
        print(f"  Total tests: {sub_m.shape[0]}, FDR<0.1: {sig.shape[0]}")
        if not sig.empty:
            print("  Example significant effects (up to 5 rows):")
            cols_show = ['Sample_ID', 'Subtype', 'n_cells', 'spearman_rho', 'beta_metric', 'p_ols', 'FDR_ols']
            print(sig.sort_values('FDR_ols').head(5)[cols_show].to_string(index=False))

    # Print technical coupling summaries
    if not tech_df.empty:
        print("\n=== Technical coupling: Purity / log10(UMI) vs neighborhood metrics (per subtype × sample) ===")
        for m in neigh_metrics:
            sub_m = tech_df[tech_df['metric'] == m]
            if sub_m.empty:
                continue
            print(f"\nMetric: {m}")
            print("  Purity vs metric: median rho = %.3f (n=%d tests)" % (np.nanmedian(sub_m['rho_Purity']), sub_m.shape[0]))
            print("  log10(UMI) vs metric: median rho = %.3f (n=%d tests)" % (np.nanmedian(sub_m['rho_log10UMI']), sub_m.shape[0]))
            # Show a few strongest couplings
            strongest = sub_m.reindex(sub_m['rho_Purity'].abs().sort_values(ascending=False).index).head(3)
            cols_show = ['Sample_ID', 'Subtype', 'n_cells', 'rho_Purity', 'p_Purity', 'rho_log10UMI', 'p_log10UMI']
            print("  Strongest Purity/log10UMI couplings (up to 3 rows):")
            print(strongest[cols_show].to_string(index=False))
```


================================================================================
2026-05-17 10:39:37,212 - INFO
================================================================================
RESPONSE/OUTPUT: self_critique_2_3

APPLIED SELF-CRITIQUE - Analysis 2, Step 4


================================================================================
2026-05-17 10:39:37,212 - INFO
================================================================================
RESPONSE/OUTPUT: revised_analysis_2_3

Revised Hypothesis: Within ventricular cardiomyocytes, the continuous maturation score vCM_maturation_score_z is systematically associated with local neighborhood composition—especially endothelial, fibroblast, and non-myocyte fractions—beyond Purity and UMI Count, and maturation scores exhibit significant spatial autocorrelation that parallels spatial structure in these neighborhood metrics.

Revised Analysis Plan:
1. Within each major ventricular cardiomyocyte (vCM) subtype and Sample_ID with sufficient cells, quantify the association between vCM_maturation_score_z and key neighborhood composition metrics (frac_nonCM_nbrs, frac_vFibro_nbrs, frac_vEndocardial_nbrs, frac_endothelial_nbrs, frac_perivascular_nbrs) using Spearman correlations and linear regression models that adjust for Purity and log10(UMI Count), and also compute Spearman correlations between Purity/log10(UMI Count) and each neighborhood metric to assess residual technical coupling, storing assoc_df and tech_df in adata.uns for downstream synthesis.
2. Within each Sample_ID, restrict to vCMs and compute a Moran’s I–like spatial autocorrelation statistic for vCM_maturation_score_z on a spatial kNN graph built from obsm['spatial'], obtain permutation-based p-values, and repeat the same analysis for selected neighborhood metrics (frac_nonCM_nbrs, frac_vFibro_nbrs, frac_endothelial_nbrs) to determine whether maturation gradients and specific microenvironmental patterns share similar spatial coherence.
3. Synthesize a text-only summary that integrates, per vCM subtype and sample, (i) whether maturation scores increase or decrease with local non-myocyte, fibroblast, endocardial, and endothelial fractions after adjusting for Purity and UMI, (ii) how strongly these neighborhood metrics themselves are coupled to Purity/UMI, and (iii) whether spatial autocorrelation in maturation mirrors that of specific neighborhood metrics, highlighting any consistent microenvironment–maturation coupling patterns.

Revised Code:
import numpy as np
import pandas as pd
from scipy import stats

# Check required columns
required_cols = [
    'vCM_maturation_score_z', 'Populations', 'Sample_ID', 'Purity', 'UMI Count',
    'frac_nonCM_nbrs', 'frac_vFibro_nbrs', 'frac_vEndocardial_nbrs',
    'frac_endothelial_nbrs', 'frac_perivascular_nbrs'
]
missing = [c for c in required_cols if c not in adata.obs.columns]
if missing:
    raise ValueError(f"Missing required columns in adata.obs: {missing}")

# Identify ventricular cardiomyocytes
pops = adata.obs['Populations'].astype(str)
vcm_mask = pops.str.contains('vCM', case=False, na=False)
if not vcm_mask.any():
    raise ValueError("No vCM cells found (Populations containing 'vCM').")

# Prepare analysis DataFrame restricted to vCMs
obs_vcm = adata.obs.loc[vcm_mask, [
    'Populations', 'Sample_ID', 'vCM_maturation_score_z', 'Purity', 'UMI Count',
    'frac_nonCM_nbrs', 'frac_vFibro_nbrs', 'frac_vEndocardial_nbrs',
    'frac_endothelial_nbrs', 'frac_perivascular_nbrs'
]].copy()

# Add log10(UMI Count)
obs_vcm['log10_UMI'] = np.log10(obs_vcm['UMI Count'].astype(float) + 1.0)

# Metrics to test
neigh_metrics = [
    'frac_nonCM_nbrs',
    'frac_vFibro_nbrs',
    'frac_vEndocardial_nbrs',
    'frac_endothelial_nbrs',
    'frac_perivascular_nbrs'
]

min_cells = 100

results_rows = []
tech_coupling_rows = []

# Iterate over Sample_ID and vCM subtypes
for sid, df_sample in obs_vcm.groupby('Sample_ID'):
    for subtype, df_sub in df_sample.groupby('Populations'):
        n = df_sub.shape[0]
        if n < min_cells:
            continue
        y = df_sub['vCM_maturation_score_z'].astype(float).values
        purity = df_sub['Purity'].astype(float).values
        logumi = df_sub['log10_UMI'].astype(float).values

        # Design matrix for linear regression: intercept, neighborhood metric, Purity, log10_UMI
        for m in neigh_metrics:
            x_m = df_sub[m].astype(float).values
            valid = np.isfinite(y) & np.isfinite(x_m) & np.isfinite(purity) & np.isfinite(logumi)
            if valid.sum() < min_cells:
                continue

            yv = y[valid]
            xv = x_m[valid]
            pv = purity[valid]
            lv = logumi[valid]

            # Skip nearly constant metrics to avoid unstable coefficients
            if np.nanstd(xv) < 1e-6:
                continue

            # Spearman correlation between maturation and neighborhood metric
            rho, p_spear = stats.spearmanr(yv, xv)

            # Build design matrix for OLS: [1, x_metric, Purity, log10_UMI]
            X = np.column_stack([
                np.ones_like(xv),
                xv,
                (pv - pv.mean()) / (pv.std() + 1e-8),
                (lv - lv.mean()) / (lv.std() + 1e-8)
            ])
            # Closed-form OLS
            XtX_inv = np.linalg.pinv(X.T @ X)
            beta = XtX_inv @ (X.T @ yv)
            y_pred = X @ beta
            resid = yv - y_pred
            dof = max(len(yv) - X.shape[1], 1)
            sigma2 = (resid @ resid) / dof
            cov_beta = XtX_inv * sigma2
            se_beta = np.sqrt(np.diag(cov_beta))

            # Index 1 corresponds to neighborhood metric
            beta_m = beta[1]
            se_m = se_beta[1]
            if se_m > 0:
                t_stat = beta_m / se_m
                p_ols = 2 * stats.t.sf(np.abs(t_stat), df=dof)
            else:
                t_stat = np.nan
                p_ols = np.nan

            results_rows.append({
                'Sample_ID': sid,
                'Subtype': subtype,
                'n_cells': int(valid.sum()),
                'metric': m,
                'spearman_rho': rho,
                'spearman_p': p_spear,
                'beta_metric': beta_m,
                'se_metric': se_m,
                't_stat': t_stat,
                'p_ols': p_ols
            })

        # Technical coupling: Purity/log10_UMI vs neighborhood metrics
        purity_v = purity.astype(float)
        logumi_v = logumi.astype(float)
        for m in neigh_metrics:
            x_m = df_sub[m].astype(float).values
            valid_m = np.isfinite(x_m) & np.isfinite(purity_v) & np.isfinite(logumi_v)
            if valid_m.sum() < min_cells:
                continue
            xm_v = x_m[valid_m]
            pur_v = purity_v[valid_m]
            log_v = logumi_v[valid_m]

            # Skip nearly constant metrics to avoid unstable correlations
            if np.nanstd(xm_v) < 1e-6:
                continue

            rho_pu, p_pu = stats.spearmanr(xm_v, pur_v)
            rho_lu, p_lu = stats.spearmanr(xm_v, log_v)

            tech_coupling_rows.append({
                'Sample_ID': sid,
                'Subtype': subtype,
                'n_cells': int(valid_m.sum()),
                'metric': m,
                'rho_Purity': rho_pu,
                'p_Purity': p_pu,
                'rho_log10UMI': rho_lu,
                'p_log10UMI': p_lu
            })

# Convert to DataFrames
assoc_df = pd.DataFrame(results_rows)
tech_df = pd.DataFrame(tech_coupling_rows)

if assoc_df.empty:
    print("No subtype × sample combinations met the minimum cell threshold for association testing.")
else:
    # Benjamini–Hochberg FDR for OLS p-values across all tests
    pvals = assoc_df['p_ols'].values.astype(float)
    valid = np.isfinite(pvals)
    m_tests = valid.sum()
    if m_tests > 0:
        order = np.argsort(pvals[valid])
        ranks = np.empty_like(order)
        ranks[order] = np.arange(1, m_tests + 1)
        fdr = np.full_like(pvals, np.nan, dtype=float)
        fdr_vals = pvals[valid] * m_tests / ranks
        fdr_vals = np.minimum(fdr_vals, 1.0)
        # Ensure monotonicity
        fdr_vals_sorted = np.minimum.accumulate(fdr_vals[::-1])[::-1]
        fdr[valid] = fdr_vals_sorted
        assoc_df['FDR_ols'] = fdr
    else:
        assoc_df['FDR_ols'] = np.nan

    # Store results for downstream synthesis
    if 'uns' not in dir(adata):
        raise AttributeError("adata does not have an .uns attribute to store results.")
    adata.uns['vcm_maturation_neighborhood_assoc'] = assoc_df
    adata.uns['vcm_maturation_neighborhood_tech'] = tech_df

    # Print a concise summary by metric
    print("\n=== Association of maturation score with neighborhood metrics (per subtype × sample) ===")
    for m in neigh_metrics:
        sub_m = assoc_df[assoc_df['metric'] == m]
        if sub_m.empty:
            continue
        sig = sub_m[sub_m['FDR_ols'] < 0.1]
        print(f"\nMetric: {m}")
        print(f"  Total tests: {sub_m.shape[0]}, FDR<0.1: {sig.shape[0]}")
        if not sig.empty:
            print("  Example significant effects (up to 5 rows):")
            cols_show = ['Sample_ID', 'Subtype', 'n_cells', 'spearman_rho', 'beta_metric', 'p_ols', 'FDR_ols']
            print(sig.sort_values('FDR_ols').head(5)[cols_show].to_string(index=False))

    # Print technical coupling summaries
    if not tech_df.empty:
        print("\n=== Technical coupling: Purity / log10(UMI) vs neighborhood metrics (per subtype × sample) ===")
        for m in neigh_metrics:
            sub_m = tech_df[tech_df['metric'] == m]
            if sub_m.empty:
                continue
            print(f"\nMetric: {m}")
            print("  Purity vs metric: median rho = %.3f (n=%d tests)" % (np.nanmedian(sub_m['rho_Purity']), sub_m.shape[0]))
            print("  log10(UMI) vs metric: median rho = %.3f (n=%d tests)" % (np.nanmedian(sub_m['rho_log10UMI']), sub_m.shape[0]))
            # Show a few strongest couplings
            strongest = sub_m.reindex(sub_m['rho_Purity'].abs().sort_values(ascending=False).index).head(3)
            cols_show = ['Sample_ID', 'Subtype', 'n_cells', 'rho_Purity', 'p_Purity', 'rho_log10UMI', 'p_log10UMI']
            print("  Strongest Purity/log10UMI couplings (up to 3 rows):")
            print(strongest[cols_show].to_string(index=False))



================================================================================
2026-05-17 10:39:37,683 - INFO
================================================================================
RESPONSE/OUTPUT: step_execution_success_2_4

STEP 4 RAN SUCCESSFULLY - Analysis 2


================================================================================
2026-05-17 10:40:06,747 - INFO
================================================================================
RESPONSE/OUTPUT: results_interpretation_2_4

These results strongly support the first part of your hypothesis—there is a robust, systematic association between vCM maturation and local neighborhood composition that is not trivially explained by UMI count and only partially overlaps with Purity. They also give you a clear roadmap for what to focus on in the spatial-autocorrelation step.

Key points and how they should inform the next steps:

1. **Maturation–neighborhood associations are strong, but directionally heterogeneous.**  
   - For every metric, *all* tested subtype × sample combinations (24/24) are significant at FDR < 0.1, often with extremely low p-values.  
   - The **signs vary by subtype** and even within the same sample:
     - `frac_vFibro_nbrs`: mostly *positive* associations (e.g., vCM-LV-AV β ≈ +6.17, ρ ≈ 0.52; vCM-Trabecular and Proliferating also positive), suggesting higher maturation in more fibroblast-rich neighborhoods in many contexts.
     - `frac_vEndocardial_nbrs` and `frac_endothelial_nbrs`: show both positive and negative effects depending on subtype; e.g.:
       - His–Purkinje: strong positive with endocardial (`ρ ≈ 0.58`) and endothelial (`ρ ≈ 0.48`) neighbors.
       - LV-Compact, LV-/RV-Trabecular, Proliferating: often negative with endocardial and/or endothelial.
     - `frac_nonCM_nbrs` and `frac_perivascular_nbrs`: also show a mix of positive and negative β’s across subtypes.
   - This heterogeneity is biologically interesting: it hints that there is **no single “universal” microenvironment associated with maturation**, but rather subtype- and region-specific microenvironments.

   **Next-step implication:**  
   In the spatial-Moran’s I step, stratify *at least* by these biologically distinct subtypes (His–Purkinje, LV-Compact, LV-/RV-Trabecular, LV-AV, Proliferating). You should not pool all vCMs; the sign differences suggest distinct spatial patterns that would be blurred by pooling.

2. **Technical coupling is present but not dominant and differs by metric.**  
   - Median Spearman ρ(Purity, metric) across tests:
     - `frac_endothelial_nbrs`: **−0.231** (strongest median technical coupling).
     - `frac_vFibro_nbrs`: −0.180
     - `frac_nonCM_nbrs`: −0.144
     - `frac_vEndocardial_nbrs`: −0.145
     - `frac_perivascular_nbrs`: −0.041 (weakest median coupling).
   - log10(UMI) vs metrics shows **much weaker coupling overall** (median |ρ| ≈ 0.02–0.06).
   - Some combinations have very strong purity–metric relationships (e.g., ρ ≈ 0.60–0.66 for endothelial fractions in particular subtypes), while others are more modest.

   Given that your regression explicitly adjusts for Purity and log10(UMI), the remaining significant β’s for the neighborhood metrics likely represent **residual biological signal**, but you should be particularly cautious with:
   - Subtype × sample combinations where |ρ(Purity, metric)| is extremely high.
   - Metrics with systematic negative relationships with Purity (e.g., endothelial fractions), because low-purity regions might correlate with particular spatial zones or tissue-depth effects.

   **Next-step implication:**  
   - In the spatial-autocorrelation analysis, consider running **sensitivity analyses**:
     - Option A: Moran’s I on **raw** `vCM_maturation_score_z` and on **Purity-/UMI-residualized** maturation (e.g., residuals from a regression of maturation ~ Purity + log10(UMI)).  
     - Option B: Similarly, compute Moran’s I for **residualized neighborhood metrics** (metric ~ Purity + log10(UMI)) to ensure spatial structure isn’t purely a readout of spatial purity gradients.
   - For metrics like `frac_endothelial_nbrs` with especially strong Purity coupling in certain subtypes, interpret overlapping spatial autocorrelation with maturation more cautiously.

3. **Biologically promising microenvironment patterns to prioritize.**  
   Several striking, subtype-specific patterns are worth explicitly following up in the spatial step:

   - **His–Purkinje vCMs (R77_4C4 example):**
     - Strong positive associations with:
       - non-CM neighbors (ρ ≈ 0.36, β ≈ 0.67),
       - fibroblasts (ρ ≈ 0.44, β ≈ 2.98),
       - endocardial neighbors (ρ ≈ 0.58, β ≈ 1.72),
       - endothelial neighbors (ρ ≈ 0.48, β ≈ 1.63),
     - Negative with perivascular neighbors (ρ ≈ −0.11, β ≈ −7.06).
     - This suggests a **distinct spatial niche where more mature conduction-system vCMs reside in endocardial-/endothelial-/fibroblast-rich but perivascular-poor regions**.

     **Spatial follow-up:**  
     - For His–Purkinje cells in each sample:
       - Map maturation score, endocardial fraction, and endothelial fraction in space (point plots / smoothed fields).
       - Compute Moran’s I for maturation and for `frac_vEndocardial_nbrs` / `frac_endothelial_nbrs`; test whether both show strong spatial autocorrelation and whether they co-localize (e.g., by spatial cross-correlation or co-visualization).

   - **LV-AV vCMs (R77_4C4 example):**
     - Maturation vs non-CM fraction: negative (ρ ≈ −0.21, β ≈ −1.36).
     - Maturation vs fibroblast fraction: strongly positive (ρ ≈ 0.52, β ≈ 6.17).
     - Maturation vs endocardial: weakly negative.
     - Maturation vs endothelial: positive (ρ ≈ 0.28, β ≈ 0.83).
     - Maturation vs perivascular: positive (ρ ≈ 0.31, β ≈ 6.21).

     This suggests a **specialized fibroblast- and endothelial-/perivascular-enriched niche for more mature AV vCMs**, distinct from other vCMs.

     **Spatial follow-up:**  
     - Within each sample’s LV-AV vCMs, examine spatial distributions of maturation, fibroblast, and perivascular fractions.
     - Compute Moran’s I for maturation, `frac_vFibro_nbrs`, and `frac_perivascular_nbrs`; look for matching degrees and scales of spatial autocorrelation.

   - **LV-Compact, LV-/RV-Trabecular, and Proliferating vCMs:**
     - Often show **positive relationship with fibroblasts** and **negative relationship with endocardial/endothelial neighbors** (e.g., Proliferating: ρ ≈ 0.11 with vFibro, ρ ≈ −0.37 with vEndocardial, ρ ≈ −0.36 with endothelial).
     - This may reflect **maturation trajectories where cells transition away from endocardial/endothelial-associated “immature” zones into fibroblast-rich regions**.

     **Spatial follow-up:**  
     - For each of these subtypes, visualize gradients of maturation vs distance from endocardial-rich regions, or at least co-visualize maturation with endocardial and fibroblast neighborhood metrics.
     - Moran’s I for maturation vs endocardial / endothelial fractions may reveal **opposite-sign gradients** along similar spatial axes.

4. **Interpretation of association magnitudes and correlations.**  
   - Many Spearman rhos are moderate (0.2–0.5) rather than extreme, but with very small p-values due to large n.  
   - Linear β’s are sometimes large in absolute value (e.g., β ≈ 6 for fibroblasts), reflecting that they’re not standardized; direct comparisons across metrics by β magnitude alone are not ideal.
   - You’ve already included Purity and UMI as covariates, which is appropriate and aligns with the hypothesis.

   **Next-step implication:**  
   When summarizing relationships per subtype/sample, emphasize:
   - Sign (direction) and relative magnitude of **rank-based** association (Spearman ρ),
   - Concordance between Spearman (unadjusted) direction and OLS β (adjusted),
   - Whether the neighborhood metric is strongly coupled to Purity/UMI.

5. **Design of the Moran’s I step to directly address the hypothesis.**  
   To tightly link these results to your spatial autocorrelation hypothesis:

   - For each **Sample_ID**:
     - Restrict to vCMs, but also stratify by major subtype where n is sufficient (e.g., n ≥ 100).
     - Build a spatial kNN graph (e.g., k=10–20) on `obsm["spatial"]`.
   - For each (Sample_ID, subtype):
     - Compute permutation-based Moran’s I for:
       - `vCM_maturation_score_z` (and optionally its Purity-/UMI-residuals).
       - `frac_nonCM_nbrs`, `frac_vFibro_nbrs`, and `frac_endothelial_nbrs` (and optionally residualized against Purity/UMI).
     - Record I, p-values, and the sign of spatial autocorrelation.
   - Then, **compare**, per subtype and sample:
     - Whether maturation is spatially autocorrelated at all.
     - Whether neighborhood metrics are spatially autocorrelated to a similar extent.
     - Whether **subtypes with strong maturation–neighborhood β’s also show strong, parallel Moran’s I** patterns for those same metrics.

   This will let you say, for example:
   - “In LV-AV vCMs of sample R77_4C4, maturation is positively associated with fibroblast fraction (ρ ≈ 0.52, β > 0) after adjusting for Purity/UMI, and both maturation and fibroblast fraction show strong positive Moran’s I, indicating a shared spatial gradient.”
   - Or conversely, identify subtypes where associations are strong but spatial autocorrelation is weak, suggesting **local mixing rather than large-scale gradients.**

6. **How these results relate to your hypothesis so far.**  
   - **“Within vCMs, maturation is systematically associated with local neighborhood composition beyond Purity/UMI”**:  
     Supported. Every tested subtype × sample combination shows significant associations with neighborhood metrics, and median technical couplings to Purity/logUMI are modest. Adjusted β’s remain highly significant.
   - **“Maturation scores exhibit significant spatial autocorrelation that parallels spatial structure in neighborhood metrics”**:  
     Not tested yet, but the strong per-cell associations make it plausible. The spatial step will be critical: if you see consistent, parallel Moran’s I for maturation and key metrics (fibroblasts, endothelial, non-myocyte) in the same subtype × sample contexts where you see strong β’s, that will strongly validate this second part.

In summary, the current step has yielded a rich set of biologically interpretable, subtype-specific associations that clearly satisfy the “beyond Purity/UMI” component of your hypothesis and provide well-defined targets (fibroblast, endothelial, endocardial, non-CM fractions) and subtypes (His–Purkinje, LV-AV, compact/trabecular, proliferating) to prioritize in the upcoming spatial-Moran’s I analysis.


================================================================================
2026-05-17 10:40:31,308 - INFO
================================================================================
RESPONSE/OUTPUT: initial_analysis_2_4

NEXT STEP PLAN - Analysis 2, Step 5: Within each Sample_ID and, where cell numbers permit, within major ventricular cardiomyocyte (vCM) subtypes, construct a spatial k-nearest-neighbor (kNN) graph on obsm['spatial'] restricted to vCMs, compute a Moran’s I–like spatial autocorrelation statistic with permutation-based p-values for vCM_maturation_score_z and key neighborhood metrics (frac_nonCM_nbrs, frac_vFibro_nbrs, frac_endothelial_nbrs, optionally frac_vEndocardial_nbrs), store all results in adata.uns, and summarize which subtype–sample combinations show significant spatial structure for maturation and for each neighborhood feature.

Code:
```python
import numpy as np
import pandas as pd
from scipy.spatial import cKDTree
from scipy import stats

# Ensure required fields are present
required_obs = [
    'vCM_maturation_score_z', 'Populations', 'Sample_ID',
    'frac_nonCM_nbrs', 'frac_vFibro_nbrs', 'frac_endothelial_nbrs', 'frac_vEndocardial_nbrs'
]
missing = [c for c in required_obs if c not in adata.obs.columns]
if missing:
    raise ValueError(f"Missing required columns in adata.obs: {missing}")

if 'spatial' not in adata.obsm_keys():
    raise ValueError("adata.obsm['spatial'] is missing; cannot compute spatial autocorrelation.")

# Identify ventricular cardiomyocytes
pops = adata.obs['Populations'].astype(str)
vcm_mask = pops.str.contains('vCM', case=False, na=False)
if not vcm_mask.any():
    raise ValueError("No ventricular cardiomyocytes (Populations containing 'vCM') found.")

coords = adata.obsm['spatial']

# Metrics to analyze for spatial autocorrelation (in addition to maturation)
spatial_metrics = [
    'vCM_maturation_score_z',
    'frac_nonCM_nbrs',
    'frac_vFibro_nbrs',
    'frac_endothelial_nbrs',
    'frac_vEndocardial_nbrs'
]

# Parameters for spatial weights and permutation testing
k = 15  # spatial neighbors among vCMs
n_perm = 500  # permutations for p-value estimation
min_cells = 100  # minimum vCMs per sample/subtype to analyze

print(f"Computing Moran's I for k={k} spatial neighbors among vCMs with n_perm={n_perm} permutations.")

# Container for results
records = []

# Helper: compute Moran's I given values and neighbor index matrix
def morans_I(values, neighbor_idx):
    """Compute Moran's I for a 1D array of values given kNN neighbor indices.
    values: (n,) array, neighbor_idx: (n, k) local neighbor indices (0..n-1)."""
    x = values.astype(float)
    mask = np.isfinite(x)
    if mask.sum() < 3:
        return np.nan
    x = x.copy()
    m = x[mask].mean()
    # Centered values; for non-finite entries, set to 0 so they don't contribute
    xc = x - m
    xc[~mask] = 0.0
    n = len(x)
    # Build weights: binary, row-standardized implicitly via denominator
    # Sum over i,j in neighbor lists
    num = 0.0
    W = 0.0
    for i in range(n):
        if not np.isfinite(x[i]):
            continue
        nbrs = neighbor_idx[i]
        for j in nbrs:
            if 0 <= j < n and np.isfinite(x[j]):
                num += xc[i] * xc[j]
                W += 1.0
    if W == 0:
        return np.nan
    den = np.sum(xc[mask] ** 2)
    if den == 0:
        return np.nan
    I = (n / W) * (num / den)
    return I

# Iterate by Sample_ID, and optionally by vCM subtype within sample
for sid, df_sample_idx in adata.obs.loc[vcm_mask].groupby('Sample_ID').groups.items():
    # df_sample_idx is an Index of cell IDs; convert to integer positions in adata
    sample_mask = np.zeros(adata.n_obs, dtype=bool)
    sample_mask[df_sample_idx] = True
    vcm_sample_mask = sample_mask & vcm_mask.values
    idx_sample_vcm = np.where(vcm_sample_mask)[0]
    n_vcm_sample = idx_sample_vcm.size
    if n_vcm_sample < min_cells:
        print(f"Sample {sid}: only {n_vcm_sample} vCMs (min_cells={min_cells}), skipping.")
        continue

    print(f"Sample {sid}: {n_vcm_sample} vCMs considered for spatial autocorrelation.")

    # Coordinates and metadata for vCMs in this sample
    coords_sample = coords[idx_sample_vcm, :]
    pops_sample = pops.iloc[idx_sample_vcm].values

    # Build kNN graph among vCMs in this sample
    if n_vcm_sample <= k:
        k_eff = max(1, n_vcm_sample - 1)
    else:
        k_eff = k
    tree = cKDTree(coords_sample)
    dists, idxs = tree.query(coords_sample, k=k_eff + 1)
    if k_eff == 1:
        idxs = idxs[:, None]
    neighbor_idx_local = idxs[:, 1:]  # drop self

    # Define groups: whole vCM set plus individual subtypes with enough cells
    group_masks = {"all_vCM": np.ones(n_vcm_sample, dtype=bool)}
    for subtype in np.unique(pops_sample):
        gmask = (pops_sample == subtype)
        if gmask.sum() >= min_cells:
            group_masks[f"Subtype:{subtype}"] = gmask

    for group_name, gmask in group_masks.items():
        idx_group = np.where(gmask)[0]
        n_group = idx_group.size
        if n_group < min_cells:
            continue

        # Restrict neighbor indices to within-group neighbors by remapping indices
        # First, map global-sample indices (0..n_vcm_sample-1) to group-local or -1
        map_to_group = -1 * np.ones(n_vcm_sample, dtype=int)
        map_to_group[idx_group] = np.arange(n_group)

        # Build neighbor index matrix for the group only (using up to k_eff neighbors)
        neighbor_idx_group = np.zeros((n_group, k_eff), dtype=int)
        for ii, gi in enumerate(idx_group):
            nbrs = neighbor_idx_local[gi]
            # Map to group-local indices, filter out neighbors not in group
            mapped = map_to_group[nbrs]
            valid = mapped >= 0
            mapped_valid = mapped[valid]
            # If fewer than k_eff neighbors in group, pad by repeating existing ones
            if mapped_valid.size == 0:
                # fall back: use self as neighbors (degenerate, I will be NaN later)
                neighbor_idx_group[ii, :] = ii
            elif mapped_valid.size < k_eff:
                reps = np.resize(mapped_valid, k_eff)
                neighbor_idx_group[ii, :] = reps
            else:
                neighbor_idx_group[ii, :] = mapped_valid[:k_eff]

        # Extract group values for all metrics
        df_group = adata.obs.iloc[idx_sample_vcm[idx_group]][spatial_metrics].copy()

        for metric in spatial_metrics:
            vals = df_group[metric].astype(float).values
            if np.all(~np.isfinite(vals)):
                continue
            # Skip nearly constant metrics within the group
            if np.nanstd(vals) < 1e-6:
                continue

            I_obs = morans_I(vals, neighbor_idx_group)

            # Permutation test: shuffle values among group cells
            perm_I = np.zeros(n_perm, dtype=float)
            for b in range(n_perm):
                perm_vals = np.random.permutation(vals)
                perm_I[b] = morans_I(perm_vals, neighbor_idx_group)

            # Two-sided empirical p-value
            if not np.isfinite(I_obs):
                p_emp = np.nan
            else:
                more_extreme = np.sum(np.abs(perm_I) >= np.abs(I_obs))
                p_emp = (more_extreme + 1.0) / (n_perm + 1.0)

            records.append({
                'Sample_ID': sid,
                'Group': group_name,
                'n_cells': n_group,
                'metric': metric,
                'Morans_I': I_obs,
                'p_empirical': p_emp
            })

# Assemble results table
if len(records) == 0:
    print("No Moran's I statistics were computed (likely due to low vCM counts per sample/subtype).")
    moran_df = pd.DataFrame(columns=['Sample_ID', 'Group', 'n_cells', 'metric', 'Morans_I', 'p_empirical'])
else:
    moran_df = pd.DataFrame.from_records(records)

# Benjamini–Hochberg FDR across all Moran's I tests
if not moran_df.empty:
    pvals = moran_df['p_empirical'].values.astype(float)
    valid = np.isfinite(pvals)
    m_tests = valid.sum()
    if m_tests > 0:
        order = np.argsort(pvals[valid])
        ranks = np.empty_like(order)
        ranks[order] = np.arange(1, m_tests + 1)
        fdr = np.full_like(pvals, np.nan, dtype=float)
        fdr_vals = pvals[valid] * m_tests / ranks
        fdr_vals = np.minimum(fdr_vals, 1.0)
        # Enforce monotone non-increasing q-values
        fdr_vals_sorted = np.minimum.accumulate(fdr_vals[::-1])[::-1]
        fdr[valid] = fdr_vals_sorted
        moran_df['FDR'] = fdr
    else:
        moran_df['FDR'] = np.nan

    # Store in adata.uns for downstream synthesis
    if 'uns' not in dir(adata):
        raise AttributeError("adata does not have an .uns attribute to store Moran's I results.")
    adata.uns['vcm_maturation_spatial_moran'] = moran_df

    # Print concise textual summary
    print("\n=== Moran's I spatial autocorrelation for vCM maturation and neighborhood metrics ===")
    for metric in spatial_metrics:
        sub = moran_df[moran_df['metric'] == metric]
        if sub.empty:
            continue
        sig = sub[sub['FDR'] < 0.1]
        print(f"\nMetric: {metric}")
        print(f"  Total tests: {sub.shape[0]}, FDR<0.1: {sig.shape[0]}")
        if not sig.empty:
            print("  Example significant results (up to 5 rows):")
            cols_show = ['Sample_ID', 'Group', 'n_cells', 'Morans_I', 'p_empirical', 'FDR']
            print(sig.sort_values('FDR').head(5)[cols_show].to_string(index=False))
else:
    print("No Moran's I results table to summarize.")

```


================================================================================
2026-05-17 10:41:16,042 - INFO
================================================================================
RESPONSE/OUTPUT: self_critique_2_4

APPLIED SELF-CRITIQUE - Analysis 2, Step 5


================================================================================
2026-05-17 10:41:16,043 - INFO
================================================================================
RESPONSE/OUTPUT: revised_analysis_2_4

Revised Hypothesis: Within ventricular cardiomyocytes, the continuous maturation score vCM_maturation_score_z shows significant spatial autocorrelation on the tissue and, in subtypes and samples where maturation is strongly linked to specific neighborhood fractions (especially fibroblast, endothelial, endocardial, and overall non-myocyte content), the spatial autocorrelation of maturation parallels that of the corresponding neighborhood metrics, indicating coherent maturation–microenvironment spatial niches beyond technical purity/UMI effects.

Revised Analysis Plan:
1. Within each Sample_ID and, where cell numbers permit, within major ventricular cardiomyocyte (vCM) subtypes, construct a spatial k-nearest-neighbor (kNN) graph on obsm['spatial'] restricted to vCMs, compute a Moran’s I–like spatial autocorrelation statistic with permutation-based p-values for vCM_maturation_score_z and key neighborhood metrics (frac_nonCM_nbrs, frac_vFibro_nbrs, frac_endothelial_nbrs, optionally frac_vEndocardial_nbrs), store all results in adata.uns, and summarize which subtype–sample combinations show significant spatial structure for maturation and for each neighborhood feature.
2. Compare, per Sample_ID and vCM subtype, the strength and direction of spatial autocorrelation (Moran’s I and p-values) between maturation and neighborhood metrics, and synthesize a text-only summary that highlights (i) subtypes where maturation and a specific microenvironmental fraction are both significantly and similarly spatially autocorrelated, consistent with shared spatial gradients, versus (ii) subtypes where maturation is spatially structured but neighborhood metrics are not (or vice versa), thereby evaluating whether spatial maturation gradients are systematically aligned with spatial microenvironmental organization beyond technical covariates.

Revised Code:
import numpy as np
import pandas as pd
from scipy.spatial import cKDTree
from scipy import stats

# Ensure required fields are present
required_obs = [
    'vCM_maturation_score_z', 'Populations', 'Sample_ID',
    'frac_nonCM_nbrs', 'frac_vFibro_nbrs', 'frac_endothelial_nbrs', 'frac_vEndocardial_nbrs'
]
missing = [c for c in required_obs if c not in adata.obs.columns]
if missing:
    raise ValueError(f"Missing required columns in adata.obs: {missing}")

if 'spatial' not in adata.obsm_keys():
    raise ValueError("adata.obsm['spatial'] is missing; cannot compute spatial autocorrelation.")

# Identify ventricular cardiomyocytes
pops = adata.obs['Populations'].astype(str)
vcm_mask = pops.str.contains('vCM', case=False, na=False)
if not vcm_mask.any():
    raise ValueError("No ventricular cardiomyocytes (Populations containing 'vCM') found.")

coords = adata.obsm['spatial']

# Metrics to analyze for spatial autocorrelation (in addition to maturation)
spatial_metrics = [
    'vCM_maturation_score_z',
    'frac_nonCM_nbrs',
    'frac_vFibro_nbrs',
    'frac_endothelial_nbrs',
    'frac_vEndocardial_nbrs'
]

# Parameters for spatial weights and permutation testing
k = 15  # spatial neighbors among vCMs
n_perm = 500  # permutations for p-value estimation
min_cells = 100  # minimum vCMs per sample/subtype to analyze

print(f"Computing Moran's I for k={k} spatial neighbors among vCMs with n_perm={n_perm} permutations.")

# Container for results
records = []

# Helper: compute Moran's I given values and neighbor index matrix
def morans_I(values, neighbor_idx):
    """Compute Moran's I for a 1D array of values given kNN neighbor indices.
    values: (n,) array, neighbor_idx: (n, k) local neighbor indices (0..n-1)."""
    x = values.astype(float)
    mask = np.isfinite(x)
    if mask.sum() < 3:
        return np.nan
    x = x.copy()
    m = x[mask].mean()
    # Centered values; for non-finite entries, set to 0 so they don't contribute
    xc = x - m
    xc[~mask] = 0.0
    n = len(x)
    # Build weights: binary, row-standardized implicitly via denominator
    # Sum over i,j in neighbor lists
    num = 0.0
    W = 0.0
    for i in range(n):
        if not np.isfinite(x[i]):
            continue
        nbrs = neighbor_idx[i]
        for j in nbrs:
            if 0 <= j < n and np.isfinite(x[j]):
                num += xc[i] * xc[j]
                W += 1.0
    if W == 0:
        return np.nan
    den = np.sum(xc[mask] ** 2)
    if den == 0:
        return np.nan
    I = (n / W) * (num / den)
    return I

# Iterate by Sample_ID, and optionally by vCM subtype within sample
for sid, df_sample_idx in adata.obs.loc[vcm_mask].groupby('Sample_ID').groups.items():
    # df_sample_idx is an Index of cell IDs; convert directly to integer positions
    idx_sample_vcm = df_sample_idx.to_numpy()
    n_vcm_sample = idx_sample_vcm.size
    if n_vcm_sample < min_cells:
        print(f"Sample {sid}: only {n_vcm_sample} vCMs (min_cells={min_cells}), skipping.")
        continue

    print(f"Sample {sid}: {n_vcm_sample} vCMs considered for spatial autocorrelation.")

    # Coordinates and metadata for vCMs in this sample
    coords_sample = coords[idx_sample_vcm, :]
    pops_sample = pops.iloc[idx_sample_vcm].values

    # Build kNN graph among vCMs in this sample
    if n_vcm_sample <= k:
        k_eff = max(1, n_vcm_sample - 1)
    else:
        k_eff = k
    tree = cKDTree(coords_sample)
    dists, idxs = tree.query(coords_sample, k=k_eff + 1)
    if k_eff == 1:
        idxs = idxs[:, None]
    neighbor_idx_local = idxs[:, 1:]  # drop self

    # Define groups: whole vCM set plus individual subtypes with enough cells
    group_masks = {"all_vCM": np.ones(n_vcm_sample, dtype=bool)}
    for subtype in np.unique(pops_sample):
        gmask = (pops_sample == subtype)
        if gmask.sum() >= min_cells:
            group_masks[f"Subtype:{subtype}"] = gmask

    for group_name, gmask in group_masks.items():
        idx_group = np.where(gmask)[0]
        n_group = idx_group.size
        if n_group < min_cells:
            continue

        # Restrict neighbor indices to within-group neighbors by remapping indices
        map_to_group = -1 * np.ones(n_vcm_sample, dtype=int)
        map_to_group[idx_group] = np.arange(n_group)

        # Build neighbor index matrix for the group only (using up to k_eff neighbors)
        neighbor_idx_group = np.zeros((n_group, k_eff), dtype=int)
        for ii, gi in enumerate(idx_group):
            nbrs = neighbor_idx_local[gi]
            # Map to group-local indices, filter out neighbors not in group
            mapped = map_to_group[nbrs]
            valid = mapped >= 0
            mapped_valid = mapped[valid]
            if mapped_valid.size == 0:
                neighbor_idx_group[ii, :] = ii
            elif mapped_valid.size < k_eff:
                reps = np.resize(mapped_valid, k_eff)
                neighbor_idx_group[ii, :] = reps
            else:
                neighbor_idx_group[ii, :] = mapped_valid[:k_eff]

        # Extract group values for all metrics
        df_group = adata.obs.iloc[idx_sample_vcm[idx_group]][spatial_metrics].copy()

        for metric in spatial_metrics:
            vals = df_group[metric].astype(float).values
            if np.all(~np.isfinite(vals)):
                continue
            if np.nanstd(vals) < 1e-6:
                continue

            I_obs = morans_I(vals, neighbor_idx_group)

            # Permutation test: shuffle values among group cells
            perm_I = np.zeros(n_perm, dtype=float)
            for b in range(n_perm):
                perm_vals = np.random.permutation(vals)
                perm_I[b] = morans_I(perm_vals, neighbor_idx_group)

            # Two-sided empirical p-value
            if not np.isfinite(I_obs):
                p_emp = np.nan
            else:
                more_extreme = np.sum(np.abs(perm_I) >= np.abs(I_obs))
                p_emp = (more_extreme + 1.0) / (n_perm + 1.0)

            records.append({
                'Sample_ID': sid,
                'Group': group_name,
                'n_cells': n_group,
                'metric': metric,
                'Morans_I': I_obs,
                'p_empirical': p_emp
            })

# Assemble results table
if len(records) == 0:
    print("No Moran's I statistics were computed (likely due to low vCM counts per sample/subtype).")
    moran_df = pd.DataFrame(columns=['Sample_ID', 'Group', 'n_cells', 'metric', 'Morans_I', 'p_empirical'])
else:
    moran_df = pd.DataFrame.from_records(records)

# Benjamini–Hochberg FDR across all Moran's I tests
if not moran_df.empty:
    pvals = moran_df['p_empirical'].values.astype(float)
    valid = np.isfinite(pvals)
    m_tests = valid.sum()
    if m_tests > 0:
        # Standard BH: work in the sorted p-value space
        pvals_valid = pvals[valid]
        order = np.argsort(pvals_valid)
        p_sorted = pvals_valid[order]
        ranks = np.arange(1, m_tests + 1)
        q_sorted = p_sorted * m_tests / ranks
        q_sorted = np.minimum(q_sorted, 1.0)
        # Enforce monotone non-increasing q-values when moving from largest to smallest p
        q_monotone = np.minimum.accumulate(q_sorted[::-1])[::-1]
        # Map back to the original valid indices
        fdr = np.full_like(pvals, np.nan, dtype=float)
        fdr_valid = np.empty_like(pvals_valid)
        fdr_valid[order] = q_monotone
        fdr[valid] = fdr_valid
        moran_df['FDR'] = fdr
    else:
        moran_df['FDR'] = np.nan

    # Store in adata.uns for downstream synthesis
    adata.uns['vcm_maturation_spatial_moran'] = moran_df

    # Print concise textual summary
    print("\n=== Moran's I spatial autocorrelation for vCM maturation and neighborhood metrics ===")
    for metric in spatial_metrics:
        sub = moran_df[moran_df['metric'] == metric]
        if sub.empty:
            continue
        sig = sub[sub['FDR'] < 0.1]
        print(f"\nMetric: {metric}")
        print(f"  Total tests: {sub.shape[0]}, FDR<0.1: {sig.shape[0]}")
        if not sig.empty:
            print("  Example significant results (up to 5 rows):")
            cols_show = ['Sample_ID', 'Group', 'n_cells', 'Morans_I', 'p_empirical', 'FDR']
            print(sig.sort_values('FDR').head(5)[cols_show].to_string(index=False))
else:
    print("No Moran's I results table to summarize.")


================================================================================
2026-05-17 10:41:16,608 - INFO
================================================================================
RESPONSE/OUTPUT: step_execution_failed_2_5

STEP 5 FAILED - Analysis 2

Code:
```python
import numpy as np
import pandas as pd
from scipy.spatial import cKDTree
from scipy import stats

# Ensure required fields are present
required_obs = [
    'vCM_maturation_score_z', 'Populations', 'Sample_ID',
    'frac_nonCM_nbrs', 'frac_vFibro_nbrs', 'frac_endothelial_nbrs', 'frac_vEndocardial_nbrs'
]
missing = [c for c in required_obs if c not in adata.obs.columns]
if missing:
    raise ValueError(f"Missing required columns in adata.obs: {missing}")

if 'spatial' not in adata.obsm_keys():
    raise ValueError("adata.obsm['spatial'] is missing; cannot compute spatial autocorrelation.")

# Identify ventricular cardiomyocytes
pops = adata.obs['Populations'].astype(str)
vcm_mask = pops.str.contains('vCM', case=False, na=False)
if not vcm_mask.any():
    raise ValueError("No ventricular cardiomyocytes (Populations containing 'vCM') found.")

coords = adata.obsm['spatial']

# Metrics to analyze for spatial autocorrelation (in addition to maturation)
spatial_metrics = [
    'vCM_maturation_score_z',
    'frac_nonCM_nbrs',
    'frac_vFibro_nbrs',
    'frac_endothelial_nbrs',
    'frac_vEndocardial_nbrs'
]

# Parameters for spatial weights and permutation testing
k = 15  # spatial neighbors among vCMs
n_perm = 500  # permutations for p-value estimation
min_cells = 100  # minimum vCMs per sample/subtype to analyze

print(f"Computing Moran's I for k={k} spatial neighbors among vCMs with n_perm={n_perm} permutations.")

# Container for results
records = []

# Helper: compute Moran's I given values and neighbor index matrix
def morans_I(values, neighbor_idx):
    """Compute Moran's I for a 1D array of values given kNN neighbor indices.
    values: (n,) array, neighbor_idx: (n, k) local neighbor indices (0..n-1)."""
    x = values.astype(float)
    mask = np.isfinite(x)
    if mask.sum() < 3:
        return np.nan
    x = x.copy()
    m = x[mask].mean()
    # Centered values; for non-finite entries, set to 0 so they don't contribute
    xc = x - m
    xc[~mask] = 0.0
    n = len(x)
    # Build weights: binary, row-standardized implicitly via denominator
    # Sum over i,j in neighbor lists
    num = 0.0
    W = 0.0
    for i in range(n):
        if not np.isfinite(x[i]):
            continue
        nbrs = neighbor_idx[i]
        for j in nbrs:
            if 0 <= j < n and np.isfinite(x[j]):
                num += xc[i] * xc[j]
                W += 1.0
    if W == 0:
        return np.nan
    den = np.sum(xc[mask] ** 2)
    if den == 0:
        return np.nan
    I = (n / W) * (num / den)
    return I

# Iterate by Sample_ID, and optionally by vCM subtype within sample
for sid, df_sample_idx in adata.obs.loc[vcm_mask].groupby('Sample_ID').groups.items():
    # df_sample_idx is an Index of cell IDs; convert directly to integer positions
    idx_sample_vcm = df_sample_idx.to_numpy()
    n_vcm_sample = idx_sample_vcm.size
    if n_vcm_sample < min_cells:
        print(f"Sample {sid}: only {n_vcm_sample} vCMs (min_cells={min_cells}), skipping.")
        continue

    print(f"Sample {sid}: {n_vcm_sample} vCMs considered for spatial autocorrelation.")

    # Coordinates and metadata for vCMs in this sample
    coords_sample = coords[idx_sample_vcm, :]
    pops_sample = pops.iloc[idx_sample_vcm].values

    # Build kNN graph among vCMs in this sample
    if n_vcm_sample <= k:
        k_eff = max(1, n_vcm_sample - 1)
    else:
        k_eff = k
    tree = cKDTree(coords_sample)
    dists, idxs = tree.query(coords_sample, k=k_eff + 1)
    if k_eff == 1:
        idxs = idxs[:, None]
    neighbor_idx_local = idxs[:, 1:]  # drop self

    # Define groups: whole vCM set plus individual subtypes with enough cells
    group_masks = {"all_vCM": np.ones(n_vcm_sample, dtype=bool)}
    for subtype in np.unique(pops_sample):
        gmask = (pops_sample == subtype)
        if gmask.sum() >= min_cells:
            group_masks[f"Subtype:{subtype}"] = gmask

    for group_name, gmask in group_masks.items():
        idx_group = np.where(gmask)[0]
        n_group = idx_group.size
        if n_group < min_cells:
            continue

        # Restrict neighbor indices to within-group neighbors by remapping indices
        map_to_group = -1 * np.ones(n_vcm_sample, dtype=int)
        map_to_group[idx_group] = np.arange(n_group)

        # Build neighbor index matrix for the group only (using up to k_eff neighbors)
        neighbor_idx_group = np.zeros((n_group, k_eff), dtype=int)
        for ii, gi in enumerate(idx_group):
            nbrs = neighbor_idx_local[gi]
            # Map to group-local indices, filter out neighbors not in group
            mapped = map_to_group[nbrs]
            valid = mapped >= 0
            mapped_valid = mapped[valid]
            if mapped_valid.size == 0:
                neighbor_idx_group[ii, :] = ii
            elif mapped_valid.size < k_eff:
                reps = np.resize(mapped_valid, k_eff)
                neighbor_idx_group[ii, :] = reps
            else:
                neighbor_idx_group[ii, :] = mapped_valid[:k_eff]

        # Extract group values for all metrics
        df_group = adata.obs.iloc[idx_sample_vcm[idx_group]][spatial_metrics].copy()

        for metric in spatial_metrics:
            vals = df_group[metric].astype(float).values
            if np.all(~np.isfinite(vals)):
                continue
            if np.nanstd(vals) < 1e-6:
                continue

            I_obs = morans_I(vals, neighbor_idx_group)

            # Permutation test: shuffle values among group cells
            perm_I = np.zeros(n_perm, dtype=float)
            for b in range(n_perm):
                perm_vals = np.random.permutation(vals)
                perm_I[b] = morans_I(perm_vals, neighbor_idx_group)

            # Two-sided empirical p-value
            if not np.isfinite(I_obs):
                p_emp = np.nan
            else:
                more_extreme = np.sum(np.abs(perm_I) >= np.abs(I_obs))
                p_emp = (more_extreme + 1.0) / (n_perm + 1.0)

            records.append({
                'Sample_ID': sid,
                'Group': group_name,
                'n_cells': n_group,
                'metric': metric,
                'Morans_I': I_obs,
                'p_empirical': p_emp
            })

# Assemble results table
if len(records) == 0:
    print("No Moran's I statistics were computed (likely due to low vCM counts per sample/subtype).")
    moran_df = pd.DataFrame(columns=['Sample_ID', 'Group', 'n_cells', 'metric', 'Morans_I', 'p_empirical'])
else:
    moran_df = pd.DataFrame.from_records(records)

# Benjamini–Hochberg FDR across all Moran's I tests
if not moran_df.empty:
    pvals = moran_df['p_empirical'].values.astype(float)
    valid = np.isfinite(pvals)
    m_tests = valid.sum()
    if m_tests > 0:
        # Standard BH: work in the sorted p-value space
        pvals_valid = pvals[valid]
        order = np.argsort(pvals_valid)
        p_sorted = pvals_valid[order]
        ranks = np.arange(1, m_tests + 1)
        q_sorted = p_sorted * m_tests / ranks
        q_sorted = np.minimum(q_sorted, 1.0)
        # Enforce monotone non-increasing q-values when moving from largest to smallest p
        q_monotone = np.minimum.accumulate(q_sorted[::-1])[::-1]
        # Map back to the original valid indices
        fdr = np.full_like(pvals, np.nan, dtype=float)
        fdr_valid = np.empty_like(pvals_valid)
        fdr_valid[order] = q_monotone
        fdr[valid] = fdr_valid
        moran_df['FDR'] = fdr
    else:
        moran_df['FDR'] = np.nan

    # Store in adata.uns for downstream synthesis
    adata.uns['vcm_maturation_spatial_moran'] = moran_df

    # Print concise textual summary
    print("\n=== Moran's I spatial autocorrelation for vCM maturation and neighborhood metrics ===")
    for metric in spatial_metrics:
        sub = moran_df[moran_df['metric'] == metric]
        if sub.empty:
            continue
        sig = sub[sub['FDR'] < 0.1]
        print(f"\nMetric: {metric}")
        print(f"  Total tests: {sub.shape[0]}, FDR<0.1: {sig.shape[0]}")
        if not sig.empty:
            print("  Example significant results (up to 5 rows):")
            cols_show = ['Sample_ID', 'Group', 'n_cells', 'Morans_I', 'p_empirical', 'FDR']
            print(sig.sort_values('FDR').head(5)[cols_show].to_string(index=False))
else:
    print("No Moran's I results table to summarize.")

 Error:
IndexError: arrays used as indices must be of integer (or boolean) type```


================================================================================
2026-05-17 10:41:31,516 - INFO
================================================================================
RESPONSE/OUTPUT: fix_attempt_failed_2_5_1

FIX ATTEMPT FAILED 1/3 - Analysis 2, Step 5: ValueError: invalid literal for int() with base 10: '41-R77_4C4'

Code:
```python

import numpy as np
import pandas as pd
from scipy.spatial import cKDTree
from scipy import stats

# Ensure required fields are present
required_obs = [
    'vCM_maturation_score_z', 'Populations', 'Sample_ID',
    'frac_nonCM_nbrs', 'frac_vFibro_nbrs', 'frac_endothelial_nbrs', 'frac_vEndocardial_nbrs'
]
missing = [c for c in required_obs if c not in adata.obs.columns]
if missing:
    raise ValueError(f"Missing required columns in adata.obs: {missing}")

if 'spatial' not in adata.obsm_keys():
    raise ValueError("adata.obsm['spatial'] is missing; cannot compute spatial autocorrelation.")

# Identify ventricular cardiomyocytes
pops = adata.obs['Populations'].astype(str)
vcm_mask = pops.str.contains('vCM', case=False, na=False)
if not vcm_mask.any():
    raise ValueError("No ventricular cardiomyocytes (Populations containing 'vCM') found.")

coords = adata.obsm['spatial']

# Metrics to analyze for spatial autocorrelation (in addition to maturation)
spatial_metrics = [
    'vCM_maturation_score_z',
    'frac_nonCM_nbrs',
    'frac_vFibro_nbrs',
    'frac_endothelial_nbrs',
    'frac_vEndocardial_nbrs'
]

# Parameters for spatial weights and permutation testing
k = 15  # spatial neighbors among vCMs
n_perm = 500  # permutations for p-value estimation
min_cells = 100  # minimum vCMs per sample/subtype to analyze

print(f"Computing Moran's I for k={k} spatial neighbors among vCMs with n_perm={n_perm} permutations.")

# Container for results
records = []

# Helper: compute Moran's I given values and neighbor index matrix
def morans_I(values, neighbor_idx):
    """Compute Moran's I for a 1D array of values given kNN neighbor indices.
    values: (n,) array, neighbor_idx: (n, k) local neighbor indices (0..n-1)."""
    x = values.astype(float)
    mask = np.isfinite(x)
    if mask.sum() < 3:
        return np.nan
    x = x.copy()
    m = x[mask].mean()
    # Centered values; for non-finite entries, set to 0 so they don't contribute
    xc = x - m
    xc[~mask] = 0.0
    n = len(x)
    # Build weights: binary, row-standardized implicitly via denominator
    # Sum over i,j in neighbor lists
    num = 0.0
    W = 0.0
    for i in range(n):
        if not np.isfinite(x[i]):
            continue
        nbrs = neighbor_idx[i]
        for j in nbrs:
            if 0 <= j < n and np.isfinite(x[j]):
                num += xc[i] * xc[j]
                W += 1.0
    if W == 0:
        return np.nan
    den = np.sum(xc[mask] ** 2)
    if den == 0:
        return np.nan
    I = (n / W) * (num / den)
    return I

# Iterate by Sample_ID, and optionally by vCM subtype within sample
for sid, df_sample_idx in adata.obs.loc[vcm_mask].groupby('Sample_ID').groups.items():
    # df_sample_idx is an Index of cell IDs; convert directly to integer positions
    idx_sample_vcm = np.asarray(df_sample_idx, dtype=int)
    n_vcm_sample = idx_sample_vcm.size
    if n_vcm_sample < min_cells:
        print(f"Sample {sid}: only {n_vcm_sample} vCMs (min_cells={min_cells}), skipping.")
        continue

    print(f"Sample {sid}: {n_vcm_sample} vCMs considered for spatial autocorrelation.")

    # Coordinates and metadata for vCMs in this sample
    coords_sample = coords[idx_sample_vcm, :]
    pops_sample = pops.iloc[idx_sample_vcm].values

    # Build kNN graph among vCMs in this sample
    if n_vcm_sample <= k:
        k_eff = max(1, n_vcm_sample - 1)
    else:
        k_eff = k
    tree = cKDTree(coords_sample)
    dists, idxs = tree.query(coords_sample, k=k_eff + 1)
    if k_eff == 1:
        idxs = idxs[:, None]
    neighbor_idx_local = idxs[:, 1:]  # drop self

    # Define groups: whole vCM set plus individual subtypes with enough cells
    group_masks = {"all_vCM": np.ones(n_vcm_sample, dtype=bool)}
    for subtype in np.unique(pops_sample):
        gmask = (pops_sample == subtype)
        if gmask.sum() >= min_cells:
            group_masks[f"Subtype:{subtype}"] = gmask

    for group_name, gmask in group_masks.items():
        gmask = np.asarray(gmask, dtype=bool)
        idx_group = np.where(gmask)[0]
        n_group = idx_group.size
        if n_group < min_cells:
            continue

        # Restrict neighbor indices to within-group neighbors by remapping indices
        map_to_group = -1 * np.ones(n_vcm_sample, dtype=int)
        map_to_group[idx_group] = np.arange(n_group, dtype=int)

        # Build neighbor index matrix for the group only (using up to k_eff neighbors)
        neighbor_idx_group = np.zeros((n_group, k_eff), dtype=int)
        for ii, gi in enumerate(idx_group):
            nbrs = neighbor_idx_local[gi]
            # Map to group-local indices, filter out neighbors not in group
            mapped = map_to_group[nbrs.astype(int)]
            valid = mapped >= 0
            mapped_valid = mapped[valid]
            if mapped_valid.size == 0:
                neighbor_idx_group[ii, :] = ii
            elif mapped_valid.size < k_eff:
                reps = np.resize(mapped_valid, k_eff)
                neighbor_idx_group[ii, :] = reps
            else:
                neighbor_idx_group[ii, :] = mapped_valid[:k_eff]

        # Extract group values for all metrics
        df_group = adata.obs.iloc[idx_sample_vcm[idx_group]][spatial_metrics].copy()

        for metric in spatial_metrics:
            vals = df_group[metric].astype(float).values
            if np.all(~np.isfinite(vals)):
                continue
            if np.nanstd(vals) < 1e-6:
                continue

            I_obs = morans_I(vals, neighbor_idx_group)

            # Permutation test: shuffle values among group cells
            perm_I = np.zeros(n_perm, dtype=float)
            for b in range(n_perm):
                perm_vals = np.random.permutation(vals)
                perm_I[b] = morans_I(perm_vals, neighbor_idx_group)

            # Two-sided empirical p-value
            if not np.isfinite(I_obs):
                p_emp = np.nan
            else:
                more_extreme = np.sum(np.abs(perm_I) >= np.abs(I_obs))
                p_emp = (more_extreme + 1.0) / (n_perm + 1.0)

            records.append({
                'Sample_ID': sid,
                'Group': group_name,
                'n_cells': n_group,
                'metric': metric,
                'Morans_I': I_obs,
                'p_empirical': p_emp
            })

# Assemble results table
if len(records) == 0:
    print("No Moran's I statistics were computed (likely due to low vCM counts per sample/subtype).")
    moran_df = pd.DataFrame(columns=['Sample_ID', 'Group', 'n_cells', 'metric', 'Morans_I', 'p_empirical'])
else:
    moran_df = pd.DataFrame.from_records(records)

# Benjamini–Hochberg FDR across all Moran's I tests
if not moran_df.empty:
    pvals = moran_df['p_empirical'].values.astype(float)
    valid = np.isfinite(pvals)
    m_tests = valid.sum()
    if m_tests > 0:
        # Standard BH: work in the sorted p-value space
        pvals_valid = pvals[valid]
        order = np.argsort(pvals_valid)
        p_sorted = pvals_valid[order]
        ranks = np.arange(1, m_tests + 1)
        q_sorted = p_sorted * m_tests / ranks
        q_sorted = np.minimum(q_sorted, 1.0)
        # Enforce monotone non-increasing q-values when moving from largest to smallest p
        q_monotone = np.minimum.accumulate(q_sorted[::-1])[::-1]
        # Map back to the original valid indices
        fdr = np.full_like(pvals, np.nan, dtype=float)
        fdr_valid = np.empty_like(pvals_valid)
        fdr_valid[order] = q_monotone
        fdr[valid] = fdr_valid
        moran_df['FDR'] = fdr
    else:
        moran_df['FDR'] = np.nan

    # Store in adata.uns for downstream synthesis
    adata.uns['vcm_maturation_spatial_moran'] = moran_df

    # Print concise textual summary
    print("\n=== Moran's I spatial autocorrelation for vCM maturation and neighborhood metrics ===")
    for metric in spatial_metrics:
        sub = moran_df[moran_df['metric'] == metric]
        if sub.empty:
            continue
        sig = sub[sub['FDR'] < 0.1]
        print(f"\nMetric: {metric}")
        print(f"  Total tests: {sub.shape[0]}, FDR<0.1: {sig.shape[0]}")
        if not sig.empty:
            print("  Example significant results (up to 5 rows):")
            cols_show = ['Sample_ID', 'Group', 'n_cells', 'Morans_I', 'p_empirical', 'FDR']
            print(sig.sort_values('FDR').head(5)[cols_show].to_string(index=False))
else:
    print("No Moran's I results table to summarize.")

```


================================================================================
2026-05-17 10:46:54,599 - INFO
================================================================================
RESPONSE/OUTPUT: fix_attempt_success_2_5_2

FIX SUCCESSFUL on attempt 2/3 - Analysis 2, Step 6


================================================================================
2026-05-17 10:47:13,423 - INFO
================================================================================
RESPONSE/OUTPUT: results_interpretation_2_5

- The current step only reports that Sample R77_4C4 had 30,830 vCMs and was processed; there’s no printed Moran’s I summary yet. That strongly suggests either:
  - The script has not yet finished (500 permutations × 5 metrics × at least one group on 30k cells is very compute‑heavy), or
  - It finished but did not find any FDR < 0.1 hits, in which case the printed summary would appear and show “0” significant tests.

- Before interpreting the hypothesis, you need to actually inspect `adata.uns['vcm_maturation_spatial_moran']`:
  - Confirm that the `moran_df` exists and has rows.
  - Check how many groups were created: at least `"all_vCM"`, and possibly additional `"Subtype:..."` groups if your vCM subtypes are encoded within `Populations` and meet `min_cells >= 100`.
  - Look at the distribution of `Morans_I`, `p_empirical`, and `FDR` for:
    - `metric == 'vCM_maturation_score_z'`
    - `metric` in neighborhood metrics.

- Two crucial implementation points that affect hypothesis testing:

  1. **Subtype definition and grouping:**
     - You are using `Populations` both to identify vCMs and to define subtypes (`for subtype in np.unique(pops_sample)`).
     - If `Populations` is something coarse (e.g. “vCM” without finer subtype strings), you will never see subtype‑level groups; you will only have `Group="all_vCM"`.  
       - Check `np.unique(adata.obs['Populations'])` to verify that ventricular subtypes (e.g. “vCM_immature”, “vCM_compact”, etc.) actually exist and are present in R77_4C4.
       - If author subtypes live in a different column (e.g. `vCM_subtype` or `Subcluster`), you should use that field to define groups instead of `Populations` while still restricting to vCM cells via a separate mask.

  2. **Within‑group neighbor restriction:**
     - You are building a kNN graph over all vCMs in the sample, then remapping neighbors within each group. This is good for keeping the **same spatial scale** for subtypes as for all vCMs.
     - However, for subtypes that are spatially sparse or highly intermingled with other vCM subtypes, the effective number of within‑group neighbors may be small. You handle that by replicating neighbors when fewer than k exist, which keeps the Moran’s I definable but may mildly bias weights in thin regions.
     - It’s worth checking, for each group, the average number of distinct neighbors before replication; if many cells have only 1–2 same‑subtype neighbors, you might blunt your ability to see fine‑scale structure in those subtypes.

- To move toward the hypothesis (“maturation score shows spatial autocorrelation, and in some subtypes this parallels microenvironment fractions”), you should:

  1. **Assess whether maturation itself is spatially structured:**
     - Filter `moran_df` for `metric == 'vCM_maturation_score_z'`.
     - Count how many rows have `FDR < 0.1` (or 0.05) and note their `Morans_I` sign.
     - If `Morans_I` is consistently positive and significant for `Group="all_vCM"` in R77_4C4, that supports the idea of global maturation gradients.
     - If there are subtype groups with significant positive I, that argues for subtype‑specific maturation niches.

     If maturation has no significant I anywhere (flat I around 0, high p), then the core hypothesis is not supported in this sample, and further exploration should consider:
     - Whether `vCM_maturation_score_z` has enough variation (check variance and spatial plots).
     - Whether k=15 is an appropriate spatial scale; too large a neighborhood could smear local structure.

  2. **Check parallel spatial structure of neighborhood metrics:**
     - For each combination of Sample_ID and Group that has significant maturation Moran’s I, look at the same rows for the neighborhood metrics:
       - `frac_nonCM_nbrs`
       - `frac_vFibro_nbrs`
       - `frac_endothelial_nbrs`
       - `frac_vEndocardial_nbrs`
     - Construct a compact table summarizing, for each (Sample_ID, Group):
       - I_maturation, FDR_maturation
       - I_nonCM, FDR_nonCM
       - I_vFibro, FDR_vFibro
       - I_endothelial, FDR_endothelial
       - I_vEndocardial, FDR_vEndocardial
     - Look specifically for:
       - Cases where maturation and one neighborhood metric are **both significant and have same‑sign I**, consistent with a shared gradient (e.g. more mature where fibroblast fraction is high).
       - Cases where maturation I > 0 and neighborhood I ~ 0 (or the reverse), suggesting decoupled maturation vs. microenvironment.

     You can implement this in a small post‑hoc script:
     ```python
     df = adata.uns['vcm_maturation_spatial_moran'].copy()
     alpha = 0.1
     wide = (
         df
         .pivot_table(index=['Sample_ID','Group'],
                      columns='metric',
                      values=['Morans_I','FDR'])
     )
     # Flag groups with significant maturation
     sig_mat = wide[('FDR','vCM_maturation_score_z')] < alpha
     sig_groups = wide[sig_mat].copy()
     ```

     Then, per `sig_groups`, inspect which neighborhood metrics are also `FDR < alpha` and whether their `Morans_I` values are similar or opposite in sign.

- To ensure that what you observe is not driven by technical confounding (purity/UMI):

  - You have appropriately defined Moran’s I using only vCM–vCM spatial neighbors, so the neighborhood fractions reflect the **microenvironment in the surrounding window**, not contamination inside each cell.
  - However, technical gradients (e.g. sequencing depth or detection efficiency varying across the field) can still induce correlated spatial structure in many continuous metrics.
  - In later steps, you could extend this analysis by:
    - Running the same Moran’s I framework on a **technical metric**, such as `n_umis`, `n_genes`, or a “Purity” score if available.
    - Comparing whether maturation I remains significant when technical I is low, or whether high technical I co‑occurs with maturation I in the same groups.
    - Optionally, regress maturation on technical covariates at the cell level, and compute Moran’s I on the residuals to see if spatial structure persists after technical adjustment.

- Implementation suggestions for next iterations:

  - **Speed / convergence checks:** 500 permutations × 30k cells per metric is expensive. Once you see rough signal:
    - For exploratory purposes, you can reduce `n_perm` to 100–200 to iterate faster; later, re‑run with 1000+ for final p‑values.
    - Alternatively, use a vectorized or sparse formulation of Moran’s I rather than the double for‑loop.

  - **k sensitivity analysis:**  
    - Try k=5 and k=30 for at least `vCM_maturation_score_z` and `frac_nonCM_nbrs` in R77_4C4.
    - If significance (and sign) is stable across ks, that strengthens the claim of robust spatial gradients; if only very large k gives significance, the pattern might just be a broad global trend (e.g. apex–base difference).

  - **Subtype granularity:**  
    - If subtypes are present but small, consider lowering `min_cells` for subtype‑level groups (e.g. to 50) but keep `min_cells=100` for robust sample‑level (“all_vCM”) results.
    - For tiny but biologically interesting vCM subtypes (e.g. conduction system–like), it could still be informative to compute Moran’s I with a note that power is limited.

- In terms of the hypothesis status based on what we know so far:

  - We cannot yet say whether it is supported or refuted because we have not seen the actual Moran’s I and FDR results.
  - The analysis framework is well‑aligned with the hypothesis: it directly tests spatial autocorrelation of maturation and microenvironmental fractions within vCMs, and at subtype level when enough cells exist.
  - The next decisive step is to:
    1. Inspect `adata.uns['vcm_maturation_spatial_moran']`.
    2. Summarize where maturation and specific neighborhood metrics are both spatially autocorrelated and aligned.
    3. Verify that these patterns are not trivially explained by technical gradients.

Once you have that summary table, the following step in your plan—comparing strength and direction of Moran’s I between maturation and neighborhood metrics and writing a text‑only synthesis—will give a direct, interpretable answer about “coherent maturation–microenvironment spatial niches” in each vCM subtype and sample.


================================================================================
2026-05-17 10:47:28,515 - INFO
================================================================================
RESPONSE/OUTPUT: initial_analysis_2_5

NEXT STEP PLAN - Analysis 2, Step 6: Extract the stored Moran’s I results from adata.uns['vcm_maturation_spatial_moran'], reshape them to directly compare, per Sample_ID and vCM group, the spatial autocorrelation strength and significance of vCM_maturation_score_z versus key neighborhood metrics (frac_nonCM_nbrs, frac_vFibro_nbrs, frac_endothelial_nbrs, frac_vEndocardial_nbrs), and print a text-only synthesis that (i) flags groups where maturation is spatially structured, (ii) identifies which neighborhood metrics are co-structured (same-sign, FDR<0.1 Moran’s I) in the same groups, and (iii) highlights subtype–sample contexts showing parallel vs decoupled maturation–microenvironment spatial gradients.

Code:
```python
import numpy as np
import pandas as pd

# Retrieve Moran's I results
if 'vcm_maturation_spatial_moran' not in adata.uns:
    raise ValueError("Expected adata.uns['vcm_maturation_spatial_moran'] with Moran's I results, but it is missing.")

moran_df = adata.uns['vcm_maturation_spatial_moran'].copy()

if moran_df.empty:
    print("Moran's I results table is empty; no spatial autocorrelation statistics were computed.")
else:
    # Ensure expected columns are present
    expected_cols = {'Sample_ID', 'Group', 'n_cells', 'metric', 'Morans_I', 'p_empirical', 'FDR'}
    missing_cols = expected_cols.difference(moran_df.columns)
    if missing_cols:
        raise ValueError(f"Moran's I results are missing expected columns: {missing_cols}")

    # Pivot to a wide format: for each Sample_ID x Group, have Morans_I and FDR per metric
    # This makes it easy to compare maturation vs neighborhood metrics per group
    wide_I = moran_df.pivot_table(index=['Sample_ID', 'Group'],
                                  columns='metric',
                                  values='Morans_I')
    wide_FDR = moran_df.pivot_table(index=['Sample_ID', 'Group'],
                                    columns='metric',
                                    values='FDR')

    # Define metrics of interest
    mat_metric = 'vCM_maturation_score_z'
    nbr_metrics = ['frac_nonCM_nbrs', 'frac_vFibro_nbrs', 'frac_endothelial_nbrs', 'frac_vEndocardial_nbrs']

    # Sanity check that maturation metric exists
    if mat_metric not in wide_I.columns:
        raise ValueError(f"Maturation metric '{mat_metric}' not found in Moran's I table columns.")

    # Identify (Sample_ID, Group) combinations with significant maturation spatial autocorrelation
    alpha = 0.1
    sig_mat_mask = (wide_FDR[mat_metric] < alpha)
    sig_mat_groups = wide_FDR.index[sig_mat_mask.fillna(False)]

    if len(sig_mat_groups) == 0:
        print(f"No Sample_ID x Group combinations show significant spatial autocorrelation for maturation (FDR < {alpha}).")
    else:
        print(f"Found {len(sig_mat_groups)} Sample_ID x Group combinations with significant maturation spatial autocorrelation (FDR < {alpha}).")

        # For each such group, examine neighborhood metrics
        detailed_rows = []
        for (sid, grp) in sig_mat_groups:
            I_mat = wide_I.loc[(sid, grp), mat_metric]
            FDR_mat = wide_FDR.loc[(sid, grp), mat_metric]
            row_info = {
                'Sample_ID': sid,
                'Group': grp,
                'I_maturation': I_mat,
                'FDR_maturation': FDR_mat
            }
            # For each neighborhood metric, record Moran's I, FDR, and whether it is co-structured with maturation
            for m in nbr_metrics:
                if m not in wide_I.columns:
                    continue
                I_m = wide_I.loc[(sid, grp), m]
                FDR_m = wide_FDR.loc[(sid, grp), m]
                co_sig = (FDR_m < alpha) if pd.notnull(FDR_m) else False
                same_sign = (np.sign(I_m) == np.sign(I_mat)) if (pd.notnull(I_m) and pd.notnull(I_mat)) else False
                row_info[f'I_{m}'] = I_m
                row_info[f'FDR_{m}'] = FDR_m
                row_info[f'co_sig_{m}'] = bool(co_sig and same_sign)
            detailed_rows.append(row_info)

        comp_df = pd.DataFrame(detailed_rows)

        # Store this comparison table for downstream reference
        adata.uns['vcm_maturation_spatial_moran_comparison'] = comp_df

        # Print a concise, text-only synthesis
        print("\n=== Spatial autocorrelation comparison: maturation vs neighborhood metrics (FDR < %.2f for maturation) ===" % alpha)
        for _, row in comp_df.sort_values(['Sample_ID', 'Group']).iterrows():
            sid = row['Sample_ID']
            grp = row['Group']
            I_mat = row['I_maturation']
            FDR_mat = row['FDR_maturation']
            print(f"\nSample: {sid}, Group: {grp}")
            print(f"  Maturation Moran's I = {I_mat:.3f}, FDR = {FDR_mat:.3e}")

            # Summarize neighborhood metrics for this group
            for m in nbr_metrics:
                I_col = f'I_{m}'
                F_col = f'FDR_{m}'
                co_col = f'co_sig_{m}'
                if I_col not in row or pd.isnull(row[I_col]):
                    continue
                I_val = row[I_col]
                F_val = row[F_col]
                co_flag = row[co_col]
                status = []
                if pd.notnull(F_val) and F_val < alpha:
                    status.append('spatially autocorrelated (FDR<%.2f)' % alpha)
                else:
                    status.append('not significantly autocorrelated')
                if co_flag:
                    status.append('aligned with maturation (same-sign Moran\'s I)')
                print(f"    {m}: I = {I_val:.3f}, FDR = {F_val:.3e} -> ", end="")
                print(", ".join(status))

        # Also briefly report any groups where neighborhood metrics are spatially structured but maturation is not
        nonsig_mat_mask = ~(wide_FDR[mat_metric] < alpha)
        nonsig_groups = wide_FDR.index[nonsig_mat_mask.fillna(False)]
        decoupled_records = []
        for (sid, grp) in nonsig_groups:
            any_sig_nbr = False
            for m in nbr_metrics:
                if m not in wide_FDR.columns:
                    continue
                if pd.notnull(wide_FDR.loc[(sid, grp), m]) and wide_FDR.loc[(sid, grp), m] < alpha:
                    any_sig_nbr = True
                    break
            if any_sig_nbr:
                decoupled_records.append((sid, grp))

        if decoupled_records:
            print("\n=== Groups with spatially structured neighborhood metrics but non-significant maturation Moran's I (FDR >= %.2f) ===" % alpha)
            for sid, grp in sorted(decoupled_records):
                print(f"  Sample: {sid}, Group: {grp}")
        else:
            print("\nNo groups found where neighborhood metrics are spatially structured but maturation is not (at FDR < %.2f)." % alpha)

```


================================================================================
2026-05-17 10:47:58,962 - INFO
================================================================================
RESPONSE/OUTPUT: self_critique_2_5

APPLIED SELF-CRITIQUE - Analysis 2, Step 6


================================================================================
2026-05-17 10:47:58,963 - INFO
================================================================================
RESPONSE/OUTPUT: revised_analysis_2_5

Revised Hypothesis: Within ventricular cardiomyocytes, the continuous maturation score vCM_maturation_score_z shows significant spatial autocorrelation on the tissue and, in subtypes and samples where maturation is strongly linked to specific neighborhood fractions (especially fibroblast, endothelial, endocardial, and overall non-myocyte content), the spatial autocorrelation of maturation parallels that of the corresponding neighborhood metrics, indicating coherent maturation–microenvironment spatial niches beyond technical purity/UMI effects.

Revised Analysis Plan:
1. Extract the stored Moran’s I results from adata.uns['vcm_maturation_spatial_moran'], reshape them to directly compare, per Sample_ID and vCM group, the spatial autocorrelation strength and significance of vCM_maturation_score_z versus key neighborhood metrics (frac_nonCM_nbrs, frac_vFibro_nbrs, frac_endothelial_nbrs, frac_vEndocardial_nbrs), and print a text-only synthesis that (i) flags groups where maturation is spatially structured, (ii) identifies which neighborhood metrics are co-structured (same-sign, FDR<0.1 Moran’s I) in the same groups, and (iii) highlights subtype–sample contexts showing parallel vs decoupled maturation–microenvironment spatial gradients.

Revised Code:
import numpy as np
import pandas as pd

# Retrieve Moran's I results
if 'vcm_maturation_spatial_moran' not in adata.uns:
    raise ValueError("Expected adata.uns['vcm_maturation_spatial_moran'] with Moran's I results, but it is missing.")

moran_df = adata.uns['vcm_maturation_spatial_moran'].copy()

if moran_df.empty:
    print("Moran's I results table is empty; no spatial autocorrelation statistics were computed.")
else:
    # Ensure expected columns are present
    expected_cols = {'Sample_ID', 'Group', 'n_cells', 'metric', 'Morans_I', 'p_empirical', 'FDR'}
    missing_cols = expected_cols.difference(moran_df.columns)
    if missing_cols:
        raise ValueError(f"Moran's I results are missing expected columns: {missing_cols}")

    # Pivot to a wide format: for each Sample_ID x Group, have Morans_I and FDR per metric
    # This makes it easy to compare maturation vs neighborhood metrics per group
    wide_I = moran_df.pivot_table(index=['Sample_ID', 'Group'],
                                  columns='metric',
                                  values='Morans_I')
    wide_FDR = moran_df.pivot_table(index=['Sample_ID', 'Group'],
                                    columns='metric',
                                    values='FDR')

    # Define metrics of interest
    mat_metric = 'vCM_maturation_score_z'
    nbr_metrics = ['frac_nonCM_nbrs', 'frac_vFibro_nbrs', 'frac_endothelial_nbrs', 'frac_vEndocardial_nbrs']

    # Sanity check that maturation metric exists
    if mat_metric not in wide_I.columns:
        raise ValueError(f"Maturation metric '{mat_metric}' not found in Moran's I table columns.")

    # Identify (Sample_ID, Group) combinations with significant maturation spatial autocorrelation
    alpha = 0.1
    sig_mat_mask = (wide_FDR[mat_metric] < alpha)
    sig_mat_groups = wide_FDR.index[sig_mat_mask.fillna(False)]

    if len(sig_mat_groups) == 0:
        print(f"No Sample_ID x Group combinations show significant spatial autocorrelation for maturation (FDR < {alpha}).")
    else:
        print(f"Found {len(sig_mat_groups)} Sample_ID x Group combinations with significant maturation spatial autocorrelation (FDR < {alpha}).")

        # For each such group, examine neighborhood metrics
        detailed_rows = []
        for (sid, grp) in sig_mat_groups:
            I_mat = wide_I.loc[(sid, grp), mat_metric]
            FDR_mat = wide_FDR.loc[(sid, grp), mat_metric]
            row_info = {
                'Sample_ID': sid,
                'Group': grp,
                'I_maturation': I_mat,
                'FDR_maturation': FDR_mat
            }
            # For each neighborhood metric, record Moran's I, FDR, and whether it is co-structured with maturation
            for m in nbr_metrics:
                if m not in wide_I.columns:
                    continue
                I_m = wide_I.loc[(sid, grp), m]
                FDR_m = wide_FDR.loc[(sid, grp), m]
                co_sig = (FDR_m < alpha) if pd.notnull(FDR_m) else False
                same_sign = (np.sign(I_m) == np.sign(I_mat)) if (pd.notnull(I_m) and pd.notnull(I_mat)) else False
                row_info[f'I_{m}'] = I_m
                row_info[f'FDR_{m}'] = FDR_m
                row_info[f'co_sig_{m}'] = bool(co_sig and same_sign)
            detailed_rows.append(row_info)

        comp_df = pd.DataFrame(detailed_rows)

        # Store this comparison table for downstream reference
        adata.uns['vcm_maturation_spatial_moran_comparison'] = comp_df

        # Print a concise, text-only synthesis
        print("\n=== Spatial autocorrelation comparison: maturation vs neighborhood metrics (FDR < %.2f for maturation) ===" % alpha)
        for _, row in comp_df.sort_values(['Sample_ID', 'Group']).iterrows():
            sid = row['Sample_ID']
            grp = row['Group']
            I_mat = row['I_maturation']
            FDR_mat = row['FDR_maturation']
            print(f"\nSample: {sid}, Group: {grp}")
            print(f"  Maturation Moran's I = {I_mat:.3f}, FDR = {FDR_mat:.3e}")

            # Summarize neighborhood metrics for this group
            for m in nbr_metrics:
                I_col = f'I_{m}'
                F_col = f'FDR_{m}'
                co_col = f'co_sig_{m}'
                if I_col not in row or pd.isnull(row[I_col]):
                    continue
                I_val = row[I_col]
                F_val = row[F_col]
                co_flag = row[co_col]
                status = []
                if pd.notnull(F_val) and F_val < alpha:
                    status.append('spatially autocorrelated (FDR<%.2f)' % alpha)
                else:
                    status.append('not significantly autocorrelated')
                if co_flag:
                    status.append('aligned with maturation (same-sign Moran\'s I)')
                print(f"    {m}: I = {I_val:.3f}, FDR = {F_val:.3e} -> ", end="")
                print(", ".join(status))

        # Also briefly report any groups where neighborhood metrics are spatially structured but maturation is not
        nonsig_mat_mask = ~(wide_FDR[mat_metric] < alpha)
        nonsig_groups = wide_FDR.index[nonsig_mat_mask.fillna(False)]
        decoupled_records = []
        for (sid, grp) in nonsig_groups:
            any_sig_nbr = False
            for m in nbr_metrics:
                if m not in wide_FDR.columns:
                    continue
                if pd.notnull(wide_FDR.loc[(sid, grp), m]) and wide_FDR.loc[(sid, grp), m] < alpha:
                    any_sig_nbr = True
                    break
            if any_sig_nbr:
                decoupled_records.append((sid, grp))

        if decoupled_records:
            print("\n=== Groups with spatially structured neighborhood metrics but non-significant maturation Moran's I (FDR >= %.2f) ===" % alpha)
            for sid, grp in sorted(decoupled_records):
                print(f"  Sample: {sid}, Group: {grp}")
        else:
            print("\nNo groups found where neighborhood metrics are spatially structured but maturation is not (at FDR < %.2f)." % alpha)



================================================================================
2026-05-17 10:52:58,976 - INFO
================================================================================
RESPONSE/OUTPUT: step_execution_success_2_6

STEP 6 RAN SUCCESSFULLY - Analysis 2


================================================================================
2026-05-17 10:52:58,977 - INFO
================================================================================
RESPONSE/OUTPUT: results_interpretation_2_6

No results found


================================================================================
2026-05-17 10:52:58,985 - INFO
================================================================================
RESPONSE/OUTPUT: analysis_complete

ANALYSIS 2 COMPLETED - Notebook saved to: /home/mingqiam/TissueAgent/data/cellvoyager_agent/run_20260517_142509/outputs/farah_recovery_20260517_102514/farah_recovery_analysis_2.ipynb


================================================================================
2026-05-17 10:53:12,503 - INFO
================================================================================
RESPONSE/OUTPUT: initial_analysis_3_1

Hypothesis: Within ventricular and atrial fibroblast and endothelial populations, a discrete subset of cells with unusually high transcriptional and neighborhood diversity acts as spatial hubs at interfaces between cardiomyocyte domains, leading to a strong association between per-cell transcriptional complexity, local spatial cell-type heterogeneity, and reduced Purity that is not explained by UMI depth alone.

Analysis Plan:
1. Perform a brief inventory of adata.obs, adata.var, and key embeddings to confirm available annotations (especially Complexity, Populations, Purity, Sample_ID, Batch, spatial, and UMAP) and summarize basic QC statistics, including distributions and pairwise correlations of UMI Count, Complexity, and Purity across the whole dataset.
2. Quantify per-cell local neighborhood composition in physical space by building a k-nearest-neighbor graph on adata.obsm['spatial'] (using several k values) and, for each cell, computing Shannon entropy of neighboring Populations labels as a continuous spatial heterogeneity score stored in adata.obs.
3. Within major non-cardiomyocyte populations (e.g. vFibro, aFibro, EPDC, BEC, VEC, VSMC, Pericyte), model the relationship between transcriptional Complexity and spatial heterogeneity (entropy) while adjusting for UMI Count and Purity using multiple linear regression or partial correlation, and test whether spatial heterogeneity remains a significant predictor of Complexity.
4. Identify and characterize "interface hub" cells within each focal non-cardiomyocyte population as those with high spatial heterogeneity (e.g. top 10% entropy) and intermediate-to-high Purity, and compare their UMI Count and Complexity to non-hub cells using appropriate non-parametric tests (e.g., Mann–Whitney U) with multiple-testing-aware reporting.
5. Within each focal non-cardiomyocyte population, perform differential expression analysis between interface hub and non-hub cells using sc.tl.rank_genes_groups (method='wilcoxon'), and summarize for each population the top marker genes that distinguish putative hub states, focusing on known signaling/ligand genes present in the panel.
6. Assess whether interface hub cells are spatially enriched at boundaries between ventricular and atrial cardiomyocyte territories by computing, for each non-cardiomyocyte cell, its minimum spatial distance to the nearest ventricular versus atrial cardiomyocyte and comparing these distances between hub and non-hub cells within each population using statistical tests and text-based summaries.

Initial Code:
import numpy as np
import pandas as pd
import scanpy as sc

# 1. Basic AnnData inventory
print("AnnData object summary:\n")
print(adata)

print("\n.obs columns:\n", adata.obs.columns.tolist())
print("\n.var columns:\n", adata.var.columns.tolist())
print("\n.obsm keys:\n", list(adata.obsm.keys()))
print("\n.uns keys:\n", list(adata.uns.keys()))

# 2. Basic QC summaries for UMI Count, Complexity, Purity
qc_cols = [col for col in ["UMI Count", "Complexity", "Purity"] if col in adata.obs.columns]

print("\nQC variable summaries (per-column):")
for col in qc_cols:
    series = adata.obs[col].astype(float)
    desc = series.describe(percentiles=[0.05, 0.25, 0.5, 0.75, 0.95])
    print(f"\nSummary for {col}:")
    print(desc.to_string())

# 3. Pairwise Pearson and Spearman correlations among QC metrics
if len(qc_cols) >= 2:
    qc_df = adata.obs[qc_cols].astype(float)
    print("\nPearson correlation matrix among QC metrics:")
    print(qc_df.corr(method="pearson").to_string())

    print("\nSpearman correlation matrix among QC metrics:")
    print(qc_df.corr(method="spearman").to_string())

# 4. Population and sample summaries
for cat in ["Populations", "Sample_ID", "Batch"]:
    if cat in adata.obs.columns:
        print(f"\nCategory counts for {cat}:")
        print(adata.obs[cat].value_counts().to_string())

# 5. Check embeddings presence and basic ranges
for key in ["X_umap", "spatial"]:
    if key in adata.obsm.keys():
        emb = adata.obsm[key]
        print(f"\nEmbedding '{key}' present with shape {emb.shape}.")
        print(f"  Coordinate ranges: x in [{emb[:,0].min():.3f}, {emb[:,0].max():.3f}], "
              f"y in [{emb[:,1].min():.3f}, {emb[:,1].max():.3f}]")

print("\nInitial inventory and QC summaries complete.")


================================================================================
2026-05-17 10:53:46,719 - INFO
================================================================================
RESPONSE/OUTPUT: self_critique_3_1

APPLIED INITIAL SELF-CRITIQUE - Analysis 3


================================================================================
2026-05-17 10:53:46,719 - INFO
================================================================================
RESPONSE/OUTPUT: revised_analysis_3_1

Revised Hypothesis: Within ventricular and atrial fibroblast and endothelial populations, a discrete subset of cells with unusually high transcriptional and neighborhood diversity acts as spatial hubs at interfaces between cardiomyocyte domains, leading to a strong association between per-cell transcriptional complexity, local spatial cell-type heterogeneity, and reduced Purity that is not explained by UMI depth alone.

Revised Analysis Plan:
1. Refine and robustify the initial AnnData inventory/QC summaries by explicitly handling non-numeric QC entries, reporting missingness for key annotations (UMI Count, Complexity, Purity, Populations), and summarizing QC metrics both globally and per-Populations category to establish baseline differences relevant to the hub/heterogeneity hypothesis.
2. Quantify per-cell local neighborhood composition in physical space by building a k-nearest-neighbor graph on adata.obsm['spatial'] (for several k values) and, for each cell, computing Shannon entropy of neighboring Populations labels as a continuous spatial heterogeneity score stored in adata.obs.
3. Within major non-cardiomyocyte populations (e.g. vFibro, aFibro, EPDC, BEC, VEC, VSMC, Pericyte), model the relationship between transcriptional Complexity and spatial heterogeneity (entropy) while adjusting for UMI Count and Purity using multiple linear regression or partial correlation, and test whether spatial heterogeneity remains a significant predictor of Complexity.
4. Identify and characterize 'interface hub' cells within each focal non-cardiomyocyte population as those with high spatial heterogeneity (e.g. top 10% entropy) and intermediate-to-high Purity, and compare their UMI Count and Complexity to non-hub cells using appropriate non-parametric tests (e.g., Mann–Whitney U) with multiple-testing-aware reporting.
5. Within each focal non-cardiomyocyte population, perform differential expression analysis between interface hub and non-hub cells using sc.tl.rank_genes_groups (method='wilcoxon'), and summarize for each population the top marker genes that distinguish putative hub states, focusing on known signaling/ligand genes present in the panel.
6. Assess whether interface hub cells are spatially enriched at boundaries between ventricular and atrial cardiomyocyte territories by computing, for each non-cardiomyocyte cell, its minimum spatial distance to the nearest ventricular versus atrial cardiomyocyte and comparing these distances between hub and non-hub cells within each population using statistical tests and text-based summaries.

Revised Code:
import numpy as np
import pandas as pd
import scanpy as sc

# 1. Basic AnnData inventory
print("AnnData object summary:\n")
print(adata)

print("\n.obs columns:\n", adata.obs.columns.tolist())
print("\n.var columns:\n", adata.var.columns.tolist())
print("\n.obsm keys:\n", list(adata.obsm.keys()))
print("\n.uns keys:\n", list(adata.uns.keys()))

# 2. Basic QC summaries for UMI Count, Complexity, Purity with robust numeric casting
qc_cols = [col for col in ["UMI Count", "Complexity", "Purity"] if col in adata.obs.columns]

print("\nQC variable summaries (per-column):")
for col in qc_cols:
    series = pd.to_numeric(adata.obs[col], errors="coerce")
    n_na = series.isna().sum()
    if n_na > 0:
        print(f"\n{n_na} cells have non-numeric or missing values for {col} (excluded from numeric summary).")
    desc = series.describe(percentiles=[0.05, 0.25, 0.5, 0.75, 0.95])
    print(f"\nSummary for {col}:")
    print(desc.to_string())

# 3. Pairwise Pearson and Spearman correlations among QC metrics
if len(qc_cols) >= 2:
    qc_df = adata.obs[qc_cols].apply(pd.to_numeric, errors="coerce")
    print("\nPearson correlation matrix among QC metrics:")
    print(qc_df.corr(method="pearson").to_string())

    print("\nSpearman correlation matrix among QC metrics:")
    print(qc_df.corr(method="spearman").to_string())
else:
    print("\nFewer than two QC metrics found; skipping correlation analysis.")

# 4. Population and sample summaries with missingness
for cat in ["Populations", "Sample_ID", "Batch"]:
    if cat in adata.obs.columns:
        n_na_cat = adata.obs[cat].isna().sum()
        print(f"\nCategory counts for {cat} (missing: {n_na_cat} cells):")
        value_counts = adata.obs[cat].value_counts()
        print(value_counts.to_string())

# 5. Per-population QC summaries to understand baseline differences
if "Populations" in adata.obs.columns and qc_cols:
    qc_numeric = adata.obs[qc_cols].apply(pd.to_numeric, errors="coerce")
    tmp_df = qc_numeric.copy()
    tmp_df["Populations"] = adata.obs["Populations"].values
    print("\nPer-population QC means (rows: Populations, columns: QC metrics):")
    print(tmp_df.groupby("Populations")[qc_cols].mean().to_string(float_format=lambda x: f"{x:.3f}"))

# 6. Check embeddings presence and basic ranges
for key in ["X_umap", "spatial"]:
    if key in adata.obsm.keys():
        emb = adata.obsm[key]
        # Convert to dense array if sparse, to be safe
        try:
            emb_array = np.asarray(emb.todense())
        except AttributeError:
            emb_array = np.asarray(emb)
        print(f"\nEmbedding '{key}' present with shape {emb_array.shape}.")
        print(
            f"  Coordinate ranges: x in [{emb_array[:, 0].min():.3f}, {emb_array[:, 0].max():.3f}], "
            f"y in [{emb_array[:, 1].min():.3f}, {emb_array[:, 1].max():.3f}]"
        )

print("\nRefined inventory and QC summaries complete.")



================================================================================
2026-05-17 10:53:50,362 - INFO
================================================================================
RESPONSE/OUTPUT: step_execution_success_3_1

STEP 1 RAN SUCCESSFULLY - Analysis 3


================================================================================
2026-05-17 10:54:06,116 - INFO
================================================================================
RESPONSE/OUTPUT: results_interpretation_3_1

These QC summaries are a good foundation and already give some signals that are directly relevant to the “hub / heterogeneity” hypothesis.

Key points and how they should shape the next steps:

1. **Complexity vs Purity vs UMI Count: baseline structure**
   - Complexity is **only weakly anti-correlated with UMI Count** (Pearson ~ –0.21, Spearman ~ –0.18). This is helpful: transcriptional complexity is *not* just a UMI-depth proxy, which is exactly what we need for the hypothesis (we want to argue that complexity reflects biology rather than sequencing depth).
   - Complexity is **strongly and negatively correlated with Purity** (Pearson –0.57, Spearman –0.52). This is a big red flag for interpretation: high “Complexity” is likely dominated by mixed barcodes / local multi-cell capture or partial segmentation errors (or, more generally, multi-identity pixels) rather than a subtle “hub state.”
   - Purity is basically uncorrelated with UMI Count (Pearson ~0.02, Spearman ~0): so the purity metric is not trivially tracking depth and likely captures spatial/segmentation aspects.

   Implication for hypothesis testing:
   - You **must explicitly adjust for Purity** whenever you look at Complexity. If not, any association between Complexity and spatial heterogeneity will be hard to interpret as “hub biology.”
   - It also justifies the planned design criterion of restricting “hub” cells to *intermediate-to-high Purity*; otherwise you will simply be picking up obvious doublets / mixed pixels.

2. **Per-population QC differences: where to look for hubs**
   The per-population means already suggest which non-cardiomyocyte groups are most promising:

   - **Fibroblasts**
     - vFibro: UMI ~413, Complexity ~10.7, Purity ~0.42
     - aFibro: UMI ~360, Complexity ~8.34, Purity ~0.58
     - adFibro: UMI ~223, Complexity ~7.79, Purity ~0.50
     These are good primary targets given the hypothesis. Note that **ventricular fibroblasts are notably lower purity and higher complexity than atrial fibroblasts**, which might bias interface detection if purity varies by region. Any ventriculo–atrial pattern you see later could reflect this baseline difference.

   - **Endothelial-related populations**
     - BEC: Complexity ~10.7, Purity ~0.45
     - VEC: Complexity ~8.56, Purity ~0.54
     - vEndocardial: Complexity ~9.84, Purity ~0.44
     - aEndocardial: Complexity ~5.81, Purity ~0.66
     Again, striking **atria–ventricle contrasts**: atrial endocardial cells are higher purity and lower complexity than ventricular ones. This is biologically interesting but also a potential confound when comparing “interface” vs “core” behavior.

   - **Others (pericytes, VSMC, VIC, EPDC)**
     - EPDC: high Complexity (~12.9) with low Purity (~0.45), similar pattern to other low-purity, high-complexity groups.
     - VIC, VSMC: relatively high Purity (~0.62–0.64) with moderate Complexity (~8.9–9.2); these are actually attractive for isolating high-complexity, **high-purity** outliers, because their baseline purity is good and complexity is not at ceiling.

   Implication for upcoming steps:
   - For the core hypothesis (within vFibro, aFibro, EPDC, BEC, VEC, VSMC, Pericyte), you should treat each population’s **baseline (mean, variance) of Purity and Complexity** as part of the model design. Interface hub thresholds based on global quantiles might not be appropriate; consider population-specific quantiles for entropy and maybe for complexity if you later stratify by that.
   - Especially for EPDC, BEC, vFibro, and vEndocardial, expect that any high-complexity subset will be almost indistinguishable from low-purity cells unless you tightly enforce a purity cutoff.

3. **How these results constrain / support the hub hypothesis**
   - The current data are **compatible** with the idea that some cells will show **high complexity not explained by UMI depth**, since the UMI–Complexity correlation is modest.
   - However, Complexity and Purity are so tightly linked that you will need to show **an additional signal beyond that axis**:
     - Either: within *medium-to-high purity* cells, Complexity remains associated with spatial neighborhood entropy.
     - Or: even at fixed Purity and UMI Count, neighborhood entropy significantly predicts Complexity (as you already plan with regression / partial correlation).

   Put differently: the QC structure is consistent with a mix of:
   - “impure/mixed” pixels with high complexity and low purity; and
   - relatively pure pixels with moderate complexity.
   The hypothesis will only be convincing if “hub” cells look like **the latter with unusually high local heterogeneity**, not like obvious impurity artifacts.

4. **Recommendations for the next analysis steps**

   For Step 2 (spatial entropy / heterogeneity):
   - Proceed with computing kNN-based neighborhood entropy on `.obsm["spatial"]` for several k (e.g., 10, 20, 50). Use **Populations** as the categorical labels for entropy.
   - Given the sample size, consider **computing entropy separately per sample** or at least making sure the kNN graph is *not* inadvertently connecting across samples (e.g., if coordinates from different sections overlap numerically). If necessary, build separate graphs per `Sample_ID`.

   For Step 3 (Complexity ~ entropy + UMI + Purity):
   - Do this **within each focal non-CM population** as planned; do not pool all populations for the primary test, because baseline QC differences are large.
   - Standardize predictors within each population (z-score UMI Count, Purity, entropy) to stabilize coefficients and make cross-population comparison easier.
   - Explicitly examine:
     - The coefficient and p-value for **entropy** after adjusting for UMI Count and Purity.
     - The **partial correlation** between Complexity and entropy conditional on Purity and UMI.
   - Pay special attention to fibroblasts and endothelial subsets where:
     - Purity is relatively high (e.g., aFibro, VEC, VSMC, VIC, aEndocardial) — these are the best chance for biologically meaningful high-complexity hubs.
     - Purity is low (e.g., vFibro, EPDC, BEC, vEndocardial) — the bar is higher: you’ll need to show robust entropy–complexity association within a **restricted higher-purity subset**.

   For Step 4 (defining “interface hubs”):
   - Given the strong Complexity–Purity anti-correlation, I’d suggest:
     - First, define a **purity floor** per population (e.g., exclude the bottom 20–30% of Purity within each population before defining hubs).
     - Then, among those retained cells, define hubs as:
       - Top 10% of entropy (or top 5–10% depending on how heavy-tailed entropy is).
       - Optionally confirm that their Complexity is **above the population median** but not driven by extreme low-purity outliers.
   - When you compare UMI Count and Complexity for hubs vs non-hubs, always:
     - Match or regress-out Purity (e.g., stratify by Purity bins or include Purity as covariate in a regression-based comparison alongside Mann–Whitney tests).
     - Report effect sizes along with p-values; with 200k+ cells, almost everything will be “significant,” so effect size is key.

5. **How to interpret future outcomes in light of these QC results**

   - If, after adjusting for Purity and UMI Count, neighborhood entropy remains a **strong, positive predictor** of Complexity within fibroblasts / endothelial cells, that will support the idea that **more transcriptionally complex cells sit in more heterogeneous neighborhoods**, consistent with interface/hub states.
   - If that effect is only present **at low Purity**, and disappears when restricting to higher-purity cells, then the hypothesis would be largely refuted: the “complexity”–heterogeneity relationship would be mostly technical/mixed-pixel.
   - Later, when you assess spatial localization (Step 6) relative to ventricular vs atrial cardiomyocyte territories, you’ll be able to ask a stronger question: **among cells where purity is adequate and complexity is not just a segmentation artifact, do high-entropy, high-complexity cells preferentially sit at atrial–ventricular boundaries?**

In summary, the current step successfully establishes:
- Which QC metrics are available and clean.
- The strong Complexity–Purity tension that must be controlled in all downstream modeling.
- Baseline per-population QC differences that should guide population-specific hub definitions.

The next steps you’ve planned (entropy computation, regression adjusting for UMI and Purity, hub definition with a purity floor) are exactly what is needed to turn these QC insights into a test of the hub / heterogeneity hypothesis that is not confounded by UMI depth or purity.


================================================================================
2026-05-17 10:54:19,979 - INFO
================================================================================
RESPONSE/OUTPUT: initial_analysis_3_1

NEXT STEP PLAN - Analysis 3, Step 2: Compute per-cell spatial neighborhood entropy of Populations labels from k-nearest neighbors in physical space (using adata.obsm['spatial']), ensuring that neighborhoods are constructed within each Sample_ID to avoid cross-section mixing; store entropy scores in adata.obs for several k values (e.g., k=10, 20, 50) and summarize their distributions overall and by Populations.

Code:
```python
import numpy as np
import pandas as pd
from collections import Counter
from scipy.spatial import cKDTree

# Ensure required columns and embeddings are present
required_obs_cols = ["Populations", "Sample_ID", "UMI Count", "Complexity", "Purity"]
missing_cols = [c for c in required_obs_cols if c not in adata.obs.columns]
if missing_cols:
    print("Missing required obs columns:", missing_cols)

if "spatial" not in adata.obsm.keys():
    raise ValueError("adata.obsm['spatial'] is required for spatial kNN entropy computation but is missing.")

# Work with a dense copy of spatial coordinates
coords = np.asarray(adata.obsm["spatial"])  # shape (n_cells, 2)

# Normalize/clean key obs columns (numeric casting where appropriate)
for col in ["UMI Count", "Complexity", "Purity"]:
    if col in adata.obs.columns:
        adata.obs[col] = pd.to_numeric(adata.obs[col], errors="coerce")

# Define k values for neighborhood entropy
k_values = [10, 20, 50]

# Prepare containers for entropy scores
for k in k_values:
    adata.obs[f"spatial_entropy_k{k}"] = np.nan

# Helper to compute Shannon entropy from a list of categorical labels
def shannon_entropy(labels):
    if len(labels) == 0:
        return np.nan
    counts = np.array(list(Counter(labels).values()), dtype=float)
    probs = counts / counts.sum()
    # Use natural log; base choice only rescales entropy
    return -(probs * np.log(probs + 1e-12)).sum()

# We will build separate kD-trees per Sample_ID to avoid cross-sample neighbors
if "Sample_ID" in adata.obs.columns:
    samples = adata.obs["Sample_ID"].astype(str).values
else:
    # Fallback: treat all cells as one sample
    samples = np.array(["all_one_sample"] * adata.n_obs)

unique_samples = np.unique(samples)

print(f"Computing spatial neighborhood entropy within {len(unique_samples)} sample(s)...")

for s in unique_samples:
    mask = samples == s
    idx = np.where(mask)[0]
    if idx.size == 0:
        continue
    coords_s = coords[mask, :]
    pops_s = adata.obs.loc[mask, "Populations"].astype(str).values

    # Build kD-tree for this sample
    tree = cKDTree(coords_s)

    for k in k_values:
        # Query k+1 neighbors because the nearest neighbor is the cell itself; we'll drop self
        # Guard against very small sample subsets
        effective_k = min(k + 1, coords_s.shape[0])
        dists, neigh_idx = tree.query(coords_s, k=effective_k)
        # neigh_idx shape: (n_cells_s, effective_k)
        # For each cell, drop self index if present as the first neighbor
        entropies = np.empty(coords_s.shape[0], dtype=float)

        for i in range(coords_s.shape[0]):
            neighbors = neigh_idx[i]
            # If self is included, it should be neighbors[0]
            # Remove it (and any duplicates) to get true neighbors
            unique_neighbors = [n for n in neighbors if n != i]
            # If after removing self we have more than k neighbors, truncate to k
            if len(unique_neighbors) > k:
                unique_neighbors = unique_neighbors[:k]
            # Map neighbor indices to Populations labels
            neigh_pops = [pops_s[n] for n in unique_neighbors]
            entropies[i] = shannon_entropy(neigh_pops)

        adata.obs.loc[mask, f"spatial_entropy_k{k}"] = entropies
        print(f"  Sample {s}: computed spatial_entropy_k{k} for {coords_s.shape[0]} cells.")

# Summarize entropy distributions overall and by Populations
for k in k_values:
    col = f"spatial_entropy_k{k}"
    series = pd.to_numeric(adata.obs[col], errors="coerce")
    print(f"\nOverall summary for {col}:")
    print(series.describe(percentiles=[0.05, 0.25, 0.5, 0.75, 0.95]).to_string())

    if "Populations" in adata.obs.columns:
        tmp = pd.DataFrame({col: series, "Populations": adata.obs["Populations"].values})
        grp = tmp.groupby("Populations")[col]
        print(f"\nPer-Populations mean and std for {col}:")
        per_pop_summary = grp.agg(["mean", "std", "count"]).sort_values("mean", ascending=False)
        print(per_pop_summary.to_string(float_format=lambda x: f"{x:.3f}"))

print("\nSpatial neighborhood entropy computation complete and stored in adata.obs as spatial_entropy_k{K} columns.")
```


================================================================================
2026-05-17 10:54:58,916 - INFO
================================================================================
RESPONSE/OUTPUT: self_critique_3_1

APPLIED SELF-CRITIQUE - Analysis 3, Step 2


================================================================================
2026-05-17 10:54:58,917 - INFO
================================================================================
RESPONSE/OUTPUT: revised_analysis_3_1

Revised Hypothesis: Within ventricular and atrial fibroblast and endothelial populations, per-cell transcriptional Complexity is positively associated with local spatial neighborhood heterogeneity (Shannon entropy of Populations labels), even after adjusting for UMI Count and Purity, and this association highlights a subset of high-entropy, relatively pure 'interface' cells that are spatially biased toward boundaries between atrial and ventricular cardiomyocyte domains.

Revised Analysis Plan:
1. Compute per-cell spatial neighborhood entropy of Populations labels from k-nearest neighbors in physical space (using adata.obsm['spatial']), constructing neighborhoods within each Sample_ID to avoid cross-section mixing; store entropy scores in adata.obs for k in {10, 20, 50}, and designate spatial_entropy_k20 as the primary entropy metric while using k=10 and k=50 only for sensitivity summaries overall and by Populations.
2. Within major non-cardiomyocyte Populations of interest (vFibro, aFibro, adFibro, EPDC, BEC, VEC, VSMC, Pericyte, VIC, aEndocardial, vEndocardial), model Complexity as a function of spatial_entropy_k20, Purity, and UMI Count using population-specific multiple linear regression implemented via np.linalg.lstsq and partial correlations via residualization, and for each population report whether entropy remains a significant positive predictor of Complexity after adjustment, including analyses restricted to the top 70% of Purity.
3. Define 'interface hub' cells within each focal non-cardiomyocyte population by first excluding the lowest 30% of cells by Purity (per population), then selecting among the remaining cells those in the top 10% of spatial_entropy_k20; compare hub vs non-hub cells in terms of Complexity, Purity, and UMI Count using Mann–Whitney U tests and regression-based contrasts that adjust for Purity, and report effect sizes and p-values.
4. Perform within-population differential expression analysis between interface hub and non-hub cells using sc.tl.rank_genes_groups (method='wilcoxon') on each focal population separately with a binary hub_status label (hub vs nonhub), summarizing for each population the top upregulated genes in hubs (names, log fold-changes, test statistics, and adjusted p-values), with particular attention to genes consistent with signaling or interaction roles given the panel.
5. Assess spatial positioning of interface hub cells relative to ventricular vs atrial cardiomyocyte territories by defining ventricular CMs (Populations starting with 'vCM-') and atrial CMs (Populations starting with 'aCM-'), computing per non-cardiomyocyte cell its distances to the nearest ventricular and atrial cardiomyocyte within the same Sample_ID, deriving a boundary-proximity metric (e.g., |d_ventricular - d_atrial|), and statistically comparing this metric between hub and non-hub cells within each population using Mann–Whitney U tests to determine whether hubs are enriched near atrial–ventricular interfaces.

Revised Code:
import numpy as np
import pandas as pd
from collections import Counter
from scipy.spatial import cKDTree

# Ensure required columns and embeddings are present
required_obs_cols = ["Populations", "Sample_ID", "UMI Count", "Complexity", "Purity"]
missing_cols = [c for c in required_obs_cols if c not in adata.obs.columns]
if missing_cols:
    print("Missing required obs columns:", missing_cols)

if "Populations" not in adata.obs.columns:
    raise ValueError("Populations column is required in adata.obs for entropy computation.")

if "spatial" not in adata.obsm.keys():
    raise ValueError("adata.obsm['spatial'] is required for spatial kNN entropy computation but is missing.")

# Work with a dense copy of spatial coordinates
coords = np.asarray(adata.obsm["spatial"])  # shape (n_cells, 2)

# Normalize/clean key obs columns (numeric casting where appropriate)
for col in ["UMI Count", "Complexity", "Purity"]:
    if col in adata.obs.columns:
        adata.obs[col] = pd.to_numeric(adata.obs[col], errors="coerce")

# Define k values for neighborhood entropy and primary k for downstream analyses
k_values = [10, 20, 50]
primary_k = 20

# Prepare containers for entropy scores
for k in k_values:
    adata.obs[f"spatial_entropy_k{k}"] = np.nan

# Helper to compute Shannon entropy from a list/array of categorical labels (natural log base: nats)
def shannon_entropy(labels):
    if len(labels) == 0:
        return np.nan
    counts = np.array(list(Counter(labels).values()), dtype=float)
    probs = counts / counts.sum()
    # Use natural log; base choice only rescales entropy (units: nats)
    return -(probs * np.log(probs)).sum()

# Determine per-cell sample assignments
if "Sample_ID" in adata.obs.columns:
    samples = adata.obs["Sample_ID"].astype(str).values
else:
    # Fallback: treat all cells as one sample
    samples = np.array(["all_one_sample"] * adata.n_obs)

unique_samples = np.unique(samples)

print(f"Computing spatial neighborhood entropy within {len(unique_samples)} sample(s)...")

for s in unique_samples:
    mask = samples == s
    idx = np.where(mask)[0]
    if idx.size == 0:
        continue

    coords_s = coords[mask, :]

    # Handle missing Populations explicitly: cells with missing Populations will receive NaN entropy
    pops_s_series = adata.obs.loc[mask, "Populations"]
    pops_s = pops_s_series.values
    has_pop = pops_s_series.notna().values

    # Build kD-tree for this sample using all cells with coordinates
    tree = cKDTree(coords_s)

    for k in k_values:
        # Query up to k+1 neighbors (including self when possible); k acts as a maximum
        effective_k = min(k + 1, coords_s.shape[0])
        if effective_k == 0:
            continue

        dists, neigh_idx = tree.query(coords_s, k=effective_k)
        # Ensure neigh_idx is 2D for consistent indexing
        neigh_idx = np.atleast_2d(neigh_idx)

        entropies = np.full(coords_s.shape[0], np.nan, dtype=float)

        for i in range(coords_s.shape[0]):
            # If this cell has missing Populations, leave entropy as NaN
            if not has_pop[i]:
                continue

            neighbors = neigh_idx[i]
            # Remove self (assumed to be at the same index) and any duplicates
            unique_neighbors = [n for n in neighbors if n != i]
            # Truncate to at most k neighbors
            if len(unique_neighbors) > k:
                unique_neighbors = unique_neighbors[:k]

            # If there are no valid neighbors (e.g., tiny sample), leave entropy as NaN
            if len(unique_neighbors) == 0:
                continue

            # Map neighbor indices to Populations labels, skipping neighbors with missing Populations
            neigh_pops = [pops_s[n] for n in unique_neighbors if has_pop[n]]

            if len(neigh_pops) == 0:
                continue

            entropies[i] = shannon_entropy(neigh_pops)

        adata.obs.loc[mask, f"spatial_entropy_k{k}"] = entropies
        print(f"  Sample {s}: computed spatial_entropy_k{k} for {coords_s.shape[0]} cells (k treated as max neighbors; some cells may have fewer due to sample size or missing Populations).")

# Summarize entropy distributions overall and by Populations
for k in k_values:
    col = f"spatial_entropy_k{k}"
    series = pd.to_numeric(adata.obs[col], errors="coerce")
    print(f"\nOverall summary for {col}:")
    print(series.describe(percentiles=[0.05, 0.25, 0.5, 0.75, 0.95]).to_string())

    if "Populations" in adata.obs.columns:
        tmp = pd.DataFrame({col: series, "Populations": adata.obs["Populations"].values})
        grp = tmp.groupby("Populations")[col]
        print(f"\nPer-Populations mean, std, and count for {col}:")
        per_pop_summary = grp.agg(["mean", "std", "count"]).sort_values("mean", ascending=False)
        print(per_pop_summary.to_string(float_format=lambda x: f"{x:.3f}"))

print("\nSpatial neighborhood entropy computation complete. Columns added:", ", ".join(f"spatial_entropy_k{k}" for k in k_values), f"(primary metric: spatial_entropy_k{primary_k}).")



================================================================================
2026-05-17 10:55:27,472 - INFO
================================================================================
RESPONSE/OUTPUT: step_execution_success_3_2

STEP 2 RAN SUCCESSFULLY - Analysis 3


================================================================================
2026-05-17 10:55:44,467 - INFO
================================================================================
RESPONSE/OUTPUT: results_interpretation_3_2

The entropy computation step looks technically sound and provides a good foundation for the downstream tests of the hypothesis. A few key points and suggestions, focused on what they imply for the next analysis steps and interpretation:

1. **Entropy distributions and dynamic range**
   - The overall `spatial_entropy_k20` distribution has a wide spread (5th–95th percentile ~0.20–1.70, max ~2.43), so there is enough dynamic range to define “high-entropy” vs “low-entropy” neighborhoods.
   - The lower bound is effectively zero for some cells, which is interpretable as very homogeneous neighborhoods; this will be useful as a contrast group when looking for interface-like “hubs”.

2. **Interpretation of per-population entropy levels**
   - Many *ventricular cardiomyocyte* subtypes and **Pericytes/BEC/vFibro** have the highest mean entropy across all ks. This indicates these cells often sit in spatially mixed neighborhoods (multiple Populations labels).
   - In contrast, **atrial cardiomyocyte (aCM-LA/RA)** and **VICs** have the lowest entropy means, suggesting more homogeneous, “single-population–dominated” territories.
   - Among your *focal non-CM populations*:
     - `vFibro` and `EPDC` have relatively high entropy (1.32 and 1.08 at k20) → promising candidates for housing “interface hub” cells.
     - `BEC`, `VEC`, `Pericyte` also show high mean entropy, consistently across k.
     - Atrial-associated fibroblasts (`aFibro`, `adFibro`) and `VIC`, `VSMC` have lower mean entropy, so interface hubs—if present—will be a more restricted subgroup and potentially biologically interesting (cells deviating from their population’s usual homogeneous context).

   This pattern is already qualitatively consistent with the idea that certain stromal/vascular populations are enriched at mixed-type boundaries, though the hypothesis is specifically about atrial–ventricular interfaces (to be tested explicitly later).

3. **Consistency across k values (sensitivity)**
   - Rankings of populations by mean entropy are largely stable across k=10, 20, 50, with only minor shifts. This stability supports your choice of k=20 as the primary metric and suggests the entropy signal is not overly sensitive to neighborhood size.
   - For downstream robustness checks, it will be straightforward to re-run key associations using k=10 or k=50 to verify that any Complexity–entropy relationship and “hub” definition are not an artifact of k.

4. **Code / method considerations before moving on**
   - The implementation respects within-sample neighborhoods and handles missing Populations by assigning NaN entropy, which is appropriate.
   - Entropy is computed on *neighbors only* (excluding self); this aligns with the conceptual definition of “local neighborhood heterogeneity”.
   - One caveat: entropy is computed over *cell-type labels*, not anatomical labels. High entropy here means “diverse mixtures of labeled Populations”, which may reflect:
     - true tissue interfaces (e.g., fibroblast–endothelial–CM boundaries),
     - small intermingled microvascular/stromal niches inside a larger atrial or ventricular domain,
     - or local label heterogeneity even within a single gross anatomical region.
     
     The later step where you compare distances to ventricular vs atrial CMs will be critical to tie this cell-type-level heterogeneity specifically to atrial–ventricular boundaries, rather than just “any mixed neighborhood”.

5. **Immediate next analyses to prioritize**
   For the stated hypothesis, the following are the most informative next steps:

   **a. Complexity–entropy–Purity–UMI modeling (planned step 2)**
   - Run the per-population multiple linear regression:
     - Outcome: `Complexity`
     - Predictors: `spatial_entropy_k20`, `Purity`, `UMI Count`
   - Focus on the key non-CM populations: `vFibro, aFibro, adFibro, EPDC, BEC, VEC, VSMC, Pericyte, VIC, aEndocardial, vEndocardial`.
   - Extract:
     - The coefficient and p-value for `spatial_entropy_k20` in each population.
     - Partial correlations (either by residualizing Complexity on Purity+UMI and entropy on Purity+UMI, or from the regression).
   - Repeat restricted to the top 70% Purity per population (as in your plan) to ensure the signal is not driven by doublets/multiplets.
   - If the hypothesis is correct, you should see a **positive** and **significant** association between entropy and Complexity in at least a subset of these populations, especially those that already show high mean entropy (vFibro, EPDC, BEC, VEC, Pericyte).

   This will directly address the first part of the hypothesis (“Complexity is positively associated with spatial entropy after adjustment”).

   **b. “Interface hub” definition and characterization (planned step 3)**
   - Using the new `spatial_entropy_k20`:
     - Filter out the lowest 30% of cells by Purity in each focal population.
     - Among the remaining, define hubs as top 10% `spatial_entropy_k20`.
   - Given the population-level entropy means, the **absolute entropy thresholds** that define hubs will vary strongly between populations:
     - In low-entropy populations (e.g., `VIC`, `aCM-RA/LA`, `VSMC`), hub cells will be those *relatively* high within that population, which might highlight rare interface-like cells in otherwise homogeneous tissue.
     - In high-entropy populations (e.g., `vFibro`, `BEC`), hubs will be the extreme “super-mixed” neighborhoods; these may be particularly informative for interface biology.
   - Compare hubs vs non-hubs (within each population) for:
     - Complexity (Mann–Whitney and regression adjusting for Purity & UMI).
     - Purity (to ensure they are not systematically lower even after your 30% cutoff).
   - A pattern consistent with the hypothesis would be:
     - Hubs have **higher Complexity** than non-hubs even after adjusting for Purity/UMI.
     - Hubs are not just the lowest-purity cells (ideally similar or slightly lower Purity, but not dramatically so).

6. **Analytical refinements / sanity checks to consider**
   - Before regression, inspect simple scatterplots of Complexity vs `spatial_entropy_k20` for a few key populations (e.g., vFibro, aFibro, EPDC, VEC), color by Purity or UMI. This can reveal:
     - Obvious non-linearities (e.g., plateau at high entropy).
     - Outliers with extremely high entropy that might warrant filtering or robustness checks.
   - Evaluate whether entropy correlates strongly with Purity or UMI themselves; if so, the interpretation of the Complexity–entropy association will need to be careful. Strong collinearity could inflate variances in the regression.

7. **Linking entropy to atrial–ventricular interfaces (planned step 5)**
   - Because ventricular CMs have notably higher entropy than atrial CMs, there is already a hint that the ventricular territories are more mixed in terms of label composition. However, this by itself doesn’t prove an atrial–ventricular interface phenomenon.
   - When you compute distance-based boundary metrics (`|d_ventricular - d_atrial|`), you will be able to test explicitly:
     - Within each non-CM population, do high-entropy hubs lie closer to the putative AV boundary (i.e., smaller |d_v − d_a|) than non-hubs?
   - If you observe:
     - Complexity-high, high-entropy hubs with **preferential enrichment near low |d_v − d_a|**, especially in vFibro/aFibro, EPDC, endothelial populations, that would align well with the full hypothesis (complex, heterogeneous “interface” cells at AV boundaries).
   - Here, doing sensitivity analyses with `spatial_entropy_k10` and `k50` might help verify that boundary enrichment is robust to neighborhood definition.

8. **Distinctness from the paper and prior analyses**
   - The current entropy analysis is fundamentally about **local cell-type diversity** in physical space, whereas your prior analyses were centered on:
     - Maturation scores and their spatial autocorrelation.
     - TF/signaling scores (failed technically).
   - The per-population entropy profiles, hub definitions, and especially the AV-boundary distance metric are conceptually distinct from those earlier efforts and should remain distinct from typical “who co-localizes with whom” community analyses in the original paper, as long as you focus on:
     - Complexity and Purity-adjusted associations.
     - Explicit AV-boundary metrics and “interface hubs” as defined via entropy.

In summary, the entropy metrics look well-behaved and informative, with clear differences among populations that will be useful for defining and interpreting “interface hubs.” The next critical step is the population-specific regression of Complexity on entropy (with Purity/UMI adjustment), followed by hub vs non-hub contrasts and the spatial AV-boundary analysis to test whether these high-entropy, high-Complexity cells are indeed enriched at atrial–ventricular boundaries.


================================================================================
2026-05-17 10:56:01,321 - INFO
================================================================================
RESPONSE/OUTPUT: initial_analysis_3_2

NEXT STEP PLAN - Analysis 3, Step 3: Within major non-cardiomyocyte Populations of interest (vFibro, aFibro, adFibro, EPDC, BEC, VEC, VSMC, Pericyte, VIC, aEndocardial, vEndocardial), model Complexity as a function of spatial_entropy_k20, Purity, and UMI Count using population-specific multiple linear regression (via np.linalg.lstsq) and partial correlation (via residualization), and for each population report whether spatial_entropy_k20 is a significant positive predictor of Complexity after adjustment, including analyses restricted to the top 70% of Purity per population.

Code:
```python
import numpy as np
import pandas as pd
from scipy import stats

# Define focal non-cardiomyocyte populations for analysis
focal_pops = [
    'vFibro', 'aFibro', 'adFibro', 'EPDC', 'BEC', 'VEC',
    'VSMC', 'Pericyte', 'VIC', 'aEndocardial', 'vEndocardial'
]

# Check required columns
required_cols = ['Complexity', 'Purity', 'UMI Count', 'Populations', 'spatial_entropy_k20']
missing = [c for c in required_cols if c not in adata.obs.columns]
if missing:
    raise ValueError(f"Missing required columns in adata.obs: {missing}")

# Ensure numeric types where needed
for col in ['Complexity', 'Purity', 'UMI Count', 'spatial_entropy_k20']:
    adata.obs[col] = pd.to_numeric(adata.obs[col], errors='coerce')

print("Per-population regression of Complexity on entropy, Purity, and UMI Count")
print("(full data and restricted to top 70% Purity per population)\n")

results_rows = []

for pop in focal_pops:
    mask_pop = adata.obs['Populations'] == pop
    if mask_pop.sum() < 50:
        print(f"Skipping {pop}: only {mask_pop.sum()} cells (require >= 50).")
        continue

    df = adata.obs.loc[mask_pop, ['Complexity', 'Purity', 'UMI Count', 'spatial_entropy_k20']].dropna()
    n_full = df.shape[0]
    if n_full < 50:
        print(f"Skipping {pop} after dropna: only {n_full} cells with complete data.")
        continue

    # Helper to fit regression and partial correlation in a given DataFrame
    def fit_and_summarize(df_sub, subset_label):
        y = df_sub['Complexity'].values.astype(float)
        X = df_sub[['spatial_entropy_k20', 'Purity', 'UMI Count']].values.astype(float)
        # Standardize predictors for comparability
        X_mean = X.mean(axis=0)
        X_std = X.std(axis=0, ddof=0)
        X_std[X_std == 0] = 1.0
        X_z = (X - X_mean) / X_std
        # Add intercept
        X_design = np.column_stack([np.ones(X_z.shape[0]), X_z])

        # Fit via least squares
        beta, residuals, rank, s = np.linalg.lstsq(X_design, y, rcond=None)
        # Predicted and residuals for sigma^2
        y_hat = X_design @ beta
        resid = y - y_hat
        dof = X_design.shape[0] - X_design.shape[1]
        if dof > 0:
            sigma2 = (resid ** 2).sum() / dof
        else:
            sigma2 = np.nan

        # Variance-covariance matrix of betas
        XtX_inv = None
        try:
            XtX_inv = np.linalg.inv(X_design.T @ X_design)
        except np.linalg.LinAlgError:
            XtX_inv = np.linalg.pinv(X_design.T @ X_design)
        se_beta = np.sqrt(np.diag(XtX_inv) * sigma2)

        # t-stats and p-values for coefficients (2-sided)
        t_stats = beta / se_beta
        p_vals = 2 * stats.t.sf(np.abs(t_stats), df=dof) if dof > 0 else np.full_like(t_stats, np.nan)

        # Index mapping: intercept=0, entropy=1, purity=2, UMI=3
        idx_entropy = 1
        idx_purity = 2
        idx_umi = 3

        # Partial correlation between Complexity and entropy adjusted for Purity and UMI
        # Residualize Complexity and entropy on Purity+UMI
        Z = df_sub[['Purity', 'UMI Count']].values.astype(float)
        # Add intercept for residualization
        Z_design = np.column_stack([np.ones(Z.shape[0]), Z])

        # Residualize y
        beta_y, _, _, _ = np.linalg.lstsq(Z_design, y, rcond=None)
        y_resid = y - Z_design @ beta_y
        # Residualize entropy
        entropy = df_sub['spatial_entropy_k20'].values.astype(float)
        beta_e, _, _, _ = np.linalg.lstsq(Z_design, entropy, rcond=None)
        e_resid = entropy - Z_design @ beta_e

        if np.std(y_resid) > 0 and np.std(e_resid) > 0:
            r_partial, p_partial = stats.pearsonr(y_resid, e_resid)
        else:
            r_partial, p_partial = np.nan, np.nan

        # Store numeric results
        results_rows.append({
            'Population': pop,
            'Subset': subset_label,
            'N_cells': df_sub.shape[0],
            'coef_entropy_std': beta[idx_entropy],
            'se_entropy_std': se_beta[idx_entropy],
            't_entropy_std': t_stats[idx_entropy],
            'p_entropy_std': p_vals[idx_entropy],
            'coef_purity_std': beta[idx_purity],
            'p_purity_std': p_vals[idx_purity],
            'coef_umi_std': beta[idx_umi],
            'p_umi_std': p_vals[idx_umi],
            'partial_r_entropy': r_partial,
            'partial_p_entropy': p_partial
        })

        # Print concise summary for this subset
        print(f"{pop} ({subset_label}): N={df_sub.shape[0]}, coef_entropy_std={beta[idx_entropy]:.3f}, "
              f"p_entropy_std={p_vals[idx_entropy]:.3e}, partial_r_entropy={r_partial:.3f}, "
              f"partial_p_entropy={p_partial:.3e}")

    # Fit on all available cells in this population
    fit_and_summarize(df, subset_label='all')

    # Restrict to top 70% Purity in this population
    purity_threshold = df['Purity'].quantile(0.3)
    df_high_purity = df.loc[df['Purity'] >= purity_threshold]
    if df_high_purity.shape[0] >= 30:
        fit_and_summarize(df_high_purity, subset_label='top70_purity')
    else:
        print(f"{pop}: top70_purity subset has only {df_high_purity.shape[0]} cells; skipping restricted analysis.")

# Aggregate results table for reference
if results_rows:
    results_df = pd.DataFrame(results_rows)
    # Sort by Population and subset
    results_df = results_df.sort_values(['Population', 'Subset'])
    print("\nSummary table of entropy effects by population and subset (standardized predictors):")
    with pd.option_context('display.max_rows', None, 'display.max_columns', None):
        print(results_df.to_string(index=False, float_format=lambda x: f"{x:.4f}"))
else:
    print("No valid populations had sufficient cells for regression analysis.")

```


================================================================================
2026-05-17 10:56:35,868 - INFO
================================================================================
RESPONSE/OUTPUT: self_critique_3_2

APPLIED SELF-CRITIQUE - Analysis 3, Step 3


================================================================================
2026-05-17 10:56:35,868 - INFO
================================================================================
RESPONSE/OUTPUT: revised_analysis_3_2

Revised Hypothesis: Within major non-cardiomyocyte fibroblast and endothelial lineages, after accounting for Purity and UMI Count in a linear model, transcriptional Complexity remains positively associated with local spatial neighborhood heterogeneity (spatial_entropy_k20), indicating biologically distinct high-entropy, high-complexity states rather than purely low-purity artifacts.

Revised Analysis Plan:
1. Within major non-cardiomyocyte populations of interest (vFibro, aFibro, adFibro, EPDC, BEC, VEC, VSMC, Pericyte, VIC, aEndocardial, vEndocardial), model Complexity as a linear function of spatial_entropy_k20, Purity, and UMI Count using population-specific multiple linear regression (via np.linalg.lstsq) and partial correlation (via residualization), and for each population report whether spatial_entropy_k20 is a significant positive predictor of Complexity after adjustment, including analyses restricted to the top 70% of Purity per population (based on per-population 0.3 Purity quantiles).
2. Define 'interface hub' cells within each focal non-cardiomyocyte population by first excluding the lowest 30% of cells by Purity (per population), then selecting among the remaining cells those in the top 10% of spatial_entropy_k20; compare hub vs non-hub cells in terms of Complexity, Purity, and UMI Count using Mann–Whitney U tests and regression-based contrasts that adjust for Purity and UMI Count, and report effect sizes and p-values.
3. Perform within-population differential expression analysis between interface hub and non-hub cells using sc.tl.rank_genes_groups (method='wilcoxon') on each focal population separately with a binary hub_status label (hub vs nonhub), and summarize for each population the top upregulated genes in hubs (names, log fold-changes, test statistics, and adjusted p-values) to identify potential signaling or interaction-related markers of interface states.
4. Assess spatial positioning of interface hub cells relative to ventricular vs atrial cardiomyocyte territories by defining ventricular CMs (Populations starting with 'vCM-') and atrial CMs (Populations starting with 'aCM-'), computing for each non-cardiomyocyte cell its distances to the nearest ventricular and atrial cardiomyocyte within the same Sample_ID, deriving a boundary-proximity metric such as |d_ventricular - d_atrial|, and statistically comparing this metric between hub and non-hub cells within each population using Mann–Whitney U tests to determine whether hubs are enriched near putative atrial–ventricular interfaces.

Revised Code:
import numpy as np
import pandas as pd
from scipy import stats

# Define focal non-cardiomyocyte populations for analysis
focal_pops = [
    'vFibro', 'aFibro', 'adFibro', 'EPDC', 'BEC', 'VEC',
    'VSMC', 'Pericyte', 'VIC', 'aEndocardial', 'vEndocardial'
]

# Check required columns
required_cols = ['Complexity', 'Purity', 'UMI Count', 'Populations', 'spatial_entropy_k20']
missing = [c for c in required_cols if c not in adata.obs.columns]
if missing:
    raise ValueError(f"Missing required columns in adata.obs: {missing}")

# Ensure numeric types where needed
for col in ['Complexity', 'Purity', 'UMI Count', 'spatial_entropy_k20']:
    adata.obs[col] = pd.to_numeric(adata.obs[col], errors='coerce')

print("Per-population linear regression of Complexity on entropy, Purity, and UMI Count")
print("(full data and restricted to top 70% Purity per population; linear effects only)\n")

results_rows = []

# Helper to fit regression and partial correlation in a given DataFrame
def fit_and_summarize(df_sub, pop, subset_label):
    # Drop rows with any missing values in predictors or outcome
    df_sub = df_sub.dropna(subset=['Complexity', 'Purity', 'UMI Count', 'spatial_entropy_k20'])
    n = df_sub.shape[0]
    if n < 50:
        print(f"{pop} ({subset_label}): fewer than 50 cells with complete data; skipping.")
        return

    y = df_sub['Complexity'].values.astype(float)
    X = df_sub[['spatial_entropy_k20', 'Purity', 'UMI Count']].values.astype(float)

    # Standardize predictors for comparability and numerical stability
    X_mean = X.mean(axis=0)
    X_std = X.std(axis=0, ddof=0)
    X_std[X_std == 0] = 1.0
    X_z = (X - X_mean) / X_std

    # Add intercept
    X_design = np.column_stack([np.ones(X_z.shape[0]), X_z])

    # Fit via least squares (linear model; non-linearities are not modeled here)
    beta, residuals, rank, s = np.linalg.lstsq(X_design, y, rcond=None)

    # Predicted and residuals for sigma^2
    y_hat = X_design @ beta
    resid = y - y_hat
    dof = X_design.shape[0] - X_design.shape[1]
    if dof > 0:
        sigma2 = (resid ** 2).sum() / dof
    else:
        sigma2 = np.nan

    # Variance-covariance matrix of betas
    XtX = X_design.T @ X_design
    try:
        XtX_inv = np.linalg.inv(XtX)
    except np.linalg.LinAlgError:
        XtX_inv = np.linalg.pinv(XtX)
    se_beta = np.sqrt(np.diag(XtX_inv) * sigma2)

    # t-stats and p-values for coefficients (2-sided); guard against zero SE
    with np.errstate(divide='ignore', invalid='ignore'):
        t_stats = beta / se_beta
    if dof > 0:
        p_vals = 2 * stats.t.sf(np.abs(t_stats), df=dof)
    else:
        p_vals = np.full_like(t_stats, np.nan)

    # Index mapping: intercept=0, entropy=1, purity=2, UMI=3
    idx_entropy = 1
    idx_purity = 2
    idx_umi = 3

    # Partial correlation between Complexity and entropy adjusted for Purity and UMI
    Z = df_sub[['Purity', 'UMI Count']].values.astype(float)
    Z_design = np.column_stack([np.ones(Z.shape[0]), Z])

    # Residualize y
    beta_y, _, _, _ = np.linalg.lstsq(Z_design, y, rcond=None)
    y_resid = y - Z_design @ beta_y

    # Residualize entropy
    entropy = df_sub['spatial_entropy_k20'].values.astype(float)
    beta_e, _, _, _ = np.linalg.lstsq(Z_design, entropy, rcond=None)
    e_resid = entropy - Z_design @ beta_e

    if np.std(y_resid) > 0 and np.std(e_resid) > 0:
        r_partial, p_partial = stats.pearsonr(y_resid, e_resid)
    else:
        r_partial, p_partial = np.nan, np.nan

    # Store numeric results
    results_rows.append({
        'Population': pop,
        'Subset': subset_label,
        'N_cells': n,
        'coef_entropy_std': beta[idx_entropy],
        'se_entropy_std': se_beta[idx_entropy],
        't_entropy_std': t_stats[idx_entropy],
        'p_entropy_std': p_vals[idx_entropy],
        'coef_purity_std': beta[idx_purity],
        'p_purity_std': p_vals[idx_purity],
        'coef_umi_std': beta[idx_umi],
        'p_umi_std': p_vals[idx_umi],
        'partial_r_entropy': r_partial,
        'partial_p_entropy': p_partial,
        'rank_X_design': rank
    })

    print(f"{pop} ({subset_label}): N={n}, coef_entropy_std={beta[idx_entropy]:.3f}, "
          f"p_entropy_std={p_vals[idx_entropy]:.3e}, partial_r_entropy={r_partial:.3f}, "
          f"partial_p_entropy={p_partial:.3e}, rank={rank}")


for pop in focal_pops:
    mask_pop = adata.obs['Populations'] == pop
    n_pop = mask_pop.sum()
    if n_pop < 50:
        print(f"Skipping {pop}: only {n_pop} cells (require >= 50).")
        continue

    df = adata.obs.loc[mask_pop, ['Complexity', 'Purity', 'UMI Count', 'spatial_entropy_k20']]

    # Fit on all available cells in this population
    fit_and_summarize(df.copy(), pop=pop, subset_label='all')

    # Restrict to top 70% Purity in this population (per-population 0.3 quantile threshold)
    purity_threshold = df['Purity'].quantile(0.3)
    df_high_purity = df.loc[df['Purity'] >= purity_threshold]
    if df_high_purity.shape[0] >= 30:
        fit_and_summarize(df_high_purity.copy(), pop=pop, subset_label='top70_purity')
    else:
        print(f"{pop}: top70_purity subset has only {df_high_purity.shape[0]} cells; skipping restricted analysis.")

# Aggregate results table for reference
if results_rows:
    results_df = pd.DataFrame(results_rows)
    results_df = results_df.sort_values(['Population', 'Subset'])
    print("\nSummary table of entropy effects by population and subset (standardized predictors; linear model):")
    with pd.option_context('display.max_rows', None, 'display.max_columns', None):
        print(results_df.to_string(index=False, float_format=lambda x: f"{x:.4f}"))
else:
    print("No valid populations had sufficient cells for regression analysis.")



================================================================================
2026-05-17 10:56:35,982 - INFO
================================================================================
RESPONSE/OUTPUT: step_execution_success_3_3

STEP 3 RAN SUCCESSFULLY - Analysis 3


================================================================================
2026-05-17 10:56:59,255 - INFO
================================================================================
RESPONSE/OUTPUT: results_interpretation_3_3

These regressions already give a fairly clear answer about the core hypothesis and point directly to which lineages are worth pursuing in the “interface hub” analysis versus which ones may not yield interesting biology.

**1. Hypothesis evaluation (Complexity vs spatial_entropy_k20 after adjusting for Purity and UMI)**

You tested the key piece of the hypothesis: within each non-CM population, does spatial entropy predict Complexity after controlling for Purity and UMI-Count?

Summary by population (focusing on entropy effects on standardized scale and partial r):

- **Clear positive associations (supportive of hypothesis):**
  - **aFibro**: coef ≈ 0.18, partial r ≈ 0.065–0.077, p ≈ 10⁻⁸ in both all and top70% Purity.
  - **adFibro**: coef ≈ 0.40 (all) / 0.17 (top70), partial r ≈ 0.19 / 0.096, p ≪ 0.01.
  - **BEC**: coef ≈ 0.15–0.16, partial r ≈ 0.06–0.07, p ≈ 10⁻¹¹–10⁻¹⁰.
  - **VEC**: coef ≈ 0.40–0.49, partial r ≈ 0.14–0.18, p ≈ 10⁻¹⁸–10⁻²¹.
  - **aEndocardial**: coef ≈ 0.42 / 0.25, partial r ≈ 0.20 / 0.15, p ≈ 10⁻⁴¹–10⁻¹⁷.
  - **vEndocardial**: coef ≈ 0.27–0.33, partial r ≈ 0.13–0.17, p ≈ 10⁻⁴⁴–10⁻⁴⁷.
  - **VIC (all only)**: small but significant positive effect (coef ≈ 0.13, partial r ≈ 0.037), which disappears in top70% Purity.

  These lineages fit the hypothesized pattern: **higher local spatial heterogeneity is associated with higher Complexity independent of Purity and UMIs**. Effect sizes are modest (as expected for single-cell complexity metrics) but robust and consistent across full and high-purity subsets for most of these types.

- **Negative or absent associations (do *not* support the hypothesis as stated):**
  - **EPDC**: strong and **negative** association (coef ≈ -0.83 / -0.95, partial r ≈ -0.30 / -0.33, p ~ 10⁻¹⁷¹). This is a clear counterexample: higher-entropy EPDC cells are less complex after adjustment.
  - **VSMC**: no signal in “all” (coef ≈ 0.028, p ≈ 0.59) but significantly **negative** in top70% Purity (coef ≈ -0.20, partial r ≈ -0.062, p ≈ 4×10⁻⁴).
  - **vFibro**: essentially no relationship (coef ≈ 0.00–0.02, partial r ≈ 0.001–0.008, p ≫ 0.05).
  - **Pericyte**: weak, non-significant positive trends (coef ≈ 0.03–0.04; partial r ~0.014–0.020; p ~0.2–0.3), so no compelling effect.
  - **VIC (top70% Purity)**: entropy effect disappears in high-purity subset.

**Interpretation relative to the hypothesis:**

- The **hypothesis is partially validated**:
  - Strong support in **atrial/AV fibroblasts (aFibro, adFibro)**, **vascular/valve endothelia (BEC, VEC)**, and **atrial/ventricular endocardium (aEndocardial, vEndocardial)**, where high-entropy cells are genuinely more complex even when controlling for Purity and UMI Count and after excluding low-purity cells.
  - These are prime candidates for biologically distinct “interface/high-entropy, high-complexity” states.

- But it is **not universally true across all non-CM lineages**:
  - **EPDC** and **VSMC** show the opposite trend in high-purity cells (higher entropy → *lower* Complexity).
  - **vFibro, Pericyte, and high-purity VIC** do not show a meaningful association.

So, for the subsequent steps, it will be important to treat lineages differently rather than assuming a universal positive relationship.

---

**2. Guidance for defining and analyzing “interface hubs” (next steps of your plan)**

Given these results, here is how I’d prioritize and interpret the upcoming “hub” analyses:

1. **Focus interface hub analyses on lineages where entropy–Complexity association is robustly positive:**
   - **High-priority populations for hub vs non-hub comparisons and DE:**
     - aFibro, adFibro
     - BEC, VEC
     - aEndocardial, vEndocardial
   - **Moderate-priority / exploratory:**
     - VIC (but be cautious: signal is driven by lower-purity strata; high-purity VIC shows no entropy effect).

   For these types, you can interpret “interface hubs” (top 10% entropy among top 70% purity) as **enriched for high-Complexity transcriptional states**, not just technical mixtures.

2. **Use high-purity subset for hub definition as planned.**
   - Your regression shows the entropy–Complexity relationships largely **persist or strengthen** in the top 70% purity subset for the positive-effect lineages, which justifies using that subset to define hubs.
   - This is crucial to support the “not purely low-purity artifacts” part of the hypothesis.

3. **Adjust for Purity and UMI in hub vs non-hub contrasts.**
   - In most populations, **Purity and UMI have strong negative coefficients** in the regressions (i.e., lower purity and sometimes lower UMI = higher Complexity). That’s a potential confound.
   - When you compare hubs vs non-hubs:
     - Do both **Mann–Whitney U tests on raw Complexity** and
     - **Regression contrasts** (Complexity ~ hub_status + Purity + UMI) within each population.
   - For the positive-effect lineages, you should see hub_status remain significant with a positive coefficient, further consolidating the idea of biologically meaningful states.

4. **Interpretation for EPDC and VSMC in hub analysis:**
   - **EPDC**: since higher entropy is strongly associated with *lower* Complexity even in high-purity cells, your “interface hubs” (high entropy, high purity) will likely be **lower-complexity EPDC states**. This is biologically interesting but opposite to the original hypothesis.
     - Still worth including, but interpret hubs as **distinct low-complexity interface-like EPDC states**, potentially reflecting a more restricted or specialized epigenetic program at interfaces.
   - **VSMC**: similarly, in top70% purity, high entropy is linked to lower Complexity. For VSMC hubs, expect **reduced Complexity relative to non-hubs after adjustment**.
   - For both, you can explicitly frame them as “inverse-relationship interface states” and contrast their DE patterns with those from the positively associated lineages; it gives you a nuanced story rather than a single monotonic pattern.

5. **Deprioritize vFibro and Pericytes for the interface-Complexity story.**
   - The near-zero effect sizes and non-significant partial correlations suggest that for **vFibro and Pericytes**, high spatial entropy does not map cleanly onto Complexity after adjustment.
   - You could still define hubs for completeness and for the spatial positioning analysis, but I would:
     - Expect smaller or absent differences in Complexity between hub and non-hub cells.
     - Put them lower priority for extensive DE and interpretation.

---

**3. Suggestions for the DE step (hub vs non-hub within populations)**

Given that Complexity is only weakly correlated with entropy (partial r ~0.06–0.18 even in the strongest cases), hubs are not just “top complexity outliers”; they’re **spatially-defined subgroups**. The DE step is where you can extract biological meaning:

- For **positive-effect lineages (aFibro, adFibro, BEC, VEC, aEndocardial, vEndocardial)**:
  - DE genes up in hubs will likely reflect **signaling, interaction, and plasticity** states at spatially heterogeneous interfaces.
  - Because multiple populations show similar entropy–Complexity behavior, look for:
    - Recurrent genes upregulated in hubs across several lineages (e.g., shared signaling ligands/receptors).
    - Population-specific interface programs (e.g., fibroblast vs endocardial interface signatures).

- For **EPDC and VSMC (negative association)**:
  - DE genes up in hubs will instead mark **low-complexity, high-entropy states**.
  - Compare these signatures to positive-effect lineages:
    - Are there distinct sets of developmental regulators or extracellular matrix genes that define EPDC/VSMC “simplification” at interfaces?

---

**4. Spatial positioning analysis (later step: distances to atrial vs ventricular CMs)**

The regression results suggest that **endocardial and endothelial lineages** are particularly promising for the spatial boundary analysis:

- **aEndocardial, vEndocardial, VEC, BEC**:
  - Strong positive entropy–Complexity relationships.
  - Biologically plausible to act as interface layers between atrial and ventricular territories or across vascular/valve boundaries.
  - When you compute the boundary-proximity metric |d_ventricular - d_atrial|, I would especially focus on:
    - Whether endocardial and valve endothelial hubs **cluster near low boundary distance** (i.e., near atrial–ventricular interfaces).
    - Whether this is more pronounced in the positively associated populations than in EPDC/VSMC.

- **aFibro/adFibro**:
  - Also strong positive relationships; look for whether fibroblast hubs are enriched around atrial–ventricular transition zones or around specialized structures (e.g., valve/AVC regions, depending on sample metadata).

- **EPDC and VSMC**:
  - For the negative-association lineages, the spatial test can help you decide whether their high-entropy/low-complexity hubs are:
    - Also enriched near boundaries (suggesting a different kind of interface adaptation), or
    - Distributed elsewhere (which would argue that for these lineages, entropy reflects something other than a classic AV interface).

---

**5. Methodological checks / extensions to consider (if you iterate)**

- **Non-linearity and interactions:** The current model is strictly linear. For some populations (e.g., EPDC), a strong negative coefficient might partly reflect non-linear effects or interactions between entropy and Purity. If you want to explore further:
  - Fit models with quadratic terms or entropy × Purity interactions in a subset of populations.
  - Check whether the sign of the entropy effect is robust to such extensions.

- **Effect size visualization:** For interpretability and to guide the DE:
  - Plot Complexity vs spatial_entropy_k20 for a few representative populations, color-coded by Purity or UMI, with regression lines for binned Purity strata.
  - This may help visually confirm that the positive and negative trends reflect real biology and not just leverage from a small subset of cells.

---

**Bottom line for next steps:**

- **Strongly proceed** with hub definition and hub vs non-hub analyses in:
  - aFibro, adFibro, BEC, VEC, aEndocardial, vEndocardial (and optionally VIC).
- **Include EPDC and VSMC** as contrasting cases with negative entropy–Complexity coupling; interpret their hubs accordingly.
- **Treat vFibro and Pericytes as lower priority** for the “high-entropy, high-complexity” hypothesis, but you may still analyze them for completeness or unexpected spatial patterns.
- Use the upcoming DE and spatial positioning steps to articulate:
  - Which lineages host **high-entropy, high-complexity interface states**, and
  - Which lineages show **high-entropy, low-complexity** or **no clear relationship**, giving a more nuanced, lineage-specific view than the original hypothesis implied.


================================================================================
2026-05-17 10:57:16,313 - INFO
================================================================================
RESPONSE/OUTPUT: initial_analysis_3_3

NEXT STEP PLAN - Analysis 3, Step 4: Within major non-cardiomyocyte Populations (vFibro, aFibro, adFibro, EPDC, BEC, VEC, VSMC, Pericyte, VIC, aEndocardial, vEndocardial), formally compare 'interface hub' vs non-hub cells after first excluding the lowest 30% of cells by Purity per population and defining hubs as the top 10% of spatial_entropy_k20 within the retained cells; for each population, test differences in Complexity, Purity, and UMI Count using Mann–Whitney U tests and regression-based contrasts (Complexity ~ hub_status + Purity + UMI Count) and report effect sizes and p-values, highlighting lineages with positive vs negative entropy–Complexity coupling from the prior regression step.

Code:
```python
import numpy as np
import pandas as pd
from scipy import stats

# Focal non-cardiomyocyte populations (same as in the regression step)
focal_pops = [
    'vFibro', 'aFibro', 'adFibro', 'EPDC', 'BEC', 'VEC',
    'VSMC', 'Pericyte', 'VIC', 'aEndocardial', 'vEndocardial'
]

required_cols = ['Complexity', 'Purity', 'UMI Count', 'Populations', 'spatial_entropy_k20']
missing = [c for c in required_cols if c not in adata.obs.columns]
if missing:
    raise ValueError(f"Missing required columns in adata.obs: {missing}")

# Ensure numeric types
for col in ['Complexity', 'Purity', 'UMI Count', 'spatial_entropy_k20']:
    adata.obs[col] = pd.to_numeric(adata.obs[col], errors='coerce')

results = []

print("Defining interface hubs (top 10% entropy within top 70% Purity) per population and comparing Complexity, Purity, and UMI Count between hub and non-hub cells.\n")

for pop in focal_pops:
    mask_pop = adata.obs['Populations'] == pop
    n_pop = int(mask_pop.sum())
    if n_pop < 50:
        print(f"Skipping {pop}: only {n_pop} cells (require >= 50).")
        continue

    df = adata.obs.loc[mask_pop, ['Complexity', 'Purity', 'UMI Count', 'spatial_entropy_k20']].copy()
    df = df.dropna(subset=['Complexity', 'Purity', 'UMI Count', 'spatial_entropy_k20'])
    if df.shape[0] < 50:
        print(f"Skipping {pop}: fewer than 50 cells with complete data after dropping NAs.")
        continue

    # Per-population purity floor: exclude bottom 30% by Purity
    purity_floor = df['Purity'].quantile(0.3)
    df_hp = df[df['Purity'] >= purity_floor].copy()
    n_hp = df_hp.shape[0]
    if n_hp < 40:
        print(f"{pop}: fewer than 40 cells after applying 30% Purity floor (N={n_hp}); skipping hub definition.")
        continue

    # Define hubs as top 10% of spatial_entropy_k20 within high-purity cells
    entropy_thresh = df_hp['spatial_entropy_k20'].quantile(0.9)
    df_hp['hub_status'] = (df_hp['spatial_entropy_k20'] >= entropy_thresh).astype(int)

    n_hub = int(df_hp['hub_status'].sum())
    n_nonhub = int((df_hp['hub_status'] == 0).sum())
    if n_hub < 10 or n_nonhub < 20:
        print(f"{pop}: insufficient hub/non-hub cells after thresholds (hubs={n_hub}, non-hubs={n_nonhub}); skipping.")
        continue

    # Mann–Whitney U tests for Complexity, Purity, UMI Count
    summary = {"Population": pop, "N_total": int(df.shape[0]), "N_hp": n_hp,
               "N_hub": n_hub, "N_nonhub": n_nonhub,
               "purity_floor": float(purity_floor), "entropy_hub_thresh": float(entropy_thresh)}

    for var in ['Complexity', 'Purity', 'UMI Count']:
        vals_hub = df_hp.loc[df_hp['hub_status'] == 1, var].values
        vals_non = df_hp.loc[df_hp['hub_status'] == 0, var].values
        u_stat, p_u = stats.mannwhitneyu(vals_hub, vals_non, alternative='two-sided')
        mean_hub = float(np.mean(vals_hub))
        mean_non = float(np.mean(vals_non))
        med_hub = float(np.median(vals_hub))
        med_non = float(np.median(vals_non))
        # Rank-biserial effect size (hub vs non-hub)
        n1 = len(vals_hub)
        n2 = len(vals_non)
        r_rb = 1.0 - (2.0 * u_stat) / (n1 * n2)

        summary[f'{var}_mean_hub'] = mean_hub
        summary[f'{var}_mean_nonhub'] = mean_non
        summary[f'{var}_median_hub'] = med_hub
        summary[f'{var}_median_nonhub'] = med_non
        summary[f'{var}_U_stat'] = float(u_stat)
        summary[f'{var}_U_p'] = float(p_u)
        summary[f'{var}_rank_biserial'] = float(r_rb)

    # Regression-based contrast for Complexity: Complexity ~ hub_status + Purity + UMI Count
    reg_df = df_hp[['Complexity', 'Purity', 'UMI Count', 'hub_status']].dropna()
    y = reg_df['Complexity'].values.astype(float)
    X_cov = reg_df[['hub_status', 'Purity', 'UMI Count']].values.astype(float)

    # Standardize continuous covariates (Purity, UMI Count), keep hub_status as 0/1
    X_std = X_cov.copy()
    # column 0: hub_status, 1: Purity, 2: UMI
    for j in [1, 2]:
        col_mean = X_std[:, j].mean()
        col_std = X_std[:, j].std(ddof=0)
        if col_std == 0:
            col_std = 1.0
        X_std[:, j] = (X_std[:, j] - col_mean) / col_std

    X_design = np.column_stack([np.ones(X_std.shape[0]), X_std])
    beta, residuals, rank, s = np.linalg.lstsq(X_design, y, rcond=None)
    dof = X_design.shape[0] - X_design.shape[1]
    if dof > 0:
        sigma2 = float(((y - X_design @ beta) ** 2).sum() / dof)
    else:
        sigma2 = np.nan

    XtX = X_design.T @ X_design
    try:
        XtX_inv = np.linalg.inv(XtX)
    except np.linalg.LinAlgError:
        XtX_inv = np.linalg.pinv(XtX)
    se_beta = np.sqrt(np.diag(XtX_inv) * sigma2)

    with np.errstate(divide='ignore', invalid='ignore'):
        t_stats = beta / se_beta
    if dof > 0:
        p_vals = 2 * stats.t.sf(np.abs(t_stats), df=dof)
    else:
        p_vals = np.full_like(t_stats, np.nan)

    # hub_status coefficient is at index 1 (after intercept)
    summary['Complexity_coef_hubstatus'] = float(beta[1])
    summary['Complexity_se_hubstatus'] = float(se_beta[1])
    summary['Complexity_t_hubstatus'] = float(t_stats[1])
    summary['Complexity_p_hubstatus'] = float(p_vals[1])
    summary['regression_dof'] = int(dof)

    results.append(summary)

    print(f"{pop}: N_hp={n_hp}, hubs={n_hub}, non-hubs={n_nonhub}; "
          f"Complexity (MWU) rank-biserial={summary['Complexity_rank_biserial']:.3f}, p={summary['Complexity_U_p']:.3e}; "
          f"regression hub_status coef={summary['Complexity_coef_hubstatus']:.3f}, p={summary['Complexity_p_hubstatus']:.3e}")

# Convert to DataFrame and print a compact summary table
if results:
    res_df = pd.DataFrame(results)
    cols_show = [
        'Population', 'N_total', 'N_hp', 'N_hub', 'N_nonhub',
        'purity_floor', 'entropy_hub_thresh',
        'Complexity_mean_hub', 'Complexity_mean_nonhub',
        'Complexity_rank_biserial', 'Complexity_U_p',
        'Complexity_coef_hubstatus', 'Complexity_p_hubstatus'
    ]
    cols_show = [c for c in cols_show if c in res_df.columns]
    print("\nSummary of hub vs non-hub Complexity differences (per population):")
    with pd.option_context('display.max_rows', None, 'display.max_columns', None):
        print(res_df[cols_show].sort_values('Population').to_string(index=False, float_format=lambda x: f"{x:.4f}"))
else:
    print("No populations yielded valid hub vs non-hub comparisons.")

```


================================================================================
2026-05-17 10:57:52,971 - INFO
================================================================================
RESPONSE/OUTPUT: self_critique_3_3

APPLIED SELF-CRITIQUE - Analysis 3, Step 4


================================================================================
2026-05-17 10:57:52,971 - INFO
================================================================================
RESPONSE/OUTPUT: revised_analysis_3_3

Revised Hypothesis: Within selected non-cardiomyocyte fibroblast, endothelial, endocardial, and related lineages, after adjusting for Purity and UMI Count, spatial neighborhood entropy remains a lineage-specific predictor of transcriptional Complexity, and cells in the highest-entropy, reasonably pure subset ('interface hubs') show distinct Complexity and covariate profiles relative to non-hub cells, including inverse entropy–Complexity patterns in EPDC and VSMC.

Revised Analysis Plan:
1. Use existing per-population regressions of Complexity on spatial_entropy_k20, Purity, and UMI Count (including high-purity subsets) to classify each focal lineage by the sign and significance of its entropy–Complexity coupling (positive, negative, or null), and treat these regression summaries as the formal test of whether entropy remains a predictor of Complexity after adjustment.
2. Within major non-cardiomyocyte Populations (vFibro, aFibro, adFibro, EPDC, BEC, VEC, VSMC, Pericyte, VIC, aEndocardial, vEndocardial), compare 'interface hub' vs non-hub cells after excluding the lowest 30% of cells by Purity per population and defining hubs as the top 10% of spatial_entropy_k20 within the retained cells; for each population, test differences in Complexity, Purity, and UMI Count using Mann–Whitney U tests and regression-based contrasts (Complexity ~ hub_status + Purity + UMI Count), then summarize whether the observed hub_status effects on Complexity align with the previously estimated entropy–Complexity regression sign (including inverse patterns in EPDC and VSMC).
3. Perform within-population differential expression analysis between interface hub and non-hub cells for each focal population using sc.tl.rank_genes_groups (method='wilcoxon') on a binary hub_status label, and for each lineage summarize the top upregulated hub markers (names, log fold-changes, statistics, and adjusted p-values), highlighting whether lineages with positive versus negative entropy–Complexity coupling show distinct categories of DE genes (e.g., signaling/interaction versus more restricted programs).

Revised Code:
import numpy as np
import pandas as pd
from scipy import stats

# Focal non-cardiomyocyte populations (same as in the regression step)
focal_pops = [
    'vFibro', 'aFibro', 'adFibro', 'EPDC', 'BEC', 'VEC',
    'VSMC', 'Pericyte', 'VIC', 'aEndocardial', 'vEndocardial'
]

required_cols = ['Complexity', 'Purity', 'UMI Count', 'Populations', 'spatial_entropy_k20']
missing = [c for c in required_cols if c not in adata.obs.columns]
if missing:
    raise ValueError(f"Missing required columns in adata.obs: {missing}")

# Ensure numeric types
for col in ['Complexity', 'Purity', 'UMI Count', 'spatial_entropy_k20']:
    adata.obs[col] = pd.to_numeric(adata.obs[col], errors='coerce')

results = []

print("Defining interface hubs (top 10% entropy within top 70% Purity) per population and comparing Complexity, Purity, and UMI Count between hub and non-hub cells.\n")

for pop in focal_pops:
    mask_pop = adata.obs['Populations'] == pop
    n_pop = int(mask_pop.sum())
    if n_pop < 50:
        print(f"Skipping {pop}: only {n_pop} cells (require >= 50).")
        continue

    df = adata.obs.loc[mask_pop, ['Complexity', 'Purity', 'UMI Count', 'spatial_entropy_k20']].copy()
    df = df.dropna(subset=['Complexity', 'Purity', 'UMI Count', 'spatial_entropy_k20'])
    if df.shape[0] < 50:
        print(f"Skipping {pop}: fewer than 50 cells with complete data after dropping NAs.")
        continue

    # Per-population purity floor: exclude bottom 30% by Purity
    purity_floor = df['Purity'].quantile(0.3)
    df_hp = df[df['Purity'] >= purity_floor].copy()
    n_hp = df_hp.shape[0]
    if n_hp < 40:
        print(f"{pop}: fewer than 40 cells after applying 30% Purity floor (N={n_hp}); skipping hub definition.")
        continue

    # Define hubs as top 10% of spatial_entropy_k20 within high-purity cells
    entropy_thresh = df_hp['spatial_entropy_k20'].quantile(0.9)
    df_hp['hub_status'] = (df_hp['spatial_entropy_k20'] >= entropy_thresh).astype(int)

    n_hub = int(df_hp['hub_status'].sum())
    n_nonhub = int((df_hp['hub_status'] == 0).sum())
    if n_hub < 10 or n_nonhub < 20:
        print(f"{pop}: insufficient hub/non-hub cells after thresholds (hubs={n_hub}, non-hubs={n_nonhub}); skipping.")
        continue

    # Mann–Whitney U tests for Complexity, Purity, UMI Count
    summary = {"Population": pop, "N_total": int(df.shape[0]), "N_hp": n_hp,
               "N_hub": n_hub, "N_nonhub": n_nonhub,
               "purity_floor": float(purity_floor), "entropy_hub_thresh": float(entropy_thresh)}

    for var in ['Complexity', 'Purity', 'UMI Count']:
        vals_hub = df_hp.loc[df_hp['hub_status'] == 1, var].values
        vals_non = df_hp.loc[df_hp['hub_status'] == 0, var].values
        # Guard against completely constant distributions in both groups
        if (len(vals_hub) == 0 or len(vals_non) == 0 or
            (np.all(vals_hub == vals_hub[0]) and np.all(vals_non == vals_non[0]))):
            u_stat, p_u, r_rb = np.nan, 1.0, 0.0
        else:
            u_stat, p_u = stats.mannwhitneyu(vals_hub, vals_non, alternative='two-sided')
            n1 = len(vals_hub)
            n2 = len(vals_non)
            # Rank-biserial effect size (positive means hubs tend to have higher values)
            r_rb = 1.0 - (2.0 * u_stat) / (n1 * n2)

        mean_hub = float(np.mean(vals_hub))
        mean_non = float(np.mean(vals_non))
        med_hub = float(np.median(vals_hub))
        med_non = float(np.median(vals_non))

        summary[f'{var}_mean_hub'] = mean_hub
        summary[f'{var}_mean_nonhub'] = mean_non
        summary[f'{var}_median_hub'] = med_hub
        summary[f'{var}_median_nonhub'] = med_non
        summary[f'{var}_U_stat'] = float(u_stat) if not np.isnan(u_stat) else np.nan
        summary[f'{var}_U_p'] = float(p_u)
        summary[f'{var}_rank_biserial'] = float(r_rb)

    # Regression-based contrast for Complexity: Complexity ~ hub_status + Purity + UMI Count
    reg_df = df_hp[['Complexity', 'Purity', 'UMI Count', 'hub_status']].dropna()
    y = reg_df['Complexity'].values.astype(float)
    X_cov = reg_df[['hub_status', 'Purity', 'UMI Count']].values.astype(float)

    # Standardize continuous covariates (Purity, UMI Count), keep hub_status as 0/1
    X_std = X_cov.copy()
    # column 0: hub_status, 1: Purity, 2: UMI
    for j in [1, 2]:
        col_mean = X_std[:, j].mean()
        col_std = X_std[:, j].std(ddof=0)
        if col_std == 0:
            col_std = 1.0
        X_std[:, j] = (X_std[:, j] - col_mean) / col_std

    X_design = np.column_stack([np.ones(X_std.shape[0]), X_std])
    beta, residuals, rank, s = np.linalg.lstsq(X_design, y, rcond=None)
    dof = X_design.shape[0] - X_design.shape[1]
    if dof > 0:
        sigma2 = float(((y - X_design @ beta) ** 2).sum() / dof)
    else:
        sigma2 = np.nan

    XtX = X_design.T @ X_design
    try:
        XtX_inv = np.linalg.inv(XtX)
    except np.linalg.LinAlgError:
        XtX_inv = np.linalg.pinv(XtX)
    se_beta = np.sqrt(np.diag(XtX_inv) * sigma2)

    with np.errstate(divide='ignore', invalid='ignore'):
        t_stats = beta / se_beta
    if dof > 0:
        p_vals = 2 * stats.t.sf(np.abs(t_stats), df=dof)
    else:
        p_vals = np.full_like(t_stats, np.nan)

    # hub_status coefficient is at index 1 (after intercept)
    summary['Complexity_coef_hubstatus'] = float(beta[1])
    summary['Complexity_se_hubstatus'] = float(se_beta[1]) if not np.isnan(se_beta[1]) else np.nan
    summary['Complexity_t_hubstatus'] = float(t_stats[1]) if not np.isnan(t_stats[1]) else np.nan
    summary['Complexity_p_hubstatus'] = float(p_vals[1]) if not np.isnan(p_vals[1]) else np.nan
    summary['regression_dof'] = int(dof)

    results.append(summary)

    print(f"{pop}: N_hp={n_hp}, hubs={n_hub}, non-hubs={n_nonhub}; "
          f"Complexity (MWU) rank-biserial={summary['Complexity_rank_biserial']:.3f}, p={summary['Complexity_U_p']:.3e}; "
          f"regression hub_status coef={summary['Complexity_coef_hubstatus']:.3f}, p={summary['Complexity_p_hubstatus']:.3e}")

# Convert to DataFrame and print a compact summary table
if results:
    res_df = pd.DataFrame(results)
    cols_show = [
        'Population', 'N_total', 'N_hp', 'N_hub', 'N_nonhub',
        'purity_floor', 'entropy_hub_thresh',
        'Complexity_mean_hub', 'Complexity_mean_nonhub',
        'Complexity_rank_biserial', 'Complexity_U_p',
        'Complexity_coef_hubstatus', 'Complexity_p_hubstatus'
    ]
    cols_show = [c for c in cols_show if c in res_df.columns]
    print("\nSummary of hub vs non-hub Complexity differences (per population):")
    with pd.option_context('display.max_rows', None, 'display.max_columns', None):
        print(res_df[cols_show].sort_values('Population').to_string(index=False, float_format=lambda x: f"{x:.4f}"))
else:
    print("No populations yielded valid hub vs non-hub comparisons.")



================================================================================
2026-05-17 10:57:53,109 - INFO
================================================================================
RESPONSE/OUTPUT: step_execution_success_3_4

STEP 4 RAN SUCCESSFULLY - Analysis 3


================================================================================
2026-05-17 10:58:10,834 - INFO
================================================================================
RESPONSE/OUTPUT: results_interpretation_3_4

These results are highly informative and largely supportive of the hypothesis that, within non-cardiomyocyte lineages, spatial neighborhood entropy remains a lineage-specific predictor of Complexity after adjusting for Purity and UMI, and that “interface hub” cells differ systematically from non-hubs.

Key points and how they inform next steps:

1. **Hub vs non-hub Complexity effects are large and robust in almost all populations**

   - All lineages except VIC show **strong, highly significant hub_status coefficients** in the regression `Complexity ~ hub_status + Purity + UMI Count`:
     - Positive hub_status effects on Complexity: vFibro, aFibro, adFibro, BEC, VEC, Pericyte, aEndocardial, vEndocardial (β ≈ 0.55–1.19).
     - Negative hub_status effects on Complexity: EPDC (β ≈ −0.91), VSMC (β ≈ −0.74).
     - VIC: weak/non-significant (β ≈ 0.15, p ≈ 0.10).
   - This strongly supports **lineage-specific entropy–Complexity coupling** after adjusting for Purity and UMI, and provides **clear evidence of inverse patterns specifically in EPDC and VSMC**, exactly as hypothesized.

   Interpretation:
   - For most non-CM lineages, high-entropy “interface hubs” are **more complex transcriptionally**, even given similar Purity and UMI.
   - In EPDC and VSMC, the opposite holds: high-entropy hubs are **less complex** once Purity/UMI are controlled, matching the idea of distinct, possibly more specialized or constrained interaction states at high-entropy interfaces.

   This regression-based contrast is already a good **formal test** for the hypothesis that entropy remains predictive of Complexity beyond technical covariates.

2. **Raw vs adjusted comparisons highlight the importance of covariate adjustment**

   - For most lineages, the Mann–Whitney rank-biserial for Complexity is **negative** (hubs > non-hubs in mean Complexity, but negative rank-biserial because of how r_rb is defined — here, the sign indicates hubs tend to have *higher* values when r_rb is negative under your formula).
   - EPDC is flipped: MWU rank-biserial **positive** (~0.22), with **mean Complexity lower in hubs** (11.96 vs 12.84) and a **negative regression coefficient** (~−0.91). This is internally consistent and shows a genuinely inverse relationship not driven by Purity/UMI.
   - VSMC: mean Complexity of hubs >> non-hubs (10.77 vs 7.39), and both MWU (r_rb strongly negative) and regression (β ~ −0.74) show that, *after controlling for Purity/UMI*, hub status predicts **lower** Complexity relative to what would be expected given covariates. That is, raw and adjusted views tell different stories—this is one of the more interesting lineages mechanistically.

   This highlights that EPDC and VSMC are **non-trivial**: in VSMC, hubs look “highly complex” in absolute terms, but once Purity and UMI are accounted for, they are relatively downshifted in Complexity. This is exactly the kind of nuanced inverse entropy–Complexity pattern your hypothesis is pointing at.

3. **Lineage-wise pattern summary for later steps**

   For the downstream DE and interpretive steps, you now have a clear partition of lineages by **sign of entropy–Complexity coupling after adjustment**:

   - **Positive coupling lineages** (hubs higher Complexity given covariates):
     - vFibro, aFibro, adFibro
     - BEC, VEC
     - Pericyte
     - aEndocardial, vEndocardial
     - (VIC likely “weak/ambiguous” and could be set aside or treated as neutral)

   - **Negative coupling lineages** (hubs lower Complexity given covariates):
     - EPDC
     - VSMC

   This is exactly the grouping you need for step 3: “highlight whether lineages with positive versus negative entropy–Complexity coupling show distinct categories of DE genes.”  

4. **How to leverage these results for the next DE step**

   Concrete suggestions for step 3:

   a. **Define hub_status as already computed (per population) and reuse the same high-purity subset**  
   - Restrict to the same high-purity cells per population (≥30% quantile in Purity).
   - Use the existing `hub_status` label (0/1) you’ve generated per population.
   - Run `sc.tl.rank_genes_groups` within each focal population on this subset:  
     `sc.tl.rank_genes_groups(adata_pop, groupby='hub_status', method='wilcoxon', use_raw=False, pts=True)`  
     Make sure you know which group is “1” (hubs) in the Scanpy output.

   b. **Compare DE patterns between positive- and negative-coupling groups**

   For each population:
   - Extract top upregulated genes in hubs (e.g., top 20 by log2FC, with FDR < 0.05).
   - Summarize whether these genes are:
     - signaling/ligand/receptor/cell–cell interaction markers,
     - proliferation/stress/metabolic genes,
     - canonical lineage markers vs cross-lineage signatures.

   Then:
   - **Contrast positive vs negative coupling lineages**:
     - Do lineages with **positive** entropy–Complexity coupling (e.g., fibroblasts, endothelial, endocardial, pericytes) show hub markers enriched for **interaction/communication programs** (e.g., multiple ligands, receptors, ECM modifiers)?
     - Do **EPDC/VSMC hubs**, which show **negative** coupling, instead upregulate a **more restricted, possibly contractile or ECM-focused** program with *reduced* apparent transcriptomic breadth?

   Given the 140-gene panel, you won’t get full pathway coverage, but you can still test:
   - Are hubs enriched for genes from multiple functional “modules” (e.g., a mix of TFs + ligands + receptors + ECM) in positive lineages, versus a narrower, maybe more specialized module in EPDC/VSMC?
   - Are any canonical EPDC or VSMC markers *downregulated* in hubs if they indeed represent a more interaction-dominated, less internally complex state?

   c. **Relate DE patterns back to Complexity and covariates**

   For a small set of top hub-up genes per lineage:
   - Examine whether their expression correlates with Complexity and entropy within that lineage (simple Spearman, adjusted for Purity/UMI if desired).
   - Specifically in EPDC and VSMC:
     - Do hub-up genes show **negative association** with Complexity at fixed entropy/Purity/UMI?
     - This would help tie the inverse entropy–Complexity coupling to particular programs.

5. **Quality checks and potential refinements**

   - **VIC**: effect is weak; you might either:
     - Exclude VIC from “interface hub” biological interpretations, or
     - Treat it as a neutral/ambiguous lineage and see whether DE patterns look qualitatively different from both positive and negative groups.
   - **Purity confounding**:
     - You’ve adjusted for Purity in regression, which is good.
     - Still, for interpretability, you might summarize **Purity_mean_hub vs Purity_mean_nonhub** per lineage (already computed) to see whether hubs are consistently cleaner or more contaminated. This can help interpret whether complexity differences might be partially technical in appearance, even if statistically adjusted.

6. **Implications for the hypothesis**

   - The **first part of the hypothesis**—that entropy remains a lineage-specific predictor of Complexity after adjusting for Purity and UMI—is strongly supported by the regression-based hub_status effects, especially the coherent and consistent sign structure across lineages.
   - The **second part**—that high-entropy, reasonably pure “interface hubs” show distinct Complexity and covariate profiles, with **inverse patterns in EPDC and VSMC**—is very well supported:
     - EPDC and VSMC show statistically robust, **negative** hub_status coefficients despite being defined in the same way as other lineages.
     - Hubs in these lineages are distinct both in their raw and adjusted Complexity profiles, pointing to genuinely different interface programs.

   The upcoming DE analysis is now well-justified, and the most promising biological leverage will come from:
   - Comparing **hub vs non-hub DE** within each lineage.
   - Then **cross-comparing DE signatures** between positive vs negative entropy–Complexity lineages (especially EPDC/VSMC vs fibroblasts/endothelial/endocardial) to see whether the “interface hub” concept corresponds to distinct types of interface biology.


================================================================================
2026-05-17 10:58:32,386 - INFO
================================================================================
RESPONSE/OUTPUT: initial_analysis_3_4

NEXT STEP PLAN - Analysis 3, Step 5: For each focal non-cardiomyocyte population, restrict to the high-purity subset used in the hub analysis, encode the pre-computed hub_status (hub vs non-hub), and run within-population differential expression using sc.tl.rank_genes_groups (Wilcoxon) to obtain hub-upregulated markers, then summarize the top hub markers (names, log fold-changes, test statistics, and adjusted p-values) per population.

Code:
```python
import numpy as np
import pandas as pd
import scanpy as sc
from scipy import stats

# We assume `adata` is already in memory and that spatial entropy and hub_status
# were defined as in the previous step. Here we will:
# 1) Reconstruct per-population high-purity masks and hub_status.
# 2) Run per-population DE (hub vs non-hub) within those masks using Scanpy's
#    rank_genes_groups (Wilcoxon) and summarize top hub-upregulated genes.

# Focal non-cardiomyocyte populations examined in the entropy/Complexity analysis
focal_pops = [
    'vFibro', 'aFibro', 'adFibro', 'EPDC', 'BEC', 'VEC',
    'VSMC', 'Pericyte', 'VIC', 'aEndocardial', 'vEndocardial'
]

# Ensure required columns exist and are numeric where appropriate
required_obs_cols = ['Populations', 'Purity', 'Complexity', 'UMI Count', 'spatial_entropy_k20']
for col in required_obs_cols:
    if col not in adata.obs.columns:
        raise ValueError(f"Required column '{col}' not found in adata.obs; cannot proceed with DE analysis.")

for col in ['Purity', 'Complexity', 'UMI Count', 'spatial_entropy_k20']:
    adata.obs[col] = pd.to_numeric(adata.obs[col], errors='coerce')

# We will create a new column to store hub_status per cell across populations.
# Initialize as NaN; will fill per-population where applicable.
if 'hub_status_global' not in adata.obs.columns:
    adata.obs['hub_status_global'] = np.nan

# Container for per-population DE summaries
all_de_summaries = []

print("Running within-population DE (hub vs non-hub) for focal non-cardiomyocyte lineages...\n")

for pop in focal_pops:
    pop_mask = (adata.obs['Populations'] == pop)
    n_pop = int(pop_mask.sum())
    if n_pop < 50:
        print(f"Skipping {pop}: only {n_pop} cells (require >= 50).")
        continue

    # Subset dataframe for purity-based thresholds
    df_pop = adata.obs.loc[pop_mask, ['Purity', 'spatial_entropy_k20']].copy()
    df_pop = df_pop.dropna(subset=['Purity', 'spatial_entropy_k20'])
    if df_pop.shape[0] < 50:
        print(f"Skipping {pop}: fewer than 50 cells with complete Purity/entropy.")
        continue

    # Recompute per-population purity floor (30% quantile) and entropy hub threshold (top 10%)
    purity_floor = df_pop['Purity'].quantile(0.3)
    high_purity_mask_local = (adata.obs.loc[pop_mask, 'Purity'] >= purity_floor)

    # Within high-purity subset of this population, define hubs as top 10% entropy
    pop_indices = np.where(pop_mask)[0]
    hp_indices = pop_indices[high_purity_mask_local.values]
    if hp_indices.size < 40:
        print(f"{pop}: fewer than 40 high-purity cells after 30% Purity floor; skipping.")
        continue

    entropy_hp = adata.obs.iloc[hp_indices]['spatial_entropy_k20']
    entropy_thresh = entropy_hp.quantile(0.9)
    is_hub_local = (adata.obs.iloc[hp_indices]['spatial_entropy_k20'] >= entropy_thresh).values

    n_hub = int(is_hub_local.sum())
    n_nonhub = int((~is_hub_local).sum())
    if n_hub < 10 or n_nonhub < 20:
        print(f"{pop}: insufficient hubs/non-hubs (hubs={n_hub}, non-hubs={n_nonhub}); skipping.")
        continue

    # Update global hub_status label: 1 for hubs, 0 for non-hubs within this population & high-purity subset
    # Cells in this population but below the purity floor remain NaN and are excluded from DE.
    hp_mask_global = np.zeros(adata.n_obs, dtype=bool)
    hp_mask_global[hp_indices] = True
    # For reproducibility, set hub_status for this population within the high-purity subset
    adata.obs.loc[hp_indices, 'hub_status_global'] = np.where(is_hub_local, 1, 0)

    # Build an AnnData view restricted to this population and high-purity subset with non-NaN hub_status
    pop_hp_mask_final = (pop_mask & hp_mask_global & adata.obs['hub_status_global'].notna())
    n_final = int(pop_hp_mask_final.sum())
    if n_final < 30:
        print(f"{pop}: fewer than 30 cells after all filters; skipping DE.")
        continue

    adata_sub = adata[pop_hp_mask_final].copy()

    # Encode hub_status as a categorical group (string labels) for Scanpy
    adata_sub.obs['hub_status'] = adata_sub.obs['hub_status_global'].astype(int).astype(str)
    if adata_sub.obs['hub_status'].nunique() < 2:
        print(f"{pop}: only one hub_status group present in filtered subset; skipping.")
        continue

    # Run DE: hubs ("1") vs non-hubs ("0"), Wilcoxon test
    # We set use_raw=False to stick to the current X matrix (already appropriate for this panel).
    sc.tl.rank_genes_groups(
        adata_sub,
        groupby='hub_status',
        method='wilcoxon',
        use_raw=False
    )

    # Extract DE results: we want genes up in hubs (group '1' compared to '0')
    rgg = adata_sub.uns['rank_genes_groups']
    groups = list(rgg['names'].dtype.names)
    if '1' not in groups or '0' not in groups:
        print(f"{pop}: DE groups did not include both hub_status labels '0' and '1'; skipping summarization.")
        continue

    # Convert Scanpy structured arrays to DataFrame for group '1' (hubs up vs others)
    def _extract_group_df(rgg_dict, group_label, top_n=20):
        names = pd.Series(rgg_dict['names'][group_label], dtype=str)
        # logfoldchanges may be absent in older Scanpy; handle gracefully
        if 'logfoldchanges' in rgg_dict:
            lfc = pd.Series(rgg_dict['logfoldchanges'][group_label], dtype=float)
        else:
            lfc = pd.Series(np.nan, index=names.index)
        pvals = pd.Series(rgg_dict['pvals'][group_label], dtype=float)
        pvals_adj = pd.Series(rgg_dict['pvals_adj'][group_label], dtype=float)
        scores = pd.Series(rgg_dict['scores'][group_label], dtype=float)

        df_out = pd.DataFrame({
            'gene': names.values,
            'logfoldchange': lfc.values,
            'score': scores.values,
            'pval': pvals.values,
            'pval_adj': pvals_adj.values
        })
        # Focus on genes up in hubs (positive logFC if available).
        # If logFC is NaN, we fall back to score ordering.
        if df_out['logfoldchange'].notna().any():
            df_out = df_out.sort_values(['logfoldchange', 'score'], ascending=[False, False])
        else:
            df_out = df_out.sort_values('score', ascending=False)
        return df_out.head(top_n).reset_index(drop=True)

    de_top_hubs = _extract_group_df(rgg, group_label='1', top_n=20)
    de_top_hubs['Population'] = pop
    de_top_hubs['hub_group'] = '1'  # hubs
    all_de_summaries.append(de_top_hubs)

    print(f"{pop}: DE completed on N={n_final} high-purity cells (hubs={n_hub}, non-hubs={n_nonhub}).")
    print("Top hub-upregulated genes (first 10):")
    print(de_top_hubs.head(10).to_string(index=False, float_format=lambda x: f"{x:.3g}"))
    print("\n")

# After loop: aggregate and print a concise summary across lineages
if all_de_summaries:
    de_all_df = pd.concat(all_de_summaries, axis=0, ignore_index=True)

    print("\n=== Aggregated summary of hub-upregulated genes across focal populations ===")
    # For each gene, count in how many populations it appears among the top hub-up markers
    gene_counts = (
        de_all_df.groupby('gene')['Population']
        .nunique()
        .sort_values(ascending=False)
    )
    print("\nGenes most frequently upregulated in hubs across focal lineages (top 20):")
    print(gene_counts.head(20).to_string())

    # Also show, per population, the top 5 hub-up genes by logFC (or score if logFC missing)
    print("\nPer-population top 5 hub-upregulated genes:")
    for pop in sorted(de_all_df['Population'].unique()):
        df_pop = de_all_df[de_all_df['Population'] == pop]
        if df_pop.empty:
            continue
        df_top5 = df_pop.head(5)
        print(f"\nPopulation: {pop}")
        print(df_top5[['gene', 'logfoldchange', 'score', 'pval_adj']].to_string(index=False, float_format=lambda x: f"{x:.3g}"))
else:
    print("No DE results were generated; check population sizes and hub definitions.")

```


================================================================================
2026-05-17 10:59:06,193 - INFO
================================================================================
RESPONSE/OUTPUT: self_critique_3_4

APPLIED SELF-CRITIQUE - Analysis 3, Step 5


================================================================================
2026-05-17 10:59:06,193 - INFO
================================================================================
RESPONSE/OUTPUT: revised_analysis_3_4

Revised Hypothesis: Within non-cardiomyocyte lineages that show significant entropy–Complexity coupling after adjusting for Purity and UMI Count, interface hub cells (high-entropy, reasonably pure) exhibit distinct transcriptional programs compared to non-hub cells, and these programs systematically differ between lineages with positive versus negative entropy–Complexity coupling (e.g., fibroblast/endothelial/endocardial vs EPDC/VSMC).

Revised Analysis Plan:
1. For each focal non-cardiomyocyte population, within the high-purity subset used for hub definition and using the pre-computed hub_status (hub vs non-hub), run within-population differential expression with sc.tl.rank_genes_groups (Wilcoxon, reference='rest') to obtain hub-upregulated markers, and summarize the top hub markers (names, log fold-changes, scores, and adjusted p-values) per population.
2. Aggregate the per-population DE results into a text-only summary contrasting lineages with positive vs negative entropy–Complexity coupling by annotating each population with its coupling sign, tallying shared versus lineage-specific hub-upregulated genes within each coupling class, and qualitatively describing whether positive-coupling hubs display broader, multi-module transcriptional programs relative to the more restricted or distinct programs in inverse-coupling lineages (EPDC/VSMC).

Revised Code:
import numpy as np
import pandas as pd
import scanpy as sc

# We assume `adata` is already in memory and that spatial entropy and per-population
# hub assignments were defined in previous steps. Here we:
# 1) Reuse the existing high-purity subset and hub definitions per focal population
#    instead of recomputing them from scratch.
# 2) Run within-population DE (hub vs non-hub) using sc.tl.rank_genes_groups
#    with an explicit 'rest' reference and collect top hub-upregulated genes.

# Focal non-cardiomyocyte populations examined in the entropy/Complexity analysis
focal_pops = [
    'vFibro', 'aFibro', 'adFibro', 'EPDC', 'BEC', 'VEC',
    'VSMC', 'Pericyte', 'VIC', 'aEndocardial', 'vEndocardial'
]

# Columns that must be present from earlier steps
required_obs_cols = ['Populations', 'Purity', 'Complexity', 'UMI Count', 'spatial_entropy_k20']
for col in required_obs_cols:
    if col not in adata.obs.columns:
        raise ValueError(f"Required column '{col}' not found in adata.obs; cannot proceed with DE analysis.")

# Ensure numeric typing for relevant continuous covariates (defensive, though not directly used here)
for col in ['Purity', 'Complexity', 'UMI Count', 'spatial_entropy_k20']:
    adata.obs[col] = pd.to_numeric(adata.obs[col], errors='coerce')

# We expect that a per-cell hub label defined on the high-purity subset already exists
# from the hub characterization step; if not, we raise to avoid silently redefining hubs.
if 'hub_status_global' not in adata.obs.columns:
    raise ValueError(
        "Expected 'hub_status_global' column with pre-computed hub vs non-hub labels "
        "from the interface hub definition step, but it is missing."
    )

# Container for per-population DE summaries
all_de_summaries = []

print("Running within-population DE (hub vs non-hub) for focal non-cardiomyocyte lineages using existing hub_status_global labels...\n")

for pop in focal_pops:
    pop_mask = (adata.obs['Populations'] == pop)
    n_pop = int(pop_mask.sum())
    if n_pop < 50:
        print(f"Skipping {pop}: only {n_pop} cells (require >= 50).")
        continue

    # Restrict to cells in this population that already have a non-missing hub_status_global label.
    # These should correspond to the previously defined high-purity subset.
    valid_mask = pop_mask & adata.obs['hub_status_global'].notna()
    n_valid = int(valid_mask.sum())
    if n_valid < 30:
        print(f"{pop}: fewer than 30 cells with existing hub_status_global; skipping DE.")
        continue

    adata_sub = adata[valid_mask].copy()

    # Encode hub_status as categorical strings '0' and '1' (non-hub vs hub)
    adata_sub.obs['hub_status'] = adata_sub.obs['hub_status_global'].astype(int).astype(str)
    if adata_sub.obs['hub_status'].nunique() < 2:
        print(f"{pop}: only one hub_status group present in subset; skipping.")
        continue

    # Run DE: hubs ("1") vs non-hubs ("0"), Wilcoxon test, reference='rest' for clarity,
    # and consider all genes in the panel.
    sc.tl.rank_genes_groups(
        adata_sub,
        groupby='hub_status',
        method='wilcoxon',
        reference='rest',
        use_raw=False,
        n_genes=adata_sub.n_vars,
        pts=True
    )

    rgg = adata_sub.uns['rank_genes_groups']
    groups = list(rgg['names'].dtype.names)
    if '1' not in groups or '0' not in groups:
        print(f"{pop}: DE groups did not include both hub_status labels '0' and '1'; skipping summarization.")
        continue

    def _extract_group_df(rgg_dict, group_label, top_n=20):
        """Convert Scanpy rank_genes_groups results for a given group into a tidy DataFrame."""
        names = pd.Series(rgg_dict['names'][group_label], dtype=str)
        # logfoldchanges may not be present for Wilcoxon in some Scanpy versions.
        if 'logfoldchanges' in rgg_dict:
            lfc = pd.Series(rgg_dict['logfoldchanges'][group_label], dtype=float)
        else:
            lfc = pd.Series(np.nan, index=names.index)
        scores = pd.Series(rgg_dict['scores'][group_label], dtype=float)
        pvals = pd.Series(rgg_dict['pvals'][group_label], dtype=float)
        pvals_adj = pd.Series(rgg_dict['pvals_adj'][group_label], dtype=float)
        if 'pts' in rgg_dict:
            pts = pd.Series(rgg_dict['pts'][group_label], dtype=float)
        else:
            pts = pd.Series(np.nan, index=names.index)

        df_out = pd.DataFrame({
            'gene': names.values,
            'logfoldchange': lfc.values,
            'score': scores.values,
            'pval': pvals.values,
            'pval_adj': pvals_adj.values,
            'pct_expressed_hub': pts.values
        })

        # Focus on genes up in hubs: prioritize positive logFC when available, else by score.
        if df_out['logfoldchange'].notna().any():
            df_out = df_out.sort_values(['logfoldchange', 'score'], ascending=[False, False])
        else:
            df_out = df_out.sort_values('score', ascending=False)
        return df_out.head(top_n).reset_index(drop=True)

    de_top_hubs = _extract_group_df(rgg, group_label='1', top_n=20)
    de_top_hubs['Population'] = pop
    de_top_hubs['hub_group'] = '1'  # hubs
    all_de_summaries.append(de_top_hubs)

    print(f"{pop}: DE completed on N={n_valid} high-purity cells with existing hub labels.")
    print("Top hub-upregulated genes (first 10):")
    print(de_top_hubs.head(10).to_string(index=False, float_format=lambda x: f"{x:.3g}"))
    print("\n")

# After loop: aggregate and print a concise cross-lineage summary of hub-upregulated genes
if all_de_summaries:
    de_all_df = pd.concat(all_de_summaries, axis=0, ignore_index=True)

    print("\n=== Aggregated summary of hub-upregulated genes across focal populations ===")
    # For each gene, count in how many populations it appears among the top hub-up markers
    gene_counts = (
        de_all_df.groupby('gene')['Population']
        .nunique()
        .sort_values(ascending=False)
    )
    print("\nGenes most frequently upregulated in hubs across focal lineages (top 20):")
    print(gene_counts.head(20).to_string())

    # Per-population, show the top 5 hub-up genes by logFC (or score if logFC missing)
    print("\nPer-population top 5 hub-upregulated genes:")
    for pop in sorted(de_all_df['Population'].unique()):
        df_pop = de_all_df[de_all_df['Population'] == pop].copy()
        if df_pop.empty:
            continue
        df_top5 = df_pop.head(5)
        print(f"\nPopulation: {pop}")
        print(df_top5[['gene', 'logfoldchange', 'score', 'pval_adj', 'pct_expressed_hub']]
              .to_string(index=False, float_format=lambda x: f"{x:.3g}"))
else:
    print("No DE results were generated; check population sizes and pre-computed hub labels.")



================================================================================
2026-05-17 10:59:06,611 - INFO
================================================================================
RESPONSE/OUTPUT: step_execution_failed_3_5

STEP 5 FAILED - Analysis 3

Code:
```python
import numpy as np
import pandas as pd
import scanpy as sc

# We assume `adata` is already in memory and that spatial entropy and per-population
# hub assignments were defined in previous steps. Here we:
# 1) Reuse the existing high-purity subset and hub definitions per focal population
#    instead of recomputing them from scratch.
# 2) Run within-population DE (hub vs non-hub) using sc.tl.rank_genes_groups
#    with an explicit 'rest' reference and collect top hub-upregulated genes.

# Focal non-cardiomyocyte populations examined in the entropy/Complexity analysis
focal_pops = [
    'vFibro', 'aFibro', 'adFibro', 'EPDC', 'BEC', 'VEC',
    'VSMC', 'Pericyte', 'VIC', 'aEndocardial', 'vEndocardial'
]

# Columns that must be present from earlier steps
required_obs_cols = ['Populations', 'Purity', 'Complexity', 'UMI Count', 'spatial_entropy_k20']
for col in required_obs_cols:
    if col not in adata.obs.columns:
        raise ValueError(f"Required column '{col}' not found in adata.obs; cannot proceed with DE analysis.")

# Ensure numeric typing for relevant continuous covariates (defensive, though not directly used here)
for col in ['Purity', 'Complexity', 'UMI Count', 'spatial_entropy_k20']:
    adata.obs[col] = pd.to_numeric(adata.obs[col], errors='coerce')

# We expect that a per-cell hub label defined on the high-purity subset already exists
# from the hub characterization step; if not, we raise to avoid silently redefining hubs.
if 'hub_status_global' not in adata.obs.columns:
    raise ValueError(
        "Expected 'hub_status_global' column with pre-computed hub vs non-hub labels "
        "from the interface hub definition step, but it is missing."
    )

# Container for per-population DE summaries
all_de_summaries = []

print("Running within-population DE (hub vs non-hub) for focal non-cardiomyocyte lineages using existing hub_status_global labels...\n")

for pop in focal_pops:
    pop_mask = (adata.obs['Populations'] == pop)
    n_pop = int(pop_mask.sum())
    if n_pop < 50:
        print(f"Skipping {pop}: only {n_pop} cells (require >= 50).")
        continue

    # Restrict to cells in this population that already have a non-missing hub_status_global label.
    # These should correspond to the previously defined high-purity subset.
    valid_mask = pop_mask & adata.obs['hub_status_global'].notna()
    n_valid = int(valid_mask.sum())
    if n_valid < 30:
        print(f"{pop}: fewer than 30 cells with existing hub_status_global; skipping DE.")
        continue

    adata_sub = adata[valid_mask].copy()

    # Encode hub_status as categorical strings '0' and '1' (non-hub vs hub)
    adata_sub.obs['hub_status'] = adata_sub.obs['hub_status_global'].astype(int).astype(str)
    if adata_sub.obs['hub_status'].nunique() < 2:
        print(f"{pop}: only one hub_status group present in subset; skipping.")
        continue

    # Run DE: hubs ("1") vs non-hubs ("0"), Wilcoxon test, reference='rest' for clarity,
    # and consider all genes in the panel.
    sc.tl.rank_genes_groups(
        adata_sub,
        groupby='hub_status',
        method='wilcoxon',
        reference='rest',
        use_raw=False,
        n_genes=adata_sub.n_vars,
        pts=True
    )

    rgg = adata_sub.uns['rank_genes_groups']
    groups = list(rgg['names'].dtype.names)
    if '1' not in groups or '0' not in groups:
        print(f"{pop}: DE groups did not include both hub_status labels '0' and '1'; skipping summarization.")
        continue

    def _extract_group_df(rgg_dict, group_label, top_n=20):
        """Convert Scanpy rank_genes_groups results for a given group into a tidy DataFrame."""
        names = pd.Series(rgg_dict['names'][group_label], dtype=str)
        # logfoldchanges may not be present for Wilcoxon in some Scanpy versions.
        if 'logfoldchanges' in rgg_dict:
            lfc = pd.Series(rgg_dict['logfoldchanges'][group_label], dtype=float)
        else:
            lfc = pd.Series(np.nan, index=names.index)
        scores = pd.Series(rgg_dict['scores'][group_label], dtype=float)
        pvals = pd.Series(rgg_dict['pvals'][group_label], dtype=float)
        pvals_adj = pd.Series(rgg_dict['pvals_adj'][group_label], dtype=float)
        if 'pts' in rgg_dict:
            pts = pd.Series(rgg_dict['pts'][group_label], dtype=float)
        else:
            pts = pd.Series(np.nan, index=names.index)

        df_out = pd.DataFrame({
            'gene': names.values,
            'logfoldchange': lfc.values,
            'score': scores.values,
            'pval': pvals.values,
            'pval_adj': pvals_adj.values,
            'pct_expressed_hub': pts.values
        })

        # Focus on genes up in hubs: prioritize positive logFC when available, else by score.
        if df_out['logfoldchange'].notna().any():
            df_out = df_out.sort_values(['logfoldchange', 'score'], ascending=[False, False])
        else:
            df_out = df_out.sort_values('score', ascending=False)
        return df_out.head(top_n).reset_index(drop=True)

    de_top_hubs = _extract_group_df(rgg, group_label='1', top_n=20)
    de_top_hubs['Population'] = pop
    de_top_hubs['hub_group'] = '1'  # hubs
    all_de_summaries.append(de_top_hubs)

    print(f"{pop}: DE completed on N={n_valid} high-purity cells with existing hub labels.")
    print("Top hub-upregulated genes (first 10):")
    print(de_top_hubs.head(10).to_string(index=False, float_format=lambda x: f"{x:.3g}"))
    print("\n")

# After loop: aggregate and print a concise cross-lineage summary of hub-upregulated genes
if all_de_summaries:
    de_all_df = pd.concat(all_de_summaries, axis=0, ignore_index=True)

    print("\n=== Aggregated summary of hub-upregulated genes across focal populations ===")
    # For each gene, count in how many populations it appears among the top hub-up markers
    gene_counts = (
        de_all_df.groupby('gene')['Population']
        .nunique()
        .sort_values(ascending=False)
    )
    print("\nGenes most frequently upregulated in hubs across focal lineages (top 20):")
    print(gene_counts.head(20).to_string())

    # Per-population, show the top 5 hub-up genes by logFC (or score if logFC missing)
    print("\nPer-population top 5 hub-upregulated genes:")
    for pop in sorted(de_all_df['Population'].unique()):
        df_pop = de_all_df[de_all_df['Population'] == pop].copy()
        if df_pop.empty:
            continue
        df_top5 = df_pop.head(5)
        print(f"\nPopulation: {pop}")
        print(df_top5[['gene', 'logfoldchange', 'score', 'pval_adj', 'pct_expressed_hub']]
              .to_string(index=False, float_format=lambda x: f"{x:.3g}"))
else:
    print("No DE results were generated; check population sizes and pre-computed hub labels.")


 Error:
ValueError: Expected 'hub_status_global' column with pre-computed hub vs non-hub labels from the interface hub definition step, but it is missing.```


================================================================================
2026-05-17 10:59:19,559 - INFO
================================================================================
RESPONSE/OUTPUT: fix_attempt_success_3_5_1

FIX SUCCESSFUL on attempt 1/3 - Analysis 3, Step 6


================================================================================
2026-05-17 10:59:43,309 - INFO
================================================================================
RESPONSE/OUTPUT: results_interpretation_3_5

These DE results give you a strong starting point for testing the hub–non‑hub transcriptional differences, but they don’t yet speak directly to the “positive vs negative entropy–Complexity coupling” contrast in the hypothesis. A few key points and suggestions:

1. **Hub vs non‑hub contrast is clearly non‑trivial.**  
   - Within essentially every lineage you tested, hubs have robustly upregulated genes (often with large logFC and extremely small adjusted p‑values), so the basic premise that “interface hubs are transcriptionally distinct” is supported.
   - Many hub markers are plausible “interface” or transition signatures: ECM/collagen (FNDC1, COL26A1, COL15A1), Notch/Hey (JAG1, HEY1), endothelial/vasculogenic markers in VSMC hubs (CD34, CLDN5, PECAM1, NOS3), epicardial/EPDC signatures in fibroblast-like hubs (TCF21, ALDH1A2, ITLN1, FBLN5).

2. **A very strong shared program centered on sarcomeric / contractile and metabolic genes.**  
   - MYH7 is top or near‑top in 9/11 populations; CKMT2, DES, CASQ2, and MYH6 also show up repeatedly. This suggests a generic “cardiomyocyte‑like/contractile” or “stress/contractility/metabolic” program in hubs across many lineages (fibroblast, endothelial, VIC, EPDC, VSMC, endocardial).
   - This makes hubs look like “interface” states between non‑CM lineages and cardiomyocyte identity or mechanical coupling, which is biologically interesting and consistent with high entropy.

3. **Lineage‑specific flavors overlaying this shared program.**  
   Some examples from the top‑5 summaries:
   - **Fibroblasts (vFibro, aFibro, adFibro):**  
     - aFibro/adFibro hubs: DLK1, OSR1, TCF21, ALDH1A2, COL15A1, TECRL, PRPH. Strong epicardial/valve/fibroblast‑progenitor / developmental TF signature, plus ECM.  
     - vFibro hubs: ASPN, OSR1, IGFBP4, PIEZO2, LYVE1 – more ECM/mechano‑sensing and perivascular/lymphatic markers.
   - **EPDC (inverse‑coupling candidate):**  
     - Very strong, coherent hub program: FNDC1, NKD2, SCN7A, COL26A1, FBLN5, ITLN1, DHRS3, INMT, F13A1, CPE. This is ECM + Wnt/retinoic acid/secreted factors + neuropeptide processing — a multipronged program.
   - **VSMC (inverse‑coupling candidate):**  
     - Hubs: CD34, CLDN5, PECAM1, NOS3, HEY1, GJA5, ABCC9, CAV1, PGF – striking endothelial / arterial / shear‑responsive program in “smooth muscle” hubs; highly multi‑module (endothelial identity, Notch/Hey, angiogenic factors, ion channels).
   - **Endothelial / Endocardial (positive‑coupling candidates):**  
     - BEC hubs: MYH7, FRZB, COL15A1, LBH, PCNA – mild contractile + Wnt modulator + proliferation.  
     - VEC hubs: NPR3, MYH7, FN1, DES, CKMT2, CASQ2, NR2F2 – contractile/metabolic with natriuretic peptide receptor and ECM.  
     - a/vEndocardial hubs: RSPO3, SLC26A7, SULF1, FBLN2, DHRS3, GAS7, CKMT2, MYH6/7 – Wnt modulators, ECM, metabolic/contractile, and ion handling.

   So, qualitatively, hubs in all lineages are not just “randomly different”; they carry meaningful programs—often multi‑module—related to ECM, vascular/endothelial identity, developmental signaling, and cardiac contractility.

4. **Where this stands relative to the *specific* hypothesis (positive vs negative coupling).**  
   To connect these DE results to entropy–Complexity coupling:
   - You need an annotation per population: **coupling sign (positive vs negative)** from your prior regression/partial correlation analysis.
   - The hypothesis predicts that:
     - **Positive‑coupling lineages** (e.g. fibroblast/endothelial/endocardial) will have hub programs that are perhaps broad but in one “direction” (e.g., joint increase of entropy and Complexity with a shared contractile/ECM program).  
     - **Negative‑coupling lineages** (EPDC, VSMC) will have **systematically different** hub programs — maybe more “inverse” features (e.g., gaining interface identity/vascular signatures while losing Complexity, or having more discrete, specialized modules).

   From the current text alone:
   - EPDC/VSMC hubs indeed look **very multi‑module and “switch‑like”**:  
     - EPDC hubs strongly upregulate a tight set of ECM + Wnt/RA + secreted factor genes with huge effect sizes.  
     - VSMC hubs show a strong endothelialization/arborization program (CD34, CLDN5, PECAM1, NOS3, PGF, HEY1, GJA5) with enormous logFC.  
   - Positive‑coupling fibroblast/endothelial/endocardial hubs show:
     - A more **shared cardiomyocyte‑like contractile/metabolic overlay (MYH7, CKMT2, DES)** plus lineage‑specific developmental factors (DLK1/OSR1/TCF21 in fibroblasts; RSPO3/SULF1/FBLN2 in aEndocardial; FRZB/NPR3/LBH in endothelia).

   Qualitatively, that already hints at the pattern you want: inverse‑coupling hubs (EPDC/VSMC) are not just “more of the same positive‑coupling program” but rather shift toward endothelial/ECM/secreted developmental states that are distinct from the more uniform contractile overlay seen in the positive‑coupling lineages.

5. **Concrete next steps to make this hypothesis testable and distinct from the paper / past analyses:**

   a. **Explicitly label each population with coupling sign and summarize hub programs by sign.**  
   - Bring in your previous entropy–Complexity regression results and create a small mapping:  
     `coupling_sign = {'EPDC': 'negative', 'VSMC': 'negative', 'vFibro': 'positive', ...}`  
   - Merge this with `de_all_df`.  
   - For each **sign class**, compute:
     - The list of hub‑upregulated genes and their counts across populations (like your `gene_counts`, but stratified by sign).  
     - Which genes are **shared only within positive lineages**, only within negative, or across both.

   b. **Quantify breadth vs specificity of the hub program per sign.**  
   - For each population, compute:
     - The number of significantly upregulated genes in hubs (FDR < 0.05, logFC > some threshold).  
     - The Gini index / entropy of the effect size distribution (are hubs driven by a few huge hits or many moderate ones?).  
   - Compare these summary statistics between positive‑coupling and negative‑coupling lineages.  
   - This addresses the “broader, multi‑module vs restricted” claim quantitatively.

   c. **Module‑level characterization without going beyond the dataset.**  
   Using only the 140‑gene panel:
   - Define a few coarse “modules” (manually, based on known roles of these genes, not external datasets), e.g.:  
     - Contractile / sarcomeric / ion‑handling (MYH6, MYH7, DES, CASQ2, PLN, CKMT2, etc.)  
     - ECM / fibroblast / EPDC (FN1, COL15A1, COL26A1, DCN, FBLN2/5, FNDC1, ASPN, etc.)  
     - Vascular/endothelial (CLDN5, PECAM1, CD34, NOS3, PGF, NR2F2, GJA5, NPR3, LYVE1, etc.)  
     - Developmental signaling / TFs (DLK1, OSR1, TCF21, NKD2, RSPO3, FRZB, HEY1, NDP, SULF1, LBH, etc.)  
   - For each population and for hubs vs non‑hubs, compute module scores (mean z‑score of genes in that module).  
   - Then, for **positive vs negative coupling classes**, compare which modules are preferentially up in hubs:
     - Do positive‑coupling fibroblast/endothelial/endocardial hubs mostly increase **contractile + ECM** scores?  
     - Do negative‑coupling EPDC/VSMC hubs show a more drastic shift to **endothelial/vascular + developmental** modules?

   d. **Check purity/UMI confounding post‑hoc.**  
   - You adjusted for Purity and UMI Count in the earlier coupling analysis, but here the DE is unconditional.  
   - At minimum: compare Purity and UMI distributions between hubs and non‑hubs within each population to confirm no massive confounding. If there is, you might want to re‑run DE using a method that includes covariates (e.g., pseudo‑bulk per sample * hub_status; or a generalized linear model via diffxpy/MAST‑like approach).

   e. **Visual integration with spatial/entropy context (to connect back to hub definition).**  
   - For key hub markers that differ by coupling sign (e.g., MYH7, CKMT2 vs CD34/CLDN5/FNDC1/NKD2/HEY1), plot:
     - UMAP colored by expression plus overlay of hub vs non‑hub.  
     - Tissue plots showing where those hub cells sit spatially, ideally annotated by lineage and hub_status.  
   - This helps interpret whether negative‑coupling hubs occupy distinct physical niches where endothelialization or EPDC activation happens.

6. **Genes that appear particularly informative for the sign‑specific contrast (good candidates for follow‑up):**

   - **Shared “global hub” markers across lineages:** MYH7, CKMT2, DES, CASQ2, SLC26A7, F13A1, CLDN5, ABCC9, OSR1, DLK1, FBLN5, SCN7A. These will likely define a “core hub” signature.
   - **Enriched in negative‑coupling (EPDC/VSMC) hubs:**  
     - EPDC: FNDC1, NKD2, COL26A1, ITLN1, DHRS3, INMT, FBLN5, CPE.  
     - VSMC: CD34, CLDN5, GJA5, HEY1, PECAM1, NOS3, PGF, CAV1.  
   - **Enriched in positive‑coupling fibroblast / endothelial / endocardial hubs:**  
     - Fibroblast: TCF21, ALDH1A2, COL15A1, ASPN, IGFBP4, PRRX1, TECRL.  
     - Endothelial/Endocardial: RSPO3, FRZB, SULF1, FBLN2, LBH, NPR3, NR2F2, LYVE1.

   These sets can be contrasted directly (heatmaps, module scores) between coupling classes to see if negative‑coupling hubs emphasize vascularization/secreted ECM‑signaling, while positive‑coupling hubs emphasize a graded cardiomyocyte‑like/contractile spectrum.

In summary, the DE step successfully shows that entropy‑defined hubs have distinct, biologically interpretable transcriptional programs, with a strong shared contractile/ECM core and clear lineage‑specific overlays. To really test and formalize the hypothesis about **systematic differences between positive‑ vs negative‑coupling lineages**, your next steps should (i) annotate each population by coupling sign, (ii) stratify and quantify shared vs sign‑specific hub markers and modules, and (iii) summarize at the module level how hub programs differ between EPDC/VSMC and fibroblast/endothelial/endocardial lineages.


================================================================================
2026-05-17 11:00:08,170 - INFO
================================================================================
RESPONSE/OUTPUT: initial_analysis_3_5

NEXT STEP PLAN - Analysis 3, Step 6: Aggregate the per-population hub vs non-hub differential expression results into a single table annotated with each lineage’s entropy–Complexity coupling sign (positive, negative, or neutral), and generate a text-only summary that (i) tallies genes recurrently upregulated in hubs within positive-coupling lineages versus negative-coupling lineages, (ii) identifies genes uniquely hub-upregulated in negative-coupling lineages (EPDC/VSMC) versus fibroblast/endothelial/endocardial lineages, and (iii) qualitatively classifies these hub programs into coarse functional modules (contractile/ion-handling, ECM/fibroblast, endothelial/vascular, developmental/signaling) to assess whether positive-coupling hubs display broader, multi-module activation compared with more specialized or distinct programs in inverse-coupling lineages.

Code:
```python
import numpy as np
import pandas as pd

# We assume that `de_all_df`-like information is not stored, so we will reconstruct
# a compact DE summary table by re-running the last hub vs non-hub DE step but
# immediately annotating each population with its entropy–Complexity coupling sign
# and then aggregating results.

import scanpy as sc

# Define coupling sign per lineage based on prior regression results
# (positive: hubs higher adjusted Complexity; negative: hubs lower; neutral: weak/ambiguous).
# These assignments follow the earlier regression/hub-status analyses.
coupling_sign_map = {
    'vFibro': 'positive',
    'aFibro': 'positive',
    'adFibro': 'positive',
    'BEC': 'positive',
    'VEC': 'positive',
    'Pericyte': 'positive',
    'aEndocardial': 'positive',
    'vEndocardial': 'positive',
    'VIC': 'neutral',
    'EPDC': 'negative',
    'VSMC': 'negative'
}

focal_pops = list(coupling_sign_map.keys())

# Check presence of needed obs columns
required_obs_cols = ['Populations', 'Purity', 'spatial_entropy_k20']
for col in required_obs_cols:
    if col not in adata.obs.columns:
        raise ValueError(f"Required column '{col}' not found in adata.obs; cannot proceed.")

# Ensure numeric typing for Purity and entropy
for col in ['Purity', 'spatial_entropy_k20']:
    adata.obs[col] = pd.to_numeric(adata.obs[col], errors='coerce')

# (Re)define per-population hub_status based on the strategy used in the
# regression/hub analysis: top 10% entropy within top 70% Purity per population.

hub_status_global = pd.Series(np.nan, index=adata.obs.index, dtype=float)

for pop in focal_pops:
    pop_mask = adata.obs['Populations'] == pop
    n_pop = int(pop_mask.sum())
    if n_pop < 50:
        continue
    df = adata.obs.loc[pop_mask, ['Purity', 'spatial_entropy_k20']].copy()
    df = df.dropna(subset=['Purity', 'spatial_entropy_k20'])
    if df.shape[0] < 50:
        continue
    # Purity floor (bottom 30% removed)
    purity_floor = df['Purity'].quantile(0.3)
    high_purity_mask = (adata.obs.loc[pop_mask, 'Purity'] >= purity_floor)
    valid_idx = adata.obs.loc[pop_mask].index[high_purity_mask.values]
    if len(valid_idx) < 40:
        continue
    ent_vals = adata.obs.loc[valid_idx, 'spatial_entropy_k20']
    if ent_vals.isna().all():
        continue
    entropy_thresh = ent_vals.quantile(0.9)
    hubs = ent_vals >= entropy_thresh
    hub_status_global.loc[valid_idx] = hubs.astype(int).values

adata.obs['hub_status_global_DE'] = hub_status_global

# Helper to extract top hub-up genes from Scanpy rank_genes_groups

def extract_group_df(rgg_dict, group_label, top_n=50):
    names = pd.Series(rgg_dict['names'][group_label], dtype=str)
    if 'logfoldchanges' in rgg_dict:
        lfc = pd.Series(rgg_dict['logfoldchanges'][group_label], dtype=float)
    else:
        lfc = pd.Series(np.nan, index=names.index)
    scores = pd.Series(rgg_dict['scores'][group_label], dtype=float)
    pvals_adj = pd.Series(rgg_dict['pvals_adj'][group_label], dtype=float)
    # pts (fraction expressing in group) may or may not be present
    if 'pts' in rgg_dict and isinstance(rgg_dict['pts'], pd.DataFrame):
        pts = pd.Series(rgg_dict['pts'][group_label], dtype=float)
    else:
        pts = pd.Series(np.nan, index=names.index)

    df_out = pd.DataFrame({
        'gene': names.values,
        'logfoldchange': lfc.values,
        'score': scores.values,
        'pval_adj': pvals_adj.values,
        'pct_expressed_hub': pts.values
    })
    # Order by logFC (if available) then score, descending
    if df_out['logfoldchange'].notna().any():
        df_out = df_out.sort_values(['logfoldchange', 'score'], ascending=[False, False])
    else:
        df_out = df_out.sort_values('score', ascending=False)
    return df_out.head(top_n).reset_index(drop=True)

# Run DE per population and build a combined summary table
all_de_rows = []

for pop in focal_pops:
    pop_mask = (adata.obs['Populations'] == pop)
    n_pop = int(pop_mask.sum())
    if n_pop < 50:
        continue
    valid_mask = pop_mask & adata.obs['hub_status_global_DE'].notna()
    n_valid = int(valid_mask.sum())
    if n_valid < 30:
        continue

    adata_sub = adata[valid_mask].copy()
    # Hub status as categorical string for Scanpy
    adata_sub.obs['hub_status'] = adata_sub.obs['hub_status_global_DE'].astype(int).astype(str)
    if adata_sub.obs['hub_status'].nunique() < 2:
        continue

    sc.tl.rank_genes_groups(
        adata_sub,
        groupby='hub_status',
        method='wilcoxon',
        reference='rest',
        use_raw=False,
        n_genes=adata_sub.n_vars,
        pts=True
    )

    rgg = adata_sub.uns['rank_genes_groups']
    groups = list(rgg['names'].dtype.names)
    if '1' not in groups:
        continue

    de_top = extract_group_df(rgg, group_label='1', top_n=50)
    de_top['Population'] = pop
    de_top['coupling_sign'] = coupling_sign_map.get(pop, 'unknown')
    all_de_rows.append(de_top)

if not all_de_rows:
    print("No DE results generated for focal populations; check hub assignments.")
else:
    de_all = pd.concat(all_de_rows, axis=0, ignore_index=True)

    # Filter for statistically significant hub-up genes (FDR < 0.05)
    sig = de_all[de_all['pval_adj'] < 0.05].copy()

    # Tally recurrence of hub-up genes within positive vs negative coupling classes
    pos_sig = sig[sig['coupling_sign'] == 'positive']
    neg_sig = sig[sig['coupling_sign'] == 'negative']

    print("\n=== Hub-upregulated genes stratified by entropy–Complexity coupling sign ===\n")

    # 1) Genes recurrently hub-up in positive-coupling lineages
    if not pos_sig.empty:
        pos_counts = (
            pos_sig.groupby('gene')['Population']
            .nunique()
            .sort_values(ascending=False)
        )
        print("Genes most frequently hub-upregulated in positive-coupling lineages (top 20):")
        print(pos_counts.head(20).to_string())
    else:
        print("No significant hub-up genes detected in positive-coupling lineages.")

    # 2) Genes recurrently hub-up in negative-coupling lineages (EPDC/VSMC)
    if not neg_sig.empty:
        neg_counts = (
            neg_sig.groupby('gene')['Population']
            .nunique()
            .sort_values(ascending=False)
        )
        print("\nGenes most frequently hub-upregulated in negative-coupling lineages (EPDC/VSMC, top 20):")
        print(neg_counts.head(20).to_string())
    else:
        print("\nNo significant hub-up genes detected in negative-coupling lineages.")

    # 3) Identify genes unique to negative-coupling hubs vs those shared with positive-coupling hubs
    pos_genes = set(pos_sig['gene'].unique())
    neg_genes = set(neg_sig['gene'].unique())
    neg_unique = sorted(neg_genes - pos_genes)
    pos_unique = sorted(pos_genes - neg_genes)
    shared = sorted(pos_genes & neg_genes)

    print("\nCounts of hub-up genes by overlap class:")
    print(f"  Positive-only hub-up genes: {len(pos_unique)}")
    print(f"  Negative-only hub-up genes: {len(neg_unique)}")
    print(f"  Shared between positive and negative lineages: {len(shared)}")

    if neg_unique:
        print("\nExample negative-only hub-up genes (up to 20):")
        print("  " + ", ".join(neg_unique[:20]))
    if pos_unique:
        print("\nExample positive-only hub-up genes (up to 20):")
        print("  " + ", ".join(pos_unique[:20]))
    if shared:
        print("\nExample shared hub-up genes (up to 20):")
        print("  " + ", ".join(shared[:20]))

    # 4) Very coarse module classification (by hard-coded membership within the panel)
    #    to qualitatively assess whether positive- vs negative-coupling hubs activate
    #    different combinations of functional modules.

    contractile_genes = {
        'MYH6', 'MYH7', 'DES', 'CASQ2', 'CKMT2', 'PLN', 'TNNT2', 'TTN', 'RYR2'
    }
    ecm_fibro_genes = {
        'FN1', 'FNDC1', 'COL15A1', 'COL26A1', 'DCN', 'FBLN2', 'FBLN5', 'ASPN', 'POSTN'
    }
    endothelial_genes = {
        'CLDN5', 'PECAM1', 'CD34', 'NOS3', 'PGF', 'NR2F2', 'GJA5', 'NPR3', 'CAV1', 'LYVE1'
    }
    dev_signaling_genes = {
        'DLK1', 'OSR1', 'TCF21', 'NKD2', 'RSPO3', 'FRZB', 'HEY1', 'SULF1', 'LBH', 'NDP'
    }

    def summarize_modules(sub_df, label):
        genes = set(sub_df['gene'].unique())
        print(f"\nModule-level presence in {label} hub-up genes:")
        print(f"  Contractile/ion-handling genes: {sorted(contractile_genes & genes)}")
        print(f"  ECM/fibroblast genes:          {sorted(ecm_fibro_genes & genes)}")
        print(f"  Endothelial/vascular genes:    {sorted(endothelial_genes & genes)}")
        print(f"  Developmental/signaling genes: {sorted(dev_signaling_genes & genes)}")

    if not pos_sig.empty:
        summarize_modules(pos_sig, 'positive-coupling lineages')
    if not neg_sig.empty:
        summarize_modules(neg_sig, 'negative-coupling lineages (EPDC/VSMC)')

```


================================================================================
2026-05-17 11:00:51,299 - INFO
================================================================================
RESPONSE/OUTPUT: self_critique_3_5

APPLIED SELF-CRITIQUE - Analysis 3, Step 6


================================================================================
2026-05-17 11:00:51,300 - INFO
================================================================================
RESPONSE/OUTPUT: revised_analysis_3_5

Revised Hypothesis: Within non-cardiomyocyte lineages that show significant entropy–Complexity coupling after adjusting for Purity and UMI Count, interface hub cells (high-entropy, reasonably pure) exhibit distinct transcriptional programs compared to non-hub cells, and these programs systematically differ between lineages with positive versus negative entropy–Complexity coupling (e.g., fibroblast/endothelial/endocardial vs EPDC/VSMC).

Revised Analysis Plan:
1. Aggregate the per-population hub vs non-hub differential expression results into a single table annotated with each lineage’s entropy–Complexity coupling sign (positive, negative, or neutral), ensuring that hub labels exactly match those used in the prior coupling and hub-status analyses (top 10% spatial entropy within top 70% Purity per population), and generate a text-only summary that (i) tallies genes recurrently upregulated in hubs within positive-coupling lineages versus negative-coupling lineages, (ii) identifies genes uniquely hub-upregulated in negative-coupling lineages (EPDC/VSMC) versus fibroblast/endothelial/endocardial lineages, and (iii) qualitatively classifies these hub programs into coarse functional modules (contractile/ion-handling, ECM/fibroblast, endothelial/vascular, developmental/signaling) to assess whether positive-coupling hubs display broader, multi-module activation compared with more specialized or distinct programs in inverse-coupling lineages.

Revised Code:
import numpy as np
import pandas as pd
import scanpy as sc

# This step assumes that:
#  - `adata` is in memory and `.X` contains log-normalized expression used in prior DE.
#  - `spatial_entropy_k20` and `hub_status_global_DE` were defined earlier using the
#    *same* hub definition as used for entropy–Complexity coupling:
#       top 10% of spatial entropy (spatial_entropy_k20) within the top 70% Purity
#       of each focal population (per-population 0.3 Purity quantile as floor).
#  - The coupling sign per lineage was derived from the prior regression/partial
#    correlation analysis of Complexity ~ entropy + Purity + UMI Count.

# Define coupling sign per lineage based on the earlier regression results:
#   positive  = hubs higher Complexity at fixed Purity & UMI
#   negative  = hubs lower  Complexity at fixed Purity & UMI
#   neutral   = weak/ambiguous or non-significant coupling
coupling_sign_map = {
    'vFibro': 'positive',
    'aFibro': 'positive',
    'adFibro': 'positive',
    'BEC': 'positive',
    'VEC': 'positive',
    'Pericyte': 'positive',
    'aEndocardial': 'positive',
    'vEndocardial': 'positive',
    'VIC': 'neutral',
    'EPDC': 'negative',
    'VSMC': 'negative',
}

focal_pops = list(coupling_sign_map.keys())

# Sanity checks
required_obs_cols = ['Populations', 'Purity', 'spatial_entropy_k20']
for col in required_obs_cols:
    if col not in adata.obs.columns:
        raise ValueError(f"Required column '{col}' not found in adata.obs; cannot proceed.")

# Ensure numeric typing for Purity and entropy
for col in ['Purity', 'spatial_entropy_k20']:
    adata.obs[col] = pd.to_numeric(adata.obs[col], errors='coerce')

# (Re)define per-population hub_status_global_DE *exactly matching* the earlier
# hub definition used for entropy–Complexity coupling: per-population top 10%
# spatial entropy within the top 70% Purity.
hub_status_global = pd.Series(np.nan, index=adata.obs.index, dtype=float)

for pop in focal_pops:
    pop_mask = adata.obs['Populations'] == pop
    n_pop = int(pop_mask.sum())
    if n_pop < 50:
        continue

    # Work within this population, drop NA in key metrics
    df_pop = adata.obs.loc[pop_mask, ['Purity', 'spatial_entropy_k20']].copy()
    df_pop = df_pop.dropna(subset=['Purity', 'spatial_entropy_k20'])
    if df_pop.shape[0] < 50:
        continue

    # Per-population purity floor (bottom 30% removed, i.e. retain top 70% Purity)
    purity_floor = df_pop['Purity'].quantile(0.3)
    high_purity_idx = df_pop.index[df_pop['Purity'] >= purity_floor]
    if len(high_purity_idx) < 40:
        continue

    # Within the retained high-purity cells, define hubs as top 10% of spatial entropy
    ent_vals = df_pop.loc[high_purity_idx, 'spatial_entropy_k20']
    if ent_vals.isna().all():
        continue
    entropy_thresh = ent_vals.quantile(0.9)
    hubs = ent_vals >= entropy_thresh

    hub_status_global.loc[high_purity_idx] = hubs.astype(int).values

adata.obs['hub_status_global_DE'] = hub_status_global

# Helper to extract a tidy hub-upregulated DE table from Scanpy rank_genes_groups

def extract_group_df(rgg_dict, group_label, top_n=200):
    names = pd.Series(rgg_dict['names'][group_label], dtype=str)
    if 'logfoldchanges' in rgg_dict:
        lfc = pd.Series(rgg_dict['logfoldchanges'][group_label], dtype=float)
    else:
        lfc = pd.Series(np.nan, index=names.index)
    scores = pd.Series(rgg_dict['scores'][group_label], dtype=float)
    pvals_adj = pd.Series(rgg_dict['pvals_adj'][group_label], dtype=float)
    # pts (fraction expressing in group) may or may not be present
    if 'pts' in rgg_dict and isinstance(rgg_dict['pts'], pd.DataFrame):
        pts = pd.Series(rgg_dict['pts'][group_label], dtype=float)
    else:
        pts = pd.Series(np.nan, index=names.index)

    df_out = pd.DataFrame({
        'gene': names.values,
        'logfoldchange': lfc.values,
        'score': scores.values,
        'pval_adj': pvals_adj.values,
        'pct_expressed_hub': pts.values,
    })

    # Keep genes that are genuinely hub-upregulated (positive logFC where available)
    if df_out['logfoldchange'].notna().any():
        df_out = df_out[df_out['logfoldchange'] > 0]
        df_out = df_out.sort_values(['logfoldchange', 'score'], ascending=[False, False])
    else:
        df_out = df_out.sort_values('score', ascending=False)

    return df_out.head(top_n).reset_index(drop=True)

# Run DE per population using the matched hub_status_global_DE and build a combined table
all_de_rows = []

for pop in focal_pops:
    pop_mask = (adata.obs['Populations'] == pop)
    n_pop = int(pop_mask.sum())
    if n_pop < 50:
        continue

    valid_mask = pop_mask & adata.obs['hub_status_global_DE'].notna()
    n_valid = int(valid_mask.sum())
    if n_valid < 30:
        continue

    adata_sub = adata[valid_mask].copy()

    # Hub status as categorical string for Scanpy
    adata_sub.obs['hub_status'] = adata_sub.obs['hub_status_global_DE'].astype(int).astype(str)
    if adata_sub.obs['hub_status'].nunique() < 2:
        continue

    sc.tl.rank_genes_groups(
        adata_sub,
        groupby='hub_status',
        method='wilcoxon',
        reference='rest',
        use_raw=False,
        n_genes=adata_sub.n_vars,
        pts=True,
    )

    rgg = adata_sub.uns['rank_genes_groups']
    groups = list(rgg['names'].dtype.names)
    if '1' not in groups:
        continue

    de_top = extract_group_df(rgg, group_label='1', top_n=200)
    de_top['Population'] = pop
    de_top['coupling_sign'] = coupling_sign_map.get(pop, 'unknown')
    all_de_rows.append(de_top)

if not all_de_rows:
    print("No DE results generated for focal populations; check hub assignments.")
else:
    de_all = pd.concat(all_de_rows, axis=0, ignore_index=True)

    # Filter for statistically significant hub-up genes (FDR < 0.05)
    sig = de_all[de_all['pval_adj'] < 0.05].copy()

    # Split by coupling sign
    pos_sig = sig[sig['coupling_sign'] == 'positive']
    neg_sig = sig[sig['coupling_sign'] == 'negative']
    neu_sig = sig[sig['coupling_sign'] == 'neutral']

    print("\n=== Hub-upregulated genes stratified by entropy–Complexity coupling sign ===\n")

    # 1) Genes recurrently hub-up in positive-coupling lineages
    if not pos_sig.empty:
        pos_counts = (
            pos_sig.groupby('gene')['Population']
            .nunique()
            .sort_values(ascending=False)
        )
        print("Genes most frequently hub-upregulated in positive-coupling lineages (top 20):")
        print(pos_counts.head(20).to_string())
    else:
        print("No significant hub-up genes detected in positive-coupling lineages.")

    # 2) Genes recurrently hub-up in negative-coupling lineages (EPDC/VSMC)
    if not neg_sig.empty:
        neg_counts = (
            neg_sig.groupby('gene')['Population']
            .nunique()
            .sort_values(ascending=False)
        )
        print("\nGenes most frequently hub-upregulated in negative-coupling lineages (EPDC/VSMC, top 20):")
        print(neg_counts.head(20).to_string())
    else:
        print("\nNo significant hub-up genes detected in negative-coupling lineages.")

    # 3) Identify genes unique to negative-coupling hubs vs those shared with positive-coupling hubs
    pos_genes = set(pos_sig['gene'].unique())
    neg_genes = set(neg_sig['gene'].unique())
    neg_unique = sorted(neg_genes - pos_genes)
    pos_unique = sorted(pos_genes - neg_genes)
    shared = sorted(pos_genes & neg_genes)

    print("\nCounts of hub-up genes by overlap class:")
    print(f"  Positive-only hub-up genes: {len(pos_unique)}")
    print(f"  Negative-only hub-up genes: {len(neg_unique)}")
    print(f"  Shared between positive and negative lineages: {len(shared)}")

    if neg_unique:
        print("\nExample negative-only hub-up genes (up to 20):")
        print("  " + ", ".join(neg_unique[:20]))
    if pos_unique:
        print("\nExample positive-only hub-up genes (up to 20):")
        print("  " + ", ".join(pos_unique[:20]))
    if shared:
        print("\nExample shared hub-up genes (up to 20):")
        print("  " + ", ".join(shared[:20]))

    # 4) Very coarse module classification of hub-up genes by hard-coded membership
    contractile_genes = {
        'MYH6', 'MYH7', 'DES', 'CASQ2', 'CKMT2', 'PLN', 'TNNT2', 'TTN', 'RYR2',
    }
    ecm_fibro_genes = {
        'FN1', 'FNDC1', 'COL15A1', 'COL26A1', 'DCN', 'FBLN2', 'FBLN5', 'ASPN', 'POSTN',
    }
    endothelial_genes = {
        'CLDN5', 'PECAM1', 'CD34', 'NOS3', 'PGF', 'NR2F2', 'GJA5', 'NPR3', 'CAV1', 'LYVE1',
    }
    dev_signaling_genes = {
        'DLK1', 'OSR1', 'TCF21', 'NKD2', 'RSPO3', 'FRZB', 'HEY1', 'SULF1', 'LBH', 'NDP',
    }

    def summarize_modules(sub_df, label):
        genes = set(sub_df['gene'].unique())
        print(f"\nModule-level presence in {label} hub-up genes:")
        print(f"  Contractile/ion-handling genes: {sorted(contractile_genes & genes)}")
        print(f"  ECM/fibroblast genes:          {sorted(ecm_fibro_genes & genes)}")
        print(f"  Endothelial/vascular genes:    {sorted(endothelial_genes & genes)}")
        print(f"  Developmental/signaling genes: {sorted(dev_signaling_genes & genes)}")

    if not pos_sig.empty:
        summarize_modules(pos_sig, 'positive-coupling lineages')
    if not neg_sig.empty:
        summarize_modules(neg_sig, 'negative-coupling lineages (EPDC/VSMC)')
    if not neu_sig.empty:
        summarize_modules(neu_sig, 'neutral-coupling lineages (e.g., VIC)')



================================================================================
2026-05-17 11:00:52,715 - INFO
================================================================================
RESPONSE/OUTPUT: step_execution_success_3_6

STEP 6 RAN SUCCESSFULLY - Analysis 3


================================================================================
2026-05-17 11:01:24,646 - INFO
================================================================================
RESPONSE/OUTPUT: results_interpretation_3_6

These results are very informative and generally supportive of the hypothesis, but they also highlight some subtleties you’ll want to unpack in the next steps.

Key takeaways for the hypothesis
--------------------------------

1. **There is a clear, lineage-stratified hub signature.**
   - You successfully enforced the same hub definition used for entropy–Complexity coupling, so the DE is conceptually aligned with the coupling analysis.
   - Both positive- and negative-coupling lineages yield sizeable sets of hub-upregulated genes with FDR < 0.05, meaning the “interface hub” concept is transcriptionally non-trivial in multiple lineages.

2. **Positive-coupling hubs show a recognizable “interface / multipotent fibro-vascular” program.**
   - Recurrently hub-up in positive-coupling lineages: `FN1`, `CXCL12`, `DCN`, `FBLN5`, `NR2F2`, `MYH6/7`, `TCF21`, `FNDC1`, `DLK1`, `LBH`, `CD34`, `MCAM`, `OSR1`, `NOTCH1`, `SOX9`, etc.
   - Your coarse module summary for positive-coupling hubs shows **representation across all four modules**:
     - Contractile/ion: `MYH6`, `MYH7`, `DES`
     - ECM/fibroblast: `ASPN`, `COL15A1`, `DCN`, `FBLN2`, `FBLN5`, `FN1`, `FNDC1`, `POSTN`
     - Endothelial/vascular: `CAV1`, `CD34`, `LYVE1`, `NPR3`, `NR2F2`
     - Developmental/signaling: `DLK1`, `LBH`, `NKD2`, `OSR1`, `SULF1`, `TCF21`
   - Conceptually, that matches “high-entropy, high-Complexity hubs” as **multi-module, interface-like cells** drawing from fibroblast, vascular, and developmental programs, rather than a single specialized axis.

3. **Negative-coupling hubs (EPDC/VSMC) are not “simpler”; they show strong, partly distinct programs.**
   - Recurrent negative-coupling hub genes include **both**:
     - ECM/vascular/EPDC-type genes: `ARHGAP18`, `ARHGAP29`, `ALDH1A2`, `CAV1`, `RGS5`, `COL15A1`, `CPE`, `CPNE3`, `COLEC11`
     - Clear contractile / ion-handling genes: `CASQ2`, `CKMT2`, `PLN`, plus `RYR2`, `TTN` from the module summary.
   - Module-level results for negative-coupling hubs show **broad coverage as well**:
     - Contractile/ion: `CASQ2`, `CKMT2`, `DES`, `MYH7`, `PLN`, `RYR2`, `TTN`
     - ECM/fibro: `ASPN`, `COL15A1`, `COL26A1`, `DCN`, `FBLN2`, `FBLN5`, `FNDC1`
     - Endothelial/vascular: `CAV1`, `CD34`, `CLDN5`, `GJA5`, `LYVE1`, `NOS3`, `NR2F2`, `PECAM1`, `PGF`
     - Developmental/signaling: `DLK1`, `FRZB`, `HEY1`, `LBH`, `NKD2`, `SULF1`, `TCF21`
   - So EPDC/VSMC hubs are not just “sharply specialized”; they too are **multi-module**, albeit with a different emphasis: more **VSMC-like contractile/ion-handling** (e.g. `CASQ2`, `PLN`, `RYR2`, `TTN`, `CKMT2`) and retinoic/TGF/Wnt-adjacent components (`ALDH1A2`, `ARHGAP18/29`, `FRZB`, `HEY1`).

4. **Overlap structure: negative hubs have many unique genes.**
   - Positive-only hub-up genes: 20
   - Negative-only hub-up genes: 104
   - Shared: 43
   - Examples:
     - **Positive-only**: `CXCL12`, `FN1`, `APOE`, `POSTN`, `NPR3`, `SOX9`, `TBX18`, `MYH6`, `VCAN`, `INHBA`
     - **Negative-only**: `ADM`, `ALDH1A2`, `ARHGAP18/29`, `ABCC9`, `BTG1`, `CD9`, `CLDN5`, `COL26A1`, `CASQ2`, `CKMT2`, `RGS5`
   - Many negative-only genes are quite **VSMC/EPDC/vascular/contractile signaling**; many positive-only genes are more **stromal / chemokine / interface** (`CXCL12`, `POSTN`, `NPR3`, `VCAN`).

   This supports the “systematically different” part of the hypothesis: the **content** of hub programs clearly differs between positive vs negative coupling lineages, even if both are multi-module in a coarse sense.

How this bears on the precise hypothesis
----------------------------------------

- The hypothesis predicts:
  1. Hub vs non-hub transcriptional differences within each lineage.
  2. Systematic differences in hub programs between lineages with **positive** vs **negative** entropy–Complexity coupling.
  3. Positive-coupling hubs having **broader, multi-module activation** versus more specialized programs in inverse-coupling lineages.

- From this step:
  - (1) is clearly met: both coupling classes have robust hub-up signatures.
  - (2) is partially validated: the **gene identities and emphasis** differ (e.g. `CXCL12/FN1/POSTN/NPR3` vs `ALDH1A2/ARHGAP18/29/ADM/CASQ2/CKMT2/RGS5`), with a substantial pool of negative-only genes (104).
  - (3) is **not clearly supported by the current coarse module counting**:
    - Both positive and negative hubs show presence across all four modules with this limited panel.
    - Negative hubs actually look **as or more multi-module** by this binary presence/absence summary.

  The most likely explanation is that with a 140-gene panel and hard-coded marker sets, “module breadth” by simple membership is too coarse: subtle quantitative balance within modules (e.g. contractile-heavy vs ECM-heavy vs endothelial-heavy) matters more than whether at least one gene from each category is present.

Promising directions for next steps
-----------------------------------

To move beyond these counts and more rigorously test the “broad multi-module vs specialized” aspect, I’d suggest:

1. **Quantify module *weights*, not just presence/absence, by coupling sign.**
   - For each module (contractile, ECM/fibro, endothelial, dev/signaling), compute:
     - Per-gene average logFC (hub vs non-hub) within each population.
     - Then per-module, per-population **mean or median logFC**.
   - Compare distributions of these module-level logFCs between:
     - Positive vs negative lineages (e.g., boxplots or violin plots).
   - Hypothesis-friendly signatures:
     - Positive-coupling hubs: more **balanced** activation across modules (module logFCs closer together).
     - Negative-coupling hubs: **skewed** activation (e.g., contractile/ion high, ECM/dev moderate, endothelial minimal or vice versa).

2. **Project modules at the single-cell level, stratified by hub status and coupling sign.**
   - Compute simple module scores per cell, using genes from your curated sets (or a slightly expanded set chosen from the DE results):
     - Example: `sc.tl.score_genes` for each module on `adata_sub`, then compare hub vs non-hub within each population.
   - Then summarize by coupling sign:
     - For positive-coupling lineages: do hubs show **simultaneous elevation** of multiple module scores?
     - For negative-coupling lineages: is there a **dominant module (e.g., contractile/VSMC)** with relatively weaker elevation of others?

3. **Use unsupervised structure within hub-upregulated genes separately for positive vs negative lineages.**
   - Take the union of hub-up genes in positive-coupling lineages, perform:
     - Hierarchical clustering or a PCA/tSNE/UMAP on hub cells only, restricted to these genes, to see whether hubs occupy a more **dispersed, multi-axis** space.
   - Repeat for negative-coupling lineages with their hub-up genes.
   - Compare:
     - Positive hubs might show **multiple correlated axes** (fibroblast–endothelial–developmental mixture).
     - Negative hubs might organize around one or two axes (e.g., VSMC contractile vs EPDC signaling), or vice versa. This will clarify whether “interface hub” in positive-coupling lineages truly reflects greater transcriptional complexity in a biological sense.

4. **Refine the functional annotation while staying distinct from the paper.**
   - Without external databases, you can still extend the module classification:
     - Utilize the **existing panel**: cluster genes by coexpression across all hubs, then label clusters as contractile-like, ECM-like, endothelial-like, developmental-like based on known cardiac markers already in the panel.
     - Then, for each lineage and coupling sign, calculate enrichment of cluster-specific scores in hubs vs non-hubs.
   - This could reveal that, for instance, negative-coupling EPDC/VSMC hubs are particularly enriched for one “VSMC-contractile” cluster plus a “vascular signaling” cluster, whereas positive-coupling hubs spread their weight across several more diverse clusters.

5. **Population-level structure of hub programs.**
   - Using your `sig` table, build a gene × population matrix of hub-upregulated (e.g., indicator or mean logFC).
   - Run hierarchical clustering on populations and genes:
     - Do positive-coupling lineages (vFibro/aFibro/adFibro/BEC/VEC/Pericyte/aEndocardial/vEndocardial) cluster together by hub program?
     - Do EPDC and VSMC hub programs cluster apart, and are they defined by the negative-only genes like `ARHGAP18`, `ALDH1A2`, `ADM`, `CASQ2`, `CKMT2`, `RGS5`?
   - This addresses the “systematically differ between lineages” part in a more global way than individual gene counts.

6. **Check whether hub-upregulation correlates with Complexity at single-cell level.**
   - For each population, correlate:
     - Complexity residual (after Purity/UMI) with expression of key hub markers (e.g., `CXCL12`, `FN1`, `POSTN`, `NR2F2` for positive; `ALDH1A2`, `ARHGAP18/29`, `CASQ2`, `CKMT2`, `RGS5` for negative).
   - In **positive-coupling** lineages, hub markers should correlate positively with Complexity residual; in **negative-coupling** lineages, the direction may be reversed for their distinctive markers.
   - This directly links the DE signature to the earlier coupling regression rather than relying solely on the hub label.

7. **Spatial context of hub programs, stratified by coupling sign.**
   - While your current step is non-spatial, the hypothesis is about interface hubs; it would be informative (in a separate step) to:
     - Map the expression of positive-only vs negative-only hub-up genes on the spatial coordinates within their respective lineages.
   - This can test whether positive-coupling hubs marked by genes like `CXCL12`, `FN1`, `POSTN`, `NPR3` sit at **multicellular interfaces** (fibroblast–endothelial–endocardial boundaries) versus EPDC/VSMC hubs expressing `ALDH1A2/ARHGAP18/29/CASQ2/CKMT2` being **perivascular or outer-layer–biased**.

Caveats and refinements
-----------------------

- The panel is limited and biased toward cardiac and vascular markers; both positive and negative lineages will inevitably hit all four coarse modules once you union enough hub-up genes. So the **binary presence/absence** module summary is too blunt to support or refute “broader, multi-module activation”.
- Your module definition is hard-coded and fixed; a more data-driven clustering of genes within this panel will allow a subtler distinction of hub programs.
- The current step is cross-population aggregation of hub-up genes; when you want to argue about “broad vs specialized,” it’s important to **normalize by panel size and per-gene detectability** and to compare distributions of module scores, not just membership.

Summary
-------

- The analysis validates that hubs in both positive- and negative-coupling lineages are transcriptionally distinct from non-hubs and that their programs **systematically differ in content**, with many negative-only vs positive-only hub genes.
- It does **not yet cleanly demonstrate** that positive-coupling hubs have broader multi-module activation; current module summaries show broad coverage for both.
- Next steps should focus on **quantitative module weighting, data-driven gene-module definitions, and single-cell-level module scores and clustering** split by coupling sign, to more rigorously test the “multi-module vs specialized” component of the hypothesis and to relate these hub signatures back to Complexity residuals and spatial interfaces.


================================================================================
2026-05-17 11:01:24,659 - INFO
================================================================================
RESPONSE/OUTPUT: analysis_complete

ANALYSIS 3 COMPLETED - Notebook saved to: /home/mingqiam/TissueAgent/data/cellvoyager_agent/run_20260517_142509/outputs/farah_recovery_20260517_102514/farah_recovery_analysis_3.ipynb
